Sales,Quantity,Discount,Profit,Profit Margin (%),Ship_Duration,Region,Segment,Category,Sub_Category,Ship_Mode,Month,Weekday,Log_Sales,High_Discount,Month_Num,Weekday_Num,SubCat_ProfRate,Profitable
261.96,2,0.0,41.9136,16.000000000000004,3,South,Consumer,Furniture,Bookcases,Second Class,November,Tuesday,5.572001929355964,0,11,2,0.5263157894736842,1
731.94,3,0.0,219.582,30.0,3,South,Consumer,Furniture,Chairs,Second Class,November,Tuesday,6.597063843147503,0,11,2,0.6042154566744731,1
14.62,2,0.0,6.8714,47.0,4,West,Corporate,Office Supplies,Labels,Second Class,June,Sunday,2.7485521444115397,0,6,7,1.0,1
957.58,5,0.45,-383.031,-39.99989557008291,7,South,Consumer,Furniture,Tables,Standard Class,October,Sunday,6.86545302274823,1,10,7,0.3627906976744186,0
22.37,2,0.2,2.5164,11.248994188645508,7,South,Consumer,Office Supplies,Storage,Standard Class,October,Sunday,3.1514531485507664,0,10,7,0.7795698924731183,1
48.86,7,0.0,14.1694,28.999999999999996,5,West,Consumer,Furniture,Furnishings,Standard Class,June,Monday,3.9092190780954117,0,6,1,0.8065522620904836,1
7.28,4,0.0,1.9656,27.0,5,West,Consumer,Office Supplies,Art,Standard Class,June,Monday,2.1138429683971687,0,6,1,1.0,1
907.15,6,0.2,90.7152,10.000022047070495,5,West,Consumer,Technology,Phones,Standard Class,June,Monday,6.811409563195452,0,6,1,0.8521008403361344,1
18.5,3,0.2,5.7825,31.256756756756754,5,West,Consumer,Office Supplies,Binders,Standard Class,June,Monday,2.970414465569701,0,6,1,0.6011730205278593,1
114.9,5,0.0,34.47,30.0,5,West,Consumer,Office Supplies,Appliances,Standard Class,June,Monday,4.752727750345706,0,6,1,0.867109634551495,1
1706.18,9,0.2,85.3092,5.000011722092628,5,West,Consumer,Furniture,Tables,Standard Class,June,Monday,7.442598165389832,0,6,1,0.3627906976744186,1
911.42,4,0.2,68.3568,7.5000329156700545,5,West,Consumer,Technology,Phones,Standard Class,June,Monday,6.816100410380423,0,6,1,0.8521008403361344,1
407.98,3,0.2,132.5922,32.49968135692926,5,West,Consumer,Office Supplies,Binders,Standard Class,December,Monday,6.013666255091668,0,12,1,0.6011730205278593,1
68.81,5,0.8,-123.858,-180.0,4,Central,Home Office,Office Supplies,Appliances,Standard Class,November,Sunday,4.24577726598231,1,11,7,0.867109634551495,0
2.54,3,0.8,-3.816,-150.23622047244095,4,Central,Home Office,Office Supplies,Binders,Standard Class,November,Sunday,1.264126727145683,1,11,7,0.6011730205278593,0
665.88,6,0.0,13.3176,2.0,7,Central,Consumer,Office Supplies,Storage,Standard Class,November,Tuesday,6.502610119684893,0,11,2,0.7795698924731183,1
55.5,2,0.0,9.99,18.0,2,West,Consumer,Office Supplies,Storage,Second Class,May,Tuesday,4.034240638152395,0,5,2,0.7795698924731183,1
8.56,2,0.0,2.4824,28.999999999999996,5,West,Consumer,Office Supplies,Art,Second Class,August,Wednesday,2.25758772706331,0,8,3,1.0,1
213.48,3,0.2,16.011,7.5,5,West,Consumer,Technology,Phones,Second Class,August,Wednesday,5.3682164939277035,0,8,3,0.8521008403361344,1
22.72,4,0.2,7.384,32.5,5,West,Consumer,Office Supplies,Binders,Second Class,August,Wednesday,3.1663185741295248,0,8,3,0.6011730205278593,1
19.46,7,0.0,5.0596,25.999999999999996,4,Central,Corporate,Office Supplies,Art,Standard Class,December,Friday,3.0184717605234805,0,12,5,1.0,1
60.34,7,0.0,15.6884,25.999999999999996,4,Central,Corporate,Office Supplies,Appliances,Standard Class,December,Friday,4.116432158686106,0,12,5,0.867109634551495,1
1044.63,3,0.0,240.2649,23.0,5,West,Consumer,Furniture,Tables,Standard Class,September,Friday,6.952374853558705,0,9,5,0.3627906976744186,1
11.65,2,0.2,4.2224,36.243776824034335,4,West,Consumer,Office Supplies,Binders,Second Class,January,Saturday,2.5376572151735295,0,1,6,0.6011730205278593,1
90.57,3,0.0,11.7741,13.0,4,West,Consumer,Technology,Accessories,Second Class,January,Saturday,4.517103707119641,0,1,6,0.872,1
3083.43,7,0.5,-1665.0522,-54.0,4,East,Consumer,Furniture,Bookcases,Standard Class,September,Thursday,8.034122154276439,1,9,4,0.5263157894736842,0
9.62,2,0.7,-7.0532,-73.31808731808734,4,East,Consumer,Office Supplies,Binders,Standard Class,September,Thursday,2.362739015813793,1,9,4,0.6011730205278593,0
124.2,3,0.2,15.525,12.5,4,East,Consumer,Furniture,Furnishings,Standard Class,September,Thursday,4.829912458665998,0,9,4,0.8065522620904836,1
3.26,2,0.2,1.1016,33.79141104294479,4,East,Consumer,Office Supplies,Envelopes,Standard Class,September,Thursday,1.449269160281279,0,9,4,1.0,1
86.3,6,0.2,9.7092,11.250521436848203,4,East,Consumer,Office Supplies,Art,Standard Class,September,Thursday,4.469350462845557,0,9,4,1.0,1
6.86,6,0.7,-5.715,-83.30903790087463,4,East,Consumer,Office Supplies,Binders,Standard Class,September,Thursday,2.061786606441115,1,9,4,0.6011730205278593,0
15.76,2,0.2,3.546,22.499999999999996,4,East,Consumer,Office Supplies,Art,Standard Class,September,Thursday,2.818995095053937,0,9,4,1.0,1
1097.54,7,0.2,123.4737,11.25004100078357,2,Central,Corporate,Technology,Phones,First Class,December,Thursday,7.001737304452568,0,12,4,0.8521008403361344,1
190.92,5,0.6,-147.963,-77.5,2,Central,Corporate,Furniture,Furnishings,First Class,December,Thursday,5.257078618531439,1,12,4,0.8065522620904836,0
113.33,9,0.2,35.415,31.249448513191563,4,Central,Home Office,Office Supplies,Envelopes,Standard Class,December,Sunday,4.739089003553879,0,12,7,1.0,1
532.4,3,0.32,-46.9764,-8.82351615326822,4,Central,Home Office,Furniture,Bookcases,Standard Class,December,Sunday,6.279271611747914,1,12,7,0.5263157894736842,0
212.06,3,0.3,-15.147,-7.142789776478355,4,Central,Home Office,Furniture,Chairs,Standard Class,December,Sunday,5.361573816183052,1,12,7,0.6042154566744731,0
371.17,4,0.2,41.7564,11.249939380876686,4,Central,Home Office,Technology,Phones,Standard Class,December,Sunday,5.919350739132674,0,12,7,0.8521008403361344,1
77.88,2,0.0,3.894,5.0,5,West,Corporate,Office Supplies,Storage,Standard Class,July,Sunday,4.36792771029438,0,7,7,0.7795698924731183,1
45.98,2,0.0,19.7714,43.00000000000001,2,Central,Corporate,Technology,Accessories,First Class,March,Friday,3.849721979230767,0,3,5,0.872,1
17.46,2,0.0,8.2062,47.0,2,Central,Corporate,Office Supplies,Binders,First Class,March,Friday,2.9156062290747062,0,3,5,0.6011730205278593,1
211.96,4,0.0,8.4784,4.0,5,Central,Consumer,Office Supplies,Storage,Second Class,October,Monday,5.361104354646802,0,10,1,0.7795698924731183,1
45.0,3,0.0,4.95,11.0,5,East,Consumer,Technology,Accessories,Standard Class,June,Monday,3.828641396489095,0,6,1,0.872,1
21.8,2,0.0,6.104,27.999999999999996,5,East,Consumer,Technology,Phones,Standard Class,June,Monday,3.126760535960395,0,6,1,0.8521008403361344,1
38.22,6,0.0,17.9634,47.0,4,Central,Consumer,Office Supplies,Binders,Standard Class,April,Saturday,3.6691868207682004,0,4,6,0.6011730205278593,1
75.18,6,0.0,35.3346,47.0,4,Central,Consumer,Office Supplies,Labels,Standard Class,April,Saturday,4.333098961050458,0,4,6,1.0,1
6.16,2,0.0,2.9568,48.0,4,Central,Consumer,Furniture,Furnishings,Standard Class,April,Saturday,1.9685099809725544,0,4,6,0.8065522620904836,1
89.99,1,0.0,17.0981,19.0,4,Central,Consumer,Furniture,Chairs,Standard Class,April,Saturday,4.5107496103686,0,4,6,0.6042154566744731,1
15.26,7,0.0,6.2566,41.0,6,East,Corporate,Office Supplies,Fasteners,Standard Class,December,Sunday,2.7887081041196646,0,12,7,0.9019607843137255,1
1029.95,5,0.0,298.6855,28.999999999999996,6,East,Corporate,Technology,Phones,Standard Class,December,Sunday,6.938235986235724,0,12,7,0.8521008403361344,1
208.56,6,0.0,52.14,25.0,1,East,Consumer,Office Supplies,Storage,First Class,June,Friday,5.345010094540019,0,6,5,0.7795698924731183,1
32.4,5,0.0,15.552,48.0,1,East,Consumer,Office Supplies,Paper,First Class,June,Friday,3.5085558999826545,0,6,5,1.0,1
319.41,5,0.1,7.098,2.222222222222222,1,East,Consumer,Furniture,Chairs,First Class,June,Friday,5.769601425693419,0,6,5,0.6042154566744731,1
14.56,2,0.0,6.9888,48.0,1,East,Consumer,Office Supplies,Paper,First Class,June,Friday,2.7447035187502458,0,6,5,1.0,1
30.0,2,0.0,3.3,11.0,1,East,Consumer,Technology,Accessories,First Class,June,Friday,3.4339872044851463,0,6,5,0.872,1
48.48,4,0.2,16.362,33.75,1,East,Consumer,Office Supplies,Binders,First Class,June,Friday,3.901568547524287,0,6,5,0.6011730205278593,1
1.68,1,0.0,0.84,50.0,1,East,Consumer,Office Supplies,Art,First Class,June,Friday,0.9858167945227653,0,6,5,1.0,1
13.98,2,0.0,6.1512,44.0,6,West,Consumer,Technology,Accessories,Standard Class,November,Tuesday,2.7067159780890733,0,11,2,0.872,1
25.82,6,0.2,9.3612,36.2556158017041,6,West,Consumer,Office Supplies,Binders,Standard Class,November,Tuesday,3.2891478778535324,0,11,2,0.6011730205278593,1
146.73,3,0.0,68.9631,47.0,6,West,Consumer,Office Supplies,Paper,Standard Class,November,Tuesday,4.9953862833335165,0,11,2,1.0,1
79.76,4,0.0,22.3328,27.999999999999996,6,West,Consumer,Furniture,Furnishings,Standard Class,November,Tuesday,4.391481793444637,0,11,2,0.8065522620904836,1
213.12,5,0.3,-15.2225,-7.142689564564564,5,Central,Home Office,Furniture,Chairs,Standard Class,April,Thursday,5.36653660552518,1,4,4,0.6042154566744731,0
1113.02,8,0.2,111.3024,10.000035938258073,5,West,Corporate,Office Supplies,Art,Standard Class,December,Friday,7.015730373647435,0,12,5,1.0,1
167.97,4,0.2,62.988,37.49955349169495,5,West,Corporate,Technology,Phones,Standard Class,December,Friday,5.129721184372558,0,12,5,0.8521008403361344,1
75.88,2,0.0,35.6636,47.00000000000001,2,South,Consumer,Office Supplies,Paper,First Class,June,Saturday,4.342245764662037,0,6,6,1.0,1
4.62,1,0.2,1.731,37.467532467532465,5,East,Consumer,Office Supplies,Binders,Standard Class,September,Sunday,1.7263316639055997,0,9,7,0.6011730205278593,1
831.94,8,0.2,-114.3912,-13.74993388946318,6,South,Consumer,Furniture,Chairs,Standard Class,April,Sunday,6.7249616107611185,0,4,7,0.6042154566744731,0
97.04,2,0.2,1.213,1.25,6,South,Consumer,Furniture,Furnishings,Standard Class,April,Sunday,4.585375558659912,0,4,7,0.8065522620904836,1
72.78,1,0.2,-18.196,-25.00137400384721,6,South,Consumer,Office Supplies,Storage,Standard Class,April,Sunday,4.3010876921685295,0,4,7,0.7795698924731183,0
19.3,5,0.6,-14.475,-75.0,5,Central,Consumer,Furniture,Furnishings,Second Class,November,Wednesday,3.0106208860477417,1,11,3,0.8065522620904836,0
208.16,1,0.0,56.2032,27.0,3,South,Corporate,Office Supplies,Appliances,First Class,June,Sunday,5.34309950931993,0,6,7,0.867109634551495,1
16.74,3,0.0,8.0352,48.00000000000001,3,South,Corporate,Office Supplies,Binders,First Class,June,Sunday,2.8758219768814333,0,6,7,0.6011730205278593,1
14.9,5,0.0,4.172,27.999999999999996,4,West,Consumer,Office Supplies,Art,Standard Class,October,Sunday,2.766319109226186,0,10,7,1.0,1
21.39,1,0.0,6.2031,28.999999999999996,4,West,Consumer,Office Supplies,Storage,Standard Class,October,Sunday,3.1086144306106633,0,10,7,0.7795698924731183,1
200.98,7,0.2,62.8075,31.25062195243308,5,South,Corporate,Office Supplies,Envelopes,Standard Class,September,Thursday,5.308168682598411,0,9,4,1.0,1
158.37,7,0.2,13.8572,8.749889499273852,5,Central,Home Office,Office Supplies,Storage,Second Class,April,Tuesday,5.071228542871542,0,4,2,0.7795698924731183,1
20.1,3,0.0,6.633,32.99999999999999,5,West,Corporate,Office Supplies,Art,Standard Class,September,Saturday,3.0492730404820207,0,9,6,1.0,1
73.58,2,0.2,8.2782,11.250611579233489,5,West,Corporate,Technology,Phones,Standard Class,September,Saturday,4.311872374750675,0,9,6,0.8521008403361344,1
6.48,1,0.0,3.1104,47.99999999999999,5,West,Corporate,Office Supplies,Paper,Standard Class,September,Saturday,2.012232791986386,0,9,6,1.0,1
12.96,2,0.0,6.2208,47.99999999999999,5,Central,Consumer,Office Supplies,Paper,Second Class,January,Saturday,2.6361960973342264,0,1,6,1.0,1
53.34,3,0.0,16.5354,30.999999999999993,5,Central,Consumer,Furniture,Furnishings,Second Class,January,Saturday,3.9952606039982017,0,1,6,0.8065522620904836,1
32.96,2,0.0,16.1504,49.00000000000001,5,Central,Consumer,Office Supplies,Binders,Second Class,January,Saturday,3.5251833614431467,0,1,6,0.6011730205278593,1
77.88,6,0.0,22.5852,29.000000000000004,5,Central,Corporate,Office Supplies,Appliances,Standard Class,September,Tuesday,4.36792771029438,0,9,2,0.867109634551495,1
64.62,7,0.2,22.6184,35.00216651191582,4,Central,Home Office,Office Supplies,Paper,Standard Class,August,Monday,4.183880527532955,0,8,1,1.0,1
95.98,3,0.2,-10.7973,-11.2495311523234,4,Central,Home Office,Technology,Accessories,Standard Class,August,Monday,4.574504771677206,0,8,1,0.872,0
1.79,3,0.8,-3.0396,-169.81005586592178,4,Central,Home Office,Office Supplies,Binders,Standard Class,August,Monday,1.0260415958332743,1,8,1,0.6011730205278593,0
23.92,4,0.0,11.7208,49.0,3,Central,Consumer,Office Supplies,Paper,Second Class,December,Thursday,3.2156706939192525,0,12,4,1.0,1
238.9,6,0.2,-26.8758,-11.249811636668063,4,West,Consumer,Technology,Accessories,Standard Class,November,Friday,5.480222169845649,0,11,5,0.872,0
102.36,3,0.2,-3.8385,-3.75,4,West,Consumer,Furniture,Furnishings,Standard Class,November,Friday,4.638218040034292,0,11,5,0.8065522620904836,0
36.88,3,0.7,-25.8174,-70.00379609544468,4,West,Consumer,Office Supplies,Binders,Standard Class,November,Friday,3.6344232683178777,1,11,5,0.6011730205278593,0
339.96,5,0.2,67.992,20.000000000000004,5,Central,Home Office,Technology,Accessories,Standard Class,October,Thursday,5.831765168350307,0,10,4,0.872,1
75.96,2,0.0,22.788,30.000000000000004,7,Central,Consumer,Office Supplies,Art,Standard Class,November,Thursday,4.343285806357451,0,11,4,1.0,1
27.24,6,0.0,13.3476,49.00000000000001,7,Central,Consumer,Office Supplies,Binders,Standard Class,November,Thursday,3.3407394126250414,0,11,4,0.6011730205278593,1
40.1,14,0.2,14.5348,36.24638403990025,2,East,Consumer,Office Supplies,Fasteners,Second Class,August,Monday,3.716008121502189,0,8,1,0.9019607843137255,1
4.72,2,0.2,1.652,35.0,2,East,Consumer,Office Supplies,Envelopes,Second Class,August,Monday,1.7439688053917064,0,8,1,1.0,1
23.98,3,0.2,7.4925,31.244787322768975,2,East,Consumer,Office Supplies,Paper,Second Class,August,Monday,3.2180755046974316,0,8,1,1.0,1
130.46,6,0.2,44.0316,33.75103479993867,2,East,Consumer,Office Supplies,Envelopes,Second Class,August,Monday,4.87870262283543,0,8,1,1.0,1
787.53,3,0.0,165.3813,21.000000000000004,4,West,Consumer,Furniture,Tables,Standard Class,March,Monday,6.670170452603868,0,3,1,0.3627906976744186,1
157.79,1,0.7,-115.7156,-73.33519234425502,5,South,Corporate,Office Supplies,Binders,Standard Class,April,Sunday,5.067582574538005,1,4,7,0.6011730205278593,0
47.04,3,0.0,18.3456,39.0,3,East,Consumer,Furniture,Furnishings,First Class,June,Sunday,3.872033997211783,0,6,7,0.8065522620904836,1
30.84,4,0.0,13.878,45.0,3,East,Consumer,Office Supplies,Binders,First Class,June,Sunday,3.460723360976182,0,6,7,0.6011730205278593,1
226.56,6,0.0,63.4368,27.999999999999996,3,East,Consumer,Office Supplies,Storage,First Class,June,Sunday,5.427413939882447,0,6,7,0.7795698924731183,1
115.02,9,0.0,51.759,45.0,3,East,Consumer,Office Supplies,Envelopes,First Class,June,Sunday,4.753762590037918,0,6,7,1.0,1
68.04,7,0.0,19.7316,28.999999999999996,3,East,Consumer,Technology,Phones,First Class,June,Sunday,4.234686046775173,0,6,7,0.8521008403361344,1
600.56,3,0.3,-8.5794,-1.428566671106967,2,Central,Home Office,Furniture,Chairs,Second Class,December,Friday,6.399526281063412,1,12,5,0.6042154566744731,0
617.7,6,0.5,-407.682,-66.0,5,Central,Consumer,Furniture,Tables,Standard Class,September,Saturday,6.427620502536943,1,9,6,0.3627906976744186,0
81.42,2,0.2,-9.1602,-11.250552689756816,4,West,Home Office,Furniture,Chairs,Second Class,November,Sunday,4.411828125910671,0,11,7,0.6042154566744731,0
238.56,3,0.0,26.2416,10.999999999999998,4,West,Home Office,Furniture,Furnishings,Second Class,November,Sunday,5.478803907396261,0,11,7,0.8065522620904836,1
20.04,3,0.0,9.6192,48.0,6,West,Consumer,Office Supplies,Paper,Standard Class,October,Thursday,3.046425387869509,0,10,4,1.0,1
35.44,1,0.0,16.6568,47.0,6,West,Consumer,Office Supplies,Paper,Standard Class,October,Thursday,3.5956670723917576,0,10,4,1.0,1
11.52,4,0.0,3.456,30.0,6,West,Consumer,Office Supplies,Art,Standard Class,October,Thursday,2.5273273656719524,0,10,4,1.0,1
4.02,2,0.0,1.9698,49.00000000000001,6,West,Consumer,Office Supplies,Fasteners,Standard Class,October,Thursday,1.6134299337036377,0,10,4,0.9019607843137255,1
76.18,3,0.2,26.6616,34.998162247309,6,West,Consumer,Office Supplies,Binders,Standard Class,October,Thursday,4.346140356109473,0,10,4,0.6011730205278593,1
65.88,6,0.0,18.4464,28.000000000000004,6,West,Consumer,Office Supplies,Supplies,Standard Class,October,Thursday,4.202899968776446,0,10,4,0.816793893129771,1
43.12,14,0.0,20.6976,48.00000000000001,6,West,Consumer,Furniture,Furnishings,Standard Class,October,Thursday,3.786913194385302,0,10,4,0.8065522620904836,1
82.8,2,0.2,10.35,12.5,2,East,Corporate,Furniture,Furnishings,Second Class,September,Monday,4.428433007488037,0,9,1,0.8065522620904836,1
671.93,7,0.0,20.1579,3.0000000000000004,5,West,Consumer,Office Supplies,Storage,Standard Class,September,Monday,6.511641312348043,0,9,1,0.7795698924731183,1
93.89,4,0.2,12.9096,13.74970710405794,6,East,Home Office,Furniture,Furnishings,Standard Class,October,Wednesday,4.552718325985667,0,10,3,0.8065522620904836,1
384.45,11,0.0,103.8015,27.0,4,Central,Corporate,Technology,Phones,Standard Class,December,Monday,5.954411482905271,0,12,1,0.8521008403361344,1
149.97,3,0.0,5.9988,4.0,4,Central,Corporate,Technology,Phones,Standard Class,December,Monday,5.017081141579645,0,12,1,0.8521008403361344,1
1951.84,8,0.0,585.552,30.000000000000004,4,Central,Corporate,Furniture,Chairs,Standard Class,December,Monday,7.577040002277407,0,12,1,0.6042154566744731,1
171.55,5,0.0,80.6285,47.0,4,Central,Corporate,Office Supplies,Binders,Standard Class,December,Monday,5.150687049544013,0,12,1,0.6011730205278593,1
157.92,5,0.2,17.766,11.25,3,West,Home Office,Office Supplies,Appliances,First Class,March,Sunday,5.068400930946398,0,3,7,0.867109634551495,1
203.18,2,0.2,15.2388,7.500147652327985,3,West,Home Office,Technology,Phones,First Class,March,Sunday,5.31900195774087,0,3,7,0.8521008403361344,1
58.38,7,0.0,26.271,45.0,2,West,Corporate,Office Supplies,Paper,First Class,May,Sunday,4.083957469335614,0,5,7,1.0,1
105.52,4,0.0,48.5392,46.0,2,West,Corporate,Office Supplies,Paper,First Class,May,Sunday,4.668332760945732,0,5,7,1.0,1
80.88,6,0.0,21.0288,26.0,2,West,Corporate,Office Supplies,Storage,First Class,May,Sunday,4.405254760793088,0,5,7,0.7795698924731183,1
6.63,3,0.0,1.7901,27.0,6,West,Home Office,Office Supplies,Art,Standard Class,May,Thursday,2.0320878452963655,0,5,4,1.0,1
457.57,2,0.2,51.4764,11.249950827195839,5,West,Consumer,Furniture,Chairs,Second Class,March,Saturday,6.128112951799098,0,3,6,0.6042154566744731,1
14.62,2,0.0,6.8714,47.0,4,Central,Consumer,Office Supplies,Labels,Standard Class,November,Sunday,2.7485521444115397,0,11,7,1.0,1
944.93,7,0.0,236.2325,25.0,4,Central,Consumer,Technology,Phones,Standard Class,November,Sunday,6.852168570542386,0,11,7,0.8521008403361344,1
5.98,1,0.0,2.691,44.99999999999999,1,West,Consumer,Office Supplies,Paper,First Class,May,Wednesday,1.9430489167742813,0,5,3,1.0,1
54.38,2,0.2,1.3596,2.5001838911364467,3,East,Consumer,Technology,Accessories,Second Class,December,Monday,4.014218517742816,0,12,1,0.872,1
28.4,5,0.0,13.348,47.0,4,West,Consumer,Office Supplies,Envelopes,Standard Class,November,Wednesday,3.380994674344636,0,11,3,1.0,1
27.68,2,0.2,9.688,35.0,4,West,Consumer,Office Supplies,Binders,Standard Class,November,Monday,3.3562000157314196,0,11,1,0.6011730205278593,1
9.94,3,0.2,2.7324,27.48893360160966,4,Central,Consumer,Office Supplies,Art,Standard Class,September,Monday,2.392425796993835,0,9,1,1.0,1
8159.95,8,0.4,-1359.992,-16.66667075165902,4,Central,Consumer,Technology,Machines,Standard Class,September,Monday,9.007115862750315,1,9,1,0.5975609756097561,0
275.93,3,0.2,-58.6347,-21.249845975428553,4,Central,Consumer,Office Supplies,Storage,Standard Class,September,Monday,5.62376476667017,0,9,1,0.7795698924731183,0
1740.06,9,0.3,-24.858,-1.4285714285714286,4,Central,Consumer,Furniture,Chairs,Standard Class,September,Monday,7.462249402126681,1,9,1,0.6042154566744731,0
32.06,6,0.2,6.8136,21.25265127885215,4,Central,Consumer,Office Supplies,Art,Standard Class,September,Monday,3.498324092392878,0,9,1,1.0,1
177.98,5,0.8,-453.849,-255.00000000000003,4,Central,Consumer,Office Supplies,Appliances,Standard Class,September,Monday,5.1872740677547124,1,9,1,0.867109634551495,0
143.98,3,0.2,8.9985,6.249826364772885,4,Central,Consumer,Technology,Phones,Standard Class,September,Monday,4.976595801872731,0,9,1,0.8521008403361344,1
20.94,3,0.0,9.8418,46.99999999999999,4,West,Consumer,Office Supplies,Paper,Standard Class,August,Tuesday,3.088311454847084,0,8,2,1.0,1
110.96,2,0.0,53.2608,48.00000000000001,4,West,Consumer,Office Supplies,Paper,Standard Class,August,Tuesday,4.718141664647253,0,8,2,1.0,1
340.14,7,0.2,21.259,6.25007349914741,4,West,Consumer,Furniture,Chairs,Standard Class,August,Tuesday,5.832292950212727,0,8,2,0.6042154566744731,1
52.45,2,0.8,-131.12,-249.9904671115348,5,Central,Corporate,Office Supplies,Appliances,Standard Class,September,Sunday,3.9787466374710543,1,9,7,0.867109634551495,0
20.16,4,0.2,6.552,32.49999999999999,5,Central,Corporate,Office Supplies,Labels,Standard Class,September,Sunday,3.052112606990099,0,9,7,1.0,1
396.8,7,0.3,-11.3372,-2.857157258064516,2,East,Consumer,Furniture,Chairs,Second Class,November,Saturday,5.985949366419872,1,11,6,0.6042154566744731,0
15.88,5,0.2,-3.7715,-23.75,2,East,Consumer,Office Supplies,Supplies,Second Class,November,Saturday,2.826129489167811,0,11,6,0.816793893129771,0
3.28,1,0.0,1.4104,43.00000000000001,4,East,Home Office,Office Supplies,Art,Standard Class,December,Tuesday,1.4539530095937052,0,12,2,1.0,1
24.82,2,0.2,1.8612,7.498791297340854,4,Central,Corporate,Office Supplies,Storage,Second Class,December,Friday,3.2511493854184965,0,12,5,0.7795698924731183,1
408.74,7,0.2,76.6395,18.7501834907276,4,Central,Corporate,Technology,Accessories,Second Class,December,Friday,6.015522812201053,0,12,5,0.872,1
503.96,4,0.0,131.0296,26.0,5,South,Home Office,Technology,Phones,Second Class,November,Wednesday,6.224479218217454,0,11,3,0.8521008403361344,1
149.95,5,0.0,41.986,28.000000000000004,5,South,Home Office,Technology,Phones,Second Class,November,Wednesday,5.016948656152848,0,11,3,0.8521008403361344,1
29.0,2,0.0,7.25,25.0,5,South,Home Office,Technology,Accessories,Second Class,November,Wednesday,3.4011973816621555,0,11,3,0.872,1
7.16,2,0.0,3.4368,48.0,4,East,Consumer,Office Supplies,Binders,Standard Class,November,Monday,2.0992441689760155,0,11,1,0.6011730205278593,1
176.8,8,0.0,22.984,13.0,4,West,Home Office,Technology,Accessories,Standard Class,August,Tuesday,5.180659323079804,0,8,2,0.872,1
37.22,3,0.2,3.7224,10.00107469102633,6,Central,Corporate,Office Supplies,Storage,Standard Class,July,Saturday,3.643358938812127,0,7,6,0.7795698924731183,1
20.02,3,0.2,6.255,31.243756243756245,6,Central,Corporate,Office Supplies,Paper,Standard Class,July,Saturday,3.045474365448805,0,7,6,1.0,1
899.14,4,0.2,112.392,12.499944391307249,2,East,Home Office,Furniture,Bookcases,First Class,October,Monday,6.802550306782355,0,10,1,0.5263157894736842,1
71.76,6,0.0,20.0928,27.999999999999996,2,East,Home Office,Technology,Phones,First Class,October,Monday,4.287166353649922,0,10,1,0.8521008403361344,1
51.84,8,0.0,24.8832,47.99999999999999,2,East,Home Office,Office Supplies,Paper,First Class,October,Monday,3.9672684796541247,0,10,1,1.0,1
626.35,3,0.2,46.9764,7.500023948271732,2,East,Home Office,Furniture,Bookcases,First Class,October,Monday,6.441504598605709,0,10,1,0.5263157894736842,1
19.9,5,0.0,6.567,33.0,2,East,Home Office,Office Supplies,Art,First Class,October,Monday,3.039749158970765,0,10,1,1.0,1
14.28,7,0.0,6.7116,47.0,6,West,Corporate,Office Supplies,Envelopes,Standard Class,October,Saturday,2.7265447837383743,0,10,6,1.0,1
7.41,2,0.2,1.2038,16.24561403508772,4,East,Consumer,Office Supplies,Art,Standard Class,March,Friday,2.1294214739848565,0,3,5,1.0,1
6.05,3,0.2,1.5876,26.241322314049587,4,East,Consumer,Office Supplies,Art,Standard Class,March,Friday,1.9530276168241774,0,3,5,1.0,1
218.75,2,0.5,-161.875,-74.0,2,West,Consumer,Furniture,Tables,First Class,August,Sunday,5.392490536565286,1,8,7,0.3627906976744186,0
2.6,1,0.2,0.2925,11.249999999999998,2,West,Consumer,Office Supplies,Appliances,First Class,August,Sunday,1.2809338454620642,0,8,7,0.867109634551495,1
20.8,2,0.2,6.5,31.25,4,Central,Corporate,Technology,Accessories,Second Class,February,Monday,3.0819099697950434,0,2,1,0.872,1
23.68,2,0.2,8.88,37.50000000000001,7,East,Corporate,Office Supplies,Labels,Standard Class,January,Friday,3.205993199037187,0,1,5,1.0,1
452.45,5,0.5,-244.323,-54.0,7,East,Corporate,Furniture,Bookcases,Standard Class,January,Friday,6.1168850098935765,1,1,5,0.5263157894736842,0
62.98,3,0.4,-14.6958,-23.33407430930454,7,East,Corporate,Technology,Phones,Standard Class,January,Friday,4.158570534521372,1,1,5,0.8521008403361344,0
1188.0,9,0.7,-950.4,-80.0,7,East,Corporate,Technology,Machines,Standard Class,January,Friday,7.080867896690782,1,1,5,0.5975609756097561,0
89.58,2,0.2,4.4792,5.0002232641214555,7,East,Corporate,Technology,Accessories,Standard Class,January,Friday,4.506233438128068,0,1,5,0.872,1
93.06,6,0.0,26.0568,27.999999999999996,4,West,Consumer,Office Supplies,Storage,Standard Class,October,Friday,4.543932876516902,0,10,5,0.7795698924731183,1
302.38,3,0.2,22.6782,7.499900787089094,4,West,Consumer,Technology,Phones,Standard Class,October,Friday,5.714986145163526,0,10,5,0.8521008403361344,1
5.58,2,0.2,1.8148,32.52329749103943,3,East,Consumer,Office Supplies,Fasteners,First Class,December,Thursday,1.884034745337226,0,12,4,0.9019607843137255,1
22.7,6,0.2,8.2302,36.25638766519824,3,East,Consumer,Office Supplies,Paper,First Class,December,Thursday,3.1654750481410856,0,12,4,1.0,1
19.78,4,0.7,-13.8432,-69.98584428715874,3,East,Consumer,Office Supplies,Binders,First Class,December,Thursday,3.0339909856710814,1,12,4,0.6011730205278593,0
72.7,4,0.2,19.0848,26.251444291609356,3,East,Consumer,Furniture,Furnishings,First Class,December,Thursday,4.300002799195291,0,12,4,0.8065522620904836,1
479.99,4,0.7,-383.9904,-79.99966665972208,3,East,Consumer,Technology,Machines,First Class,December,Thursday,6.175846479868856,1,12,4,0.5975609756097561,0
27.17,2,0.2,2.7168,9.999263894000736,3,East,Consumer,Office Supplies,Art,First Class,December,Thursday,3.338257581888281,0,12,4,1.0,1
2.2,1,0.0,0.968,43.99999999999999,7,Central,Corporate,Office Supplies,Art,Standard Class,August,Sunday,1.1631508098056809,0,8,7,1.0,1
622.45,5,0.0,136.939,21.999999999999996,7,Central,Corporate,Furniture,Tables,Standard Class,August,Sunday,6.435268569442595,0,8,7,0.3627906976744186,1
21.98,1,0.0,0.2198,1.0,7,Central,Corporate,Office Supplies,Storage,Standard Class,August,Sunday,3.1346242724206097,0,8,7,0.7795698924731183,1
161.57,2,0.2,-28.2744,-17.499783375626667,4,South,Consumer,Furniture,Chairs,Standard Class,February,Saturday,5.091108678246132,0,2,6,0.6042154566744731,0
389.7,8,0.2,43.8408,11.249884526558892,4,South,Consumer,Furniture,Chairs,Standard Class,February,Saturday,5.967940002061025,0,2,6,0.6042154566744731,1
18.65,7,0.7,-12.432,-66.65951742627347,4,South,Corporate,Office Supplies,Binders,Standard Class,September,Saturday,2.9780773383152703,1,9,6,0.6011730205278593,0
25.92,5,0.2,9.396,36.25,5,Central,Consumer,Office Supplies,Paper,Second Class,June,Saturday,3.2928695047765273,0,6,6,1.0,1
419.68,5,0.6,-356.728,-85.0,5,Central,Consumer,Furniture,Furnishings,Second Class,June,Saturday,6.0418724496518275,1,6,6,0.8065522620904836,0
11.69,3,0.6,-4.6752,-39.993156544054756,5,Central,Consumer,Furniture,Furnishings,Second Class,June,Saturday,2.540814281726296,1,6,6,0.8065522620904836,0
31.98,2,0.2,11.1944,35.004377736085054,5,Central,Consumer,Technology,Phones,Second Class,June,Saturday,3.495901317131453,0,6,6,0.8521008403361344,1
177.23,5,0.5,-120.513,-67.99808158889579,5,Central,Consumer,Furniture,Tables,Second Class,June,Saturday,5.18307485103576,1,6,6,0.3627906976744186,0
4.04,3,0.6,-2.8308,-70.06930693069306,5,Central,Consumer,Furniture,Furnishings,Second Class,June,Saturday,1.6174060820832772,1,6,6,0.8065522620904836,0
7.41,2,0.2,1.2038,16.24561403508772,5,Central,Consumer,Office Supplies,Art,Second Class,June,Saturday,2.1294214739848565,0,6,6,1.0,1
2001.86,7,0.0,580.5394,29.000000000000004,5,Central,Home Office,Furniture,Chairs,Second Class,June,Sunday,7.602331438065773,0,6,7,0.6042154566744731,1
166.72,2,0.0,41.68,25.0,5,Central,Home Office,Office Supplies,Storage,Second Class,June,Sunday,5.122295922302562,0,6,7,0.7795698924731183,1
47.88,6,0.0,23.94,50.0,5,Central,Home Office,Office Supplies,Paper,Second Class,June,Sunday,3.88936831486334,0,6,7,1.0,1
1503.25,5,0.0,496.0725,33.0,5,Central,Home Office,Office Supplies,Appliances,Second Class,June,Sunday,7.316049714100461,0,6,7,0.867109634551495,1
25.92,4,0.0,12.4416,47.99999999999999,5,Central,Home Office,Office Supplies,Paper,Second Class,June,Sunday,3.2928695047765273,0,6,7,1.0,1
321.57,2,0.2,28.1372,8.749945579500576,5,West,Consumer,Furniture,Chairs,Second Class,December,Saturday,5.776320166946524,0,12,6,0.6042154566744731,1
7.61,1,0.0,3.5767,47.0,6,West,Consumer,Office Supplies,Paper,Standard Class,September,Sunday,2.152924318439639,0,9,7,1.0,1
3347.37,13,0.0,636.0003,19.000000000000004,6,West,Consumer,Technology,Accessories,Standard Class,September,Sunday,8.116228939242719,0,9,7,0.872,1
80.58,6,0.0,22.5624,28.000000000000004,3,East,Consumer,Office Supplies,Storage,First Class,December,Saturday,4.401584133889412,0,12,6,0.7795698924731183,1
361.92,4,0.0,162.864,45.0,3,East,Consumer,Office Supplies,Envelopes,First Class,December,Saturday,5.8941824243014285,0,12,6,1.0,1
12.13,9,0.6,-8.4924,-70.01154163231656,6,Central,Corporate,Furniture,Furnishings,Standard Class,November,Saturday,2.574899688314705,1,11,6,0.8065522620904836,0
82.37,2,0.2,-19.5624,-23.749423333738008,6,Central,Corporate,Office Supplies,Storage,Standard Class,November,Saturday,4.423288532422522,0,11,6,0.7795698924731183,0
53.92,5,0.2,4.044,7.499999999999998,6,Central,Corporate,Office Supplies,Storage,Standard Class,November,Saturday,4.00587758089977,0,11,6,0.7795698924731183,1
647.9,6,0.2,56.6916,8.750054020682205,6,Central,Corporate,Technology,Phones,Standard Class,November,Saturday,6.4752786216271225,0,11,6,0.8521008403361344,1
3059.98,3,0.4,-509.997,-16.666677559984052,2,Central,Corporate,Technology,Machines,Second Class,September,Friday,8.026490405111588,1,9,5,0.5975609756097561,0
2519.96,7,0.4,-251.9958,-9.999992063366085,2,Central,Corporate,Technology,Machines,Second Class,September,Friday,7.832395060342487,1,9,5,0.5975609756097561,0
328.22,4,0.2,28.7196,8.750106635793065,7,Central,Consumer,Technology,Phones,Standard Class,June,Monday,5.796726220298939,0,6,1,0.8521008403361344,1
79.9,2,0.0,35.156,43.99999999999999,5,West,Consumer,Technology,Accessories,Standard Class,November,Tuesday,4.393213824064446,0,11,2,0.872,1
7.56,6,0.0,0.3024,4.0,6,East,Consumer,Office Supplies,Fasteners,Standard Class,January,Friday,2.1471001901536506,0,1,5,0.9019607843137255,1
209.93,7,0.0,92.3692,44.0,1,West,Consumer,Technology,Accessories,First Class,July,Thursday,5.351526324879179,0,7,4,0.872,1
5.28,3,0.0,2.3232,43.99999999999999,1,West,Consumer,Furniture,Furnishings,First Class,July,Thursday,1.8373699804801074,0,7,4,0.8065522620904836,1
10.92,3,0.2,4.095,37.5,1,West,Consumer,Office Supplies,Binders,First Class,July,Thursday,2.4782176616372036,0,7,4,0.6011730205278593,1
2.08,5,0.8,-3.432,-165.0,2,Central,Consumer,Office Supplies,Binders,Second Class,September,Saturday,1.1249295969854831,1,9,6,0.6011730205278593,0
1114.4,7,0.2,376.11,33.75,2,Central,Consumer,Technology,Phones,Second Class,September,Saturday,7.016968363955454,0,9,6,0.8521008403361344,1
1038.84,5,0.2,51.942,5.0,4,West,Consumer,Furniture,Tables,Standard Class,November,Monday,6.946822134146038,0,11,1,0.3627906976744186,1
141.76,5,0.2,47.844,33.75,6,West,Consumer,Office Supplies,Paper,Standard Class,September,Saturday,4.961164898621959,0,9,6,1.0,1
239.8,5,0.2,47.96,20.0,6,West,Consumer,Technology,Accessories,Standard Class,September,Saturday,5.483966713434666,0,9,6,0.872,1
31.1,6,0.2,10.8864,35.004501607717046,6,West,Consumer,Office Supplies,Paper,Standard Class,September,Saturday,3.4688560301359703,0,9,6,1.0,1
254.06,7,0.7,-169.372,-66.66614185625444,2,South,Corporate,Office Supplies,Binders,Second Class,December,Sunday,5.541498811598753,1,12,7,0.6011730205278593,0
194.53,2,0.2,24.316,12.499871485117977,2,South,Corporate,Office Supplies,Appliances,Second Class,December,Sunday,5.275713820338184,0,12,7,0.867109634551495,1
961.48,5,0.2,-204.3145,-21.25,2,South,Corporate,Office Supplies,Supplies,Second Class,December,Sunday,6.869513286725269,0,12,7,0.816793893129771,0
19.1,7,0.2,6.6836,34.99267015706806,4,East,Home Office,Office Supplies,Fasteners,Second Class,November,Sunday,3.0007198150650303,0,11,7,0.9019607843137255,1
18.5,8,0.2,6.2424,33.7427027027027,4,East,Home Office,Office Supplies,Labels,Second Class,November,Sunday,2.970414465569701,0,11,7,1.0,1
255.98,2,0.2,54.3966,21.25033205719197,4,East,Home Office,Technology,Accessories,Second Class,November,Sunday,5.548998260855335,0,11,7,0.872,1
86.97,3,0.5,-48.7032,-56.00000000000001,4,East,Home Office,Furniture,Bookcases,Second Class,November,Sunday,4.476995847264583,1,11,7,0.5263157894736842,0
300.42,8,0.2,78.8592,26.24965048931496,2,West,Corporate,Furniture,Furnishings,First Class,December,Friday,5.7085046409915305,0,12,5,0.8065522620904836,1
230.35,3,0.2,20.1558,8.750075971347949,2,West,Corporate,Furniture,Chairs,First Class,December,Friday,5.443931715353009,0,12,5,0.6042154566744731,1
218.35,3,0.2,-24.5646,-11.250103045569041,2,West,Corporate,Furniture,Furnishings,First Class,December,Friday,5.390668627612223,0,12,5,0.8065522620904836,0
78.6,5,0.7,-62.88,-80.0,2,West,Corporate,Office Supplies,Binders,First Class,December,Friday,4.377014092850337,1,12,5,0.6011730205278593,0
27.55,3,0.2,9.2988,33.752450090744105,2,West,Corporate,Office Supplies,Fasteners,First Class,December,Friday,3.351656936102019,0,12,5,0.9019607843137255,1
32.4,5,0.0,15.552,48.0,6,East,Corporate,Office Supplies,Paper,Standard Class,October,Friday,3.5085558999826545,0,10,5,1.0,1
1082.48,8,0.0,10.8248,1.0,6,East,Corporate,Office Supplies,Storage,Standard Class,October,Friday,6.9879333621073885,0,10,5,0.7795698924731183,1
56.91,3,0.0,27.3168,48.00000000000001,6,East,Corporate,Office Supplies,Paper,Standard Class,October,Friday,4.058890081237698,0,10,5,1.0,1
77.6,4,0.0,38.024,49.00000000000001,6,East,Corporate,Furniture,Furnishings,Standard Class,October,Friday,4.364371699435161,0,10,5,0.8065522620904836,1
14.28,1,0.0,6.5688,46.00000000000001,6,East,Corporate,Office Supplies,Binders,Standard Class,October,Friday,2.7265447837383743,0,10,5,0.6011730205278593,1
26.8,2,0.0,12.864,48.00000000000001,5,East,Corporate,Furniture,Furnishings,Second Class,May,Monday,3.3250360206965914,0,5,1,0.8065522620904836,1
9.84,3,0.0,2.8536,29.000000000000004,5,Central,Corporate,Office Supplies,Art,Standard Class,December,Tuesday,2.3832429960115,0,12,2,1.0,1
45.48,3,0.0,20.9208,46.0,5,East,Home Office,Office Supplies,Binders,Standard Class,June,Sunday,3.8390221125436557,0,6,7,0.6011730205278593,1
289.2,6,0.0,83.868,28.999999999999996,5,East,Home Office,Office Supplies,Art,Standard Class,June,Sunday,5.670570340450087,0,6,7,1.0,1
15.14,4,0.2,3.5948,23.743725231175695,2,West,Corporate,Furniture,Furnishings,Second Class,September,Monday,2.7813006628418027,0,9,1,0.8065522620904836,1
466.77,2,0.2,52.5114,11.249951796387943,2,West,Corporate,Furniture,Chairs,Second Class,September,Monday,6.147976722123592,0,9,1,0.6042154566744731,1
15.23,1,0.2,1.7136,11.251477347340774,2,West,Corporate,Furniture,Furnishings,Second Class,September,Monday,2.7868613815264998,0,9,1,0.8065522620904836,1
6.26,3,0.2,2.0358,32.52076677316294,2,West,Corporate,Office Supplies,Labels,Second Class,September,Monday,1.9823798288367047,0,9,1,1.0,1
87.54,3,0.0,37.6422,43.0,6,East,Corporate,Furniture,Furnishings,Standard Class,September,Saturday,4.483454427303995,0,9,6,0.8065522620904836,1
178.38,2,0.2,22.298,12.500280300482117,7,South,Corporate,Technology,Phones,Standard Class,August,Saturday,5.189506460689857,0,8,6,0.8521008403361344,1
15.55,3,0.2,5.4432,35.004501607717046,7,South,Corporate,Office Supplies,Paper,Standard Class,August,Saturday,2.806386101823072,0,8,6,1.0,1
99.14,4,0.2,8.6744,8.74964696388945,2,East,Corporate,Office Supplies,Art,First Class,December,Sunday,4.606569206901798,0,12,7,1.0,1
135.88,1,0.1,24.1568,17.778039446570503,5,East,Home Office,Furniture,Chairs,Standard Class,November,Tuesday,4.919104629583938,0,11,2,0.6042154566744731,1
3991.98,2,0.0,1995.99,50.0,5,East,Home Office,Technology,Machines,Standard Class,November,Tuesday,8.292293098285338,0,11,2,0.5975609756097561,1
275.94,6,0.0,80.0226,28.999999999999996,5,East,Home Office,Technology,Phones,Standard Class,November,Tuesday,5.623800876226568,0,11,2,0.8521008403361344,1
360.0,4,0.0,129.6,36.0,5,East,Home Office,Technology,Accessories,Standard Class,November,Tuesday,5.8888779583328805,0,11,2,0.872,1
43.57,1,0.0,13.071,30.0,5,East,Home Office,Office Supplies,Storage,Standard Class,November,Tuesday,3.7970609869584644,0,11,2,0.7795698924731183,1
7.16,2,0.0,3.58,50.0,5,West,Corporate,Office Supplies,Fasteners,Standard Class,September,Friday,2.0992441689760155,0,9,5,0.9019607843137255,1
251.52,6,0.2,81.744,32.5,4,West,Corporate,Office Supplies,Binders,Standard Class,April,Saturday,5.5314904534994245,0,4,6,0.6011730205278593,1
99.99,1,0.0,34.9965,35.0,4,West,Corporate,Technology,Accessories,Standard Class,April,Saturday,4.6150215020384655,0,4,6,0.872,1
290.9,3,0.4,-67.8762,-23.33317291165349,2,East,Consumer,Technology,Phones,First Class,August,Tuesday,5.676411277860069,1,8,2,0.8521008403361344,0
54.22,2,0.2,3.389,6.250461084470675,2,East,Consumer,Office Supplies,Storage,First Class,August,Tuesday,4.011325206502009,0,8,2,0.7795698924731183,1
786.74,4,0.3,-258.5016,-32.85730991178789,2,East,Consumer,Furniture,Chairs,First Class,August,Tuesday,6.669168086174074,1,8,2,0.6042154566744731,0
100.24,10,0.2,33.831,33.75,2,East,Consumer,Office Supplies,Labels,First Class,August,Tuesday,4.617493935676923,0,8,2,1.0,1
37.76,6,0.7,-27.6936,-73.34110169491525,2,East,Consumer,Office Supplies,Binders,First Class,August,Tuesday,3.6573887870225654,1,8,2,0.6011730205278593,0
82.8,2,0.4,-20.7,-25.0,4,East,Consumer,Technology,Phones,Second Class,April,Monday,4.428433007488037,1,4,1,0.8521008403361344,0
20.72,2,0.7,-13.816,-66.67953667953668,4,East,Consumer,Office Supplies,Binders,Second Class,April,Monday,3.0782334950657346,1,4,1,0.6011730205278593,0
4.9,3,0.7,-3.4272,-69.94285714285714,4,East,Consumer,Office Supplies,Binders,Second Class,April,Monday,1.7749523509116738,1,4,1,0.6011730205278593,0
4.75,1,0.2,1.6038,33.764210526315786,3,West,Consumer,Office Supplies,Binders,Second Class,September,Tuesday,1.749199854809259,0,9,2,0.6011730205278593,1
959.98,2,0.2,335.9944,35.00014583637159,3,West,Consumer,Technology,Copiers,Second Class,September,Tuesday,6.8679535970992,0,9,2,1.0,1
14.37,4,0.2,4.49,31.245650661099518,3,West,Consumer,Office Supplies,Binders,Second Class,September,Tuesday,2.7324175575505043,0,9,2,0.6011730205278593,1
7.71,2,0.2,2.7956,36.25940337224384,5,West,Corporate,Office Supplies,Binders,Standard Class,July,Saturday,2.1644717908644115,0,7,6,0.6011730205278593,1
698.35,3,0.2,-17.4588,-2.500007159733658,5,West,Corporate,Furniture,Tables,Standard Class,July,Saturday,6.550151332225313,0,7,6,0.3627906976744186,0
4.96,4,0.0,2.3312,47.0,4,West,Consumer,Office Supplies,Fasteners,Second Class,June,Monday,1.7850704810772584,0,6,1,0.9019607843137255,1
17.86,4,0.2,1.116,6.248600223964167,4,East,Corporate,Office Supplies,Art,Second Class,April,Sunday,2.937043277205311,0,4,7,1.0,1
509.97,10,0.7,-407.976,-80.0,4,East,Corporate,Office Supplies,Binders,Second Class,April,Sunday,6.236310880065425,1,4,7,0.6011730205278593,0
30.99,13,0.2,10.0724,32.50209745079058,4,East,Corporate,Office Supplies,Fasteners,Second Class,April,Sunday,3.4654233539614268,0,4,7,0.9019607843137255,1
71.93,12,0.4,8.3916,11.666342277213957,4,East,Corporate,Technology,Phones,Second Class,April,Sunday,4.289500076996142,1,4,7,0.8521008403361344,1
88.8,4,0.2,-2.22,-2.5,4,Central,Consumer,Office Supplies,Storage,Standard Class,December,Sunday,4.497584975308154,0,12,7,0.7795698924731183,0
6.79,1,0.0,2.3086,34.0,2,East,Home Office,Technology,Accessories,First Class,September,Thursday,2.052840859882657,0,9,4,0.872,1
24.56,2,0.0,11.5432,47.0,2,East,Home Office,Office Supplies,Paper,First Class,September,Thursday,3.241028629509334,0,9,4,1.0,1
3.05,1,0.2,1.0668,34.97704918032787,2,East,Home Office,Office Supplies,Binders,First Class,September,Thursday,1.3987168811184478,0,9,4,0.6011730205278593,1
49.12,4,0.0,23.0864,47.0,2,East,Home Office,Office Supplies,Paper,First Class,September,Thursday,3.9144201300278674,0,9,4,1.0,1
4355.17,4,0.2,1415.4296,32.499985075209466,2,East,Home Office,Office Supplies,Binders,First Class,September,Thursday,8.379348509921268,0,9,4,0.6011730205278593,1
388.7,6,0.2,-4.8588,-1.2500128633907899,5,East,Consumer,Furniture,Bookcases,Standard Class,April,Friday,5.965377212344664,0,4,5,0.5263157894736842,0
8.26,2,0.0,3.7996,46.0,5,East,Consumer,Office Supplies,Envelopes,Standard Class,April,Friday,2.225704048658088,0,4,5,1.0,1
17.04,4,0.0,6.9864,41.0,5,East,Consumer,Office Supplies,Art,Standard Class,April,Friday,2.8925915146344776,0,4,5,1.0,1
34.4,5,0.0,15.824,46.0,5,East,Consumer,Office Supplies,Paper,Standard Class,April,Friday,3.5667118201397288,0,4,5,1.0,1
36.24,5,0.2,11.325,31.249999999999993,5,South,Corporate,Office Supplies,Paper,Standard Class,April,Saturday,3.617383452408866,0,4,6,1.0,1
211.96,4,0.0,8.4784,4.0,5,West,Consumer,Office Supplies,Storage,Standard Class,September,Wednesday,5.361104354646802,0,9,3,0.7795698924731183,1
23.2,4,0.0,10.44,45.0,0,East,Corporate,Office Supplies,Binders,Same Day,October,Friday,3.186352633162641,0,10,5,0.6011730205278593,1
7.36,2,0.0,0.1472,2.0,0,East,Corporate,Office Supplies,Supplies,Same Day,October,Friday,2.1234584270966104,0,10,5,0.816793893129771,1
104.79,7,0.0,29.3412,27.999999999999996,0,East,Corporate,Office Supplies,Storage,Same Day,October,Friday,4.661455996998683,0,10,5,0.7795698924731183,1
1043.92,4,0.0,271.4192,25.999999999999996,0,East,Corporate,Furniture,Bookcases,Same Day,October,Friday,6.951695606444503,0,10,5,0.5263157894736842,1
8.16,5,0.7,-5.712,-70.0,4,West,Consumer,Office Supplies,Binders,Standard Class,July,Wednesday,2.214846178686039,1,7,3,0.6011730205278593,0
1023.94,8,0.2,179.1888,17.49993163661933,4,West,Consumer,Technology,Accessories,Standard Class,July,Wednesday,6.93238935327381,0,7,3,0.872,1
9.24,1,0.2,0.924,10.0,4,West,Consumer,Office Supplies,Art,Standard Class,July,Wednesday,2.3263016196113617,0,7,3,1.0,1
479.04,10,0.2,-29.94,-6.25,4,West,Consumer,Technology,Accessories,Standard Class,July,Wednesday,6.17386943376324,0,7,3,0.872,0
99.14,4,0.2,30.98,31.248739156748034,3,Central,Corporate,Office Supplies,Paper,First Class,September,Wednesday,4.606569206901798,0,9,3,1.0,1
8.65,3,0.8,-20.3322,-235.05433526011558,7,Central,Consumer,Office Supplies,Appliances,Standard Class,April,Tuesday,2.2669579153508947,1,4,2,0.867109634551495,0
23.83,3,0.2,2.6811,11.250944187998321,7,Central,Consumer,Office Supplies,Storage,Standard Class,April,Tuesday,3.2120525995200753,0,4,2,0.7795698924731183,1
12.18,4,0.8,-18.8728,-154.94909688013138,7,Central,Consumer,Office Supplies,Binders,Standard Class,April,Tuesday,2.578700529074361,1,4,2,0.6011730205278593,0
50.96,7,0.0,25.48,50.0,1,West,Corporate,Office Supplies,Paper,First Class,October,Friday,3.9504741918023987,0,10,5,1.0,1
49.54,3,0.2,17.3376,34.997174000807426,1,West,Corporate,Office Supplies,Binders,First Class,October,Friday,3.922765101960048,0,10,5,0.6011730205278593,1
41.9,2,0.0,8.799,21.0,3,Central,Corporate,Technology,Accessories,Second Class,June,Friday,3.758871825933971,0,6,5,0.872,1
375.46,3,0.45,-157.0095,-41.81790337186385,5,South,Consumer,Furniture,Tables,Standard Class,November,Friday,5.9308117998960315,1,11,5,0.3627906976744186,0
83.98,3,0.2,-1.0497,-1.2499404620147654,5,South,Consumer,Technology,Accessories,Standard Class,November,Friday,4.442415934686665,0,11,5,0.872,0
482.34,4,0.7,-337.638,-70.0,4,East,Corporate,Technology,Machines,Standard Class,December,Thursday,6.180720339754835,1,12,4,0.5975609756097561,0
2.96,1,0.2,0.777,26.25,4,East,Corporate,Furniture,Furnishings,Standard Class,December,Thursday,1.3762440252663892,0,12,4,0.8065522620904836,1
2.62,1,0.2,0.4264,16.27480916030534,2,East,Consumer,Office Supplies,Art,First Class,November,Monday,1.2864740258376797,0,11,1,1.0,1
246.38,2,0.2,27.7182,11.250182644695187,2,West,Consumer,Technology,Phones,Second Class,September,Sunday,5.510925615946864,0,9,7,0.8521008403361344,1
1799.97,3,0.0,701.9883,38.99999999999999,2,West,Consumer,Technology,Copiers,Second Class,September,Sunday,7.496080687624671,0,9,7,1.0,1
12.46,3,0.8,-20.5623,-165.02648475120384,3,Central,Corporate,Office Supplies,Binders,Second Class,June,Saturday,2.599722324216582,1,6,6,0.6011730205278593,0
70.12,4,0.0,21.036,30.0,4,Central,Home Office,Office Supplies,Supplies,Standard Class,October,Saturday,4.264368591205649,0,10,6,0.816793893129771,1
35.95,3,0.2,3.5952,10.000556328233658,2,Central,Consumer,Office Supplies,Storage,Second Class,September,Thursday,3.609565647394211,0,9,4,0.7795698924731183,1
2396.27,4,0.32,-317.1528,-13.23526981517108,2,Central,Consumer,Furniture,Bookcases,Second Class,September,Thursday,7.782085868891887,1,9,4,0.5263157894736842,0
131.14,4,0.2,-32.784,-24.99923745615373,2,Central,Consumer,Office Supplies,Storage,Second Class,September,Thursday,4.8838619666017395,0,9,4,0.7795698924731183,0
57.58,2,0.2,0.7198,1.2500868357068426,2,Central,Consumer,Technology,Accessories,Second Class,September,Thursday,4.070393341399587,0,9,4,0.872,1
9.57,2,0.2,3.4684,36.24242424242424,2,South,Consumer,Office Supplies,Paper,First Class,December,Wednesday,2.3580197998821464,0,12,3,1.0,1
39.07,6,0.2,9.768,25.001279754287182,4,South,Corporate,Office Supplies,Art,Standard Class,April,Wednesday,3.6906279246480533,0,4,3,1.0,1
383.8,5,0.2,38.38,10.0,4,West,Consumer,Furniture,Chairs,Standard Class,April,Thursday,5.952723718791551,0,4,4,0.6042154566744731,1
196.75,6,0.2,56.5662,28.750292249047014,3,West,Consumer,Technology,Accessories,First Class,June,Sunday,5.2870036066477635,0,6,7,0.872,1
69.99,1,0.0,30.0957,43.00000000000001,1,East,Home Office,Technology,Machines,First Class,September,Friday,4.262539022051294,0,9,5,0.5975609756097561,1
189.59,2,0.7,-145.3508,-76.66585790389789,6,South,Home Office,Office Supplies,Binders,Standard Class,April,Friday,5.2501245239465515,1,4,5,0.6011730205278593,0
408.74,7,0.2,76.6395,18.7501834907276,6,South,Home Office,Technology,Accessories,Standard Class,April,Friday,6.015522812201053,0,4,5,0.872,1
291.96,5,0.2,54.7425,18.75,6,South,Home Office,Technology,Accessories,Standard Class,April,Friday,5.6800360809262,0,4,5,0.872,1
4.77,2,0.2,-0.7748,-16.243186582809226,6,South,Home Office,Office Supplies,Storage,Standard Class,April,Friday,1.7526720805200082,0,4,5,0.7795698924731183,0
714.3,5,0.0,207.147,28.999999999999996,1,East,Consumer,Office Supplies,Storage,First Class,June,Monday,6.572702035114338,0,6,1,0.7795698924731183,1
4.81,2,0.7,-3.6892,-76.69854469854471,6,South,Consumer,Office Supplies,Binders,Standard Class,December,Friday,1.7595805708638197,1,12,5,0.6011730205278593,0
247.8,5,0.2,-18.585,-7.5,6,South,Consumer,Technology,Accessories,Standard Class,December,Friday,5.516649360865024,0,12,5,0.872,0
1007.98,3,0.3,43.1991,4.285710033929244,2,Central,Home Office,Technology,Machines,Second Class,June,Sunday,6.916695198551609,1,6,7,0.5975609756097561,1
313.49,7,0.2,113.6394,36.24976873265495,2,Central,Home Office,Office Supplies,Paper,Second Class,June,Sunday,5.750952279132591,0,6,7,1.0,1
12.22,1,0.0,3.666,30.0,2,Central,Consumer,Furniture,Furnishings,Second Class,September,Monday,2.5817308344235403,0,9,1,0.8065522620904836,1
194.94,3,0.0,23.3928,12.000000000000002,2,Central,Consumer,Office Supplies,Storage,Second Class,September,Monday,5.277808489916496,0,9,1,0.7795698924731183,1
70.95,3,0.0,20.5755,29.000000000000004,2,Central,Consumer,Office Supplies,Storage,Second Class,September,Monday,4.2759714333333765,0,9,1,0.7795698924731183,1
91.36,4,0.0,42.0256,46.0,2,Central,Consumer,Office Supplies,Paper,Second Class,September,Monday,4.525693984486295,0,9,1,1.0,1
242.94,3,0.0,29.1528,12.0,2,Central,Consumer,Furniture,Chairs,Second Class,September,Monday,5.496922293415092,0,9,1,0.6042154566744731,1
22.05,7,0.0,10.584,48.0,2,Central,Consumer,Office Supplies,Labels,Second Class,September,Monday,3.1376657694426577,0,9,1,1.0,1
59.52,3,0.0,15.4752,25.999999999999996,2,East,Consumer,Office Supplies,Art,Second Class,April,Friday,4.102973888920155,0,4,5,1.0,1
161.94,3,0.0,9.7164,6.000000000000001,2,East,Consumer,Office Supplies,Storage,Second Class,April,Friday,5.093382034882496,0,4,5,0.7795698924731183,1
263.88,6,0.0,71.2476,27.0,2,East,Consumer,Office Supplies,Art,Second Class,April,Friday,5.5792768932389905,0,4,5,1.0,1
30.48,3,0.0,7.9248,26.0,2,East,Consumer,Office Supplies,Art,Second Class,April,Friday,3.4493524235492026,0,4,5,1.0,1
9.84,3,0.0,2.8536,29.000000000000004,2,East,Consumer,Office Supplies,Art,Second Class,April,Friday,2.3832429960115,0,4,5,1.0,1
35.12,4,0.0,9.1312,26.0,2,East,Consumer,Technology,Phones,Second Class,April,Friday,3.5868467285487844,0,4,5,0.8521008403361344,1
63.88,4,0.0,24.9132,38.99999999999999,4,Central,Corporate,Technology,Accessories,Standard Class,December,Tuesday,4.1725394098071575,0,12,2,0.872,1
129.57,2,0.2,-24.294,-18.749710581153046,6,West,Consumer,Furniture,Chairs,Standard Class,February,Wednesday,4.871909481419947,0,2,3,0.6042154566744731,0
747.56,3,0.3,-96.1146,-12.857108459521644,5,Central,Consumer,Furniture,Chairs,Standard Class,September,Monday,6.618151360967658,1,9,1,0.6042154566744731,0
8.93,2,0.2,3.348,37.49160134378499,5,Central,Consumer,Office Supplies,Envelopes,Standard Class,September,Monday,2.295560478057081,0,9,1,1.0,1
103.92,4,0.0,36.372,35.0,7,West,Consumer,Office Supplies,Appliances,Standard Class,December,Tuesday,4.653198154998673,0,12,2,0.867109634551495,1
899.91,9,0.0,377.9622,42.0,7,West,Consumer,Technology,Accessories,Standard Class,December,Tuesday,6.803405363606889,0,12,2,0.872,1
51.31,3,0.2,18.6006,36.25141297992594,7,West,Consumer,Office Supplies,Binders,Standard Class,December,Tuesday,3.95718755738252,0,12,2,0.6011730205278593,1
23.56,5,0.2,7.068,30.0,7,West,Home Office,Furniture,Furnishings,Standard Class,April,Friday,3.2011191032789417,0,4,5,0.8065522620904836,1
1272.63,6,0.5,-814.4832,-63.99999999999999,7,West,Home Office,Furniture,Tables,Standard Class,April,Friday,7.149626370089079,1,4,5,0.3627906976744186,0
28.49,5,0.7,-20.889,-73.32046332046332,7,West,Home Office,Office Supplies,Binders,Standard Class,April,Friday,3.3840512228271846,1,4,5,0.6011730205278593,0
185.38,2,0.2,-34.758,-18.74959542561226,7,West,Home Office,Office Supplies,Supplies,Standard Class,April,Friday,5.22778760035751,0,4,5,0.816793893129771,0
78.27,2,0.2,5.8704,7.500191644308164,7,West,Home Office,Office Supplies,Appliances,Standard Class,April,Friday,4.372859746849064,0,4,5,0.867109634551495,1
254.74,7,0.6,-312.0614,-122.5019235298736,7,Central,Home Office,Furniture,Furnishings,Standard Class,January,Saturday,5.544161303383023,1,1,6,0.8065522620904836,0
4.79,3,0.8,-7.9002,-164.9311064718163,4,Central,Consumer,Office Supplies,Binders,Second Class,December,Friday,1.7561322915849038,1,12,5,0.6011730205278593,0
55.48,1,0.0,26.6304,48.00000000000001,4,East,Corporate,Office Supplies,Paper,Standard Class,December,Sunday,4.033886593184986,0,12,7,1.0,1
340.92,3,0.0,3.4092,0.9999999999999999,2,West,Consumer,Office Supplies,Storage,Second Class,November,Sunday,5.8345767915708375,0,11,7,0.7795698924731183,1
222.67,2,0.15,10.4784,4.705797817397944,2,West,Consumer,Furniture,Bookcases,Second Class,November,Sunday,5.410171751322179,0,11,7,0.5263157894736842,1
703.97,4,0.2,87.996,12.49996448712303,2,West,Consumer,Technology,Phones,Second Class,November,Sunday,6.558155248715367,0,11,7,0.8521008403361344,1
92.52,6,0.0,24.9804,27.0,2,West,Consumer,Office Supplies,Storage,Second Class,November,Sunday,4.538175317163813,0,11,7,0.7795698924731183,1
62.65,7,0.0,28.819,46.0,2,West,Consumer,Office Supplies,Paper,Second Class,November,Sunday,4.153399325003416,0,11,7,1.0,1
94.85,5,0.0,45.528,48.00000000000001,2,West,Consumer,Office Supplies,Paper,Second Class,November,Sunday,4.562784469491653,0,11,7,1.0,1
95.76,6,0.2,7.182,7.5,7,West,Corporate,Technology,Phones,Standard Class,July,Tuesday,4.572233685741827,0,7,2,0.8521008403361344,1
40.2,3,0.0,19.296,47.99999999999999,6,East,Consumer,Furniture,Furnishings,Standard Class,October,Thursday,3.7184382563554808,0,10,4,0.8065522620904836,1
14.7,5,0.0,6.615,45.0,6,East,Corporate,Office Supplies,Art,Standard Class,June,Sunday,2.7536607123542622,0,6,7,1.0,1
704.25,5,0.0,84.51,12.000000000000002,6,East,Corporate,Office Supplies,Storage,Standard Class,June,Sunday,6.558552349882105,0,6,7,0.7795698924731183,1
9.09,3,0.0,1.9089,21.000000000000004,4,West,Consumer,Technology,Accessories,Standard Class,October,Monday,2.3115448343655176,0,10,1,0.872,1
5.96,2,0.0,1.6688,28.000000000000004,5,East,Consumer,Office Supplies,Art,Standard Class,July,Tuesday,1.9401794743463283,0,7,2,1.0,1
159.98,2,0.0,57.5928,36.0,5,East,Consumer,Technology,Accessories,Standard Class,July,Tuesday,5.0812801336655875,0,7,2,0.872,1
2735.95,6,0.2,341.994,12.50000913759389,2,Central,Consumer,Technology,Phones,First Class,October,Wednesday,7.9145994406969775,0,10,3,0.8521008403361344,1
7.99,1,0.2,0.5994,7.501877346683354,4,Central,Home Office,Technology,Phones,Second Class,June,Monday,2.196112848483529,0,6,1,0.8521008403361344,1
63.98,2,0.2,10.3974,16.251015942482024,4,Central,Home Office,Technology,Accessories,Second Class,June,Monday,4.174079530240954,0,6,1,0.872,1
70.37,2,0.2,6.1572,8.749751314480601,4,Central,Home Office,Office Supplies,Art,Second Class,June,Monday,4.267877612982976,0,6,1,1.0,1
449.15,5,0.0,8.983,2.0000000000000004,5,East,Consumer,Office Supplies,Storage,Standard Class,September,Sunday,6.109580860554486,0,9,7,0.7795698924731183,1
11.07,3,0.0,5.0922,46.0,5,East,Consumer,Office Supplies,Envelopes,Standard Class,September,Sunday,2.4907230351094403,0,9,7,1.0,1
93.98,2,0.0,13.1572,13.999999999999998,5,West,Consumer,Technology,Accessories,Standard Class,May,Monday,4.553666343120976,0,5,1,0.872,1
189.88,3,0.4,-94.941,-50.000526648409526,3,South,Consumer,Furniture,Tables,Second Class,March,Friday,5.251644958349606,1,3,5,0.3627906976744186,0
105.42,2,0.0,51.6558,49.0,4,South,Consumer,Office Supplies,Envelopes,Standard Class,December,Sunday,4.667393529168224,0,12,7,1.0,1
119.62,8,0.2,40.3704,33.74887142618291,6,West,Consumer,Office Supplies,Binders,Standard Class,July,Monday,4.792645108022841,0,7,1,0.6011730205278593,1
255.76,4,0.0,81.8432,32.0,6,West,Consumer,Furniture,Furnishings,Standard Class,July,Monday,5.548141796443577,0,7,1,0.8065522620904836,1
241.57,2,0.2,18.1176,7.499937906196961,6,West,Consumer,Furniture,Chairs,Standard Class,July,Monday,5.49129032851713,0,7,1,0.6042154566744731,1
69.3,9,0.0,22.869,33.0,6,West,Consumer,Furniture,Furnishings,Standard Class,July,Monday,4.252771798816619,0,7,1,0.8065522620904836,1
22.62,2,0.7,-15.08,-66.66666666666666,5,West,Corporate,Office Supplies,Binders,Standard Class,May,Monday,3.1620938107692163,1,5,1,0.6011730205278593,0
14.95,2,0.7,-11.9616,-80.01070234113713,5,West,Corporate,Office Supplies,Binders,Standard Class,May,Monday,2.7694588292308535,1,5,1,0.6011730205278593,0
801.57,2,0.2,50.098,6.2499844056040015,5,West,Corporate,Furniture,Chairs,Standard Class,May,Monday,6.687819078614411,0,5,1,0.6042154566744731,1
2.38,3,0.7,-1.9008,-79.86554621848741,5,West,Corporate,Office Supplies,Binders,Standard Class,May,Monday,1.2178757094949273,1,5,1,0.6011730205278593,0
32.79,1,0.2,11.8871,36.252211039951206,5,West,Corporate,Office Supplies,Paper,Standard Class,May,Monday,3.5201649007261984,0,5,1,1.0,1
2.74,1,0.0,0.7398,26.999999999999996,6,South,Consumer,Office Supplies,Art,Standard Class,March,Monday,1.3190856114264407,0,3,1,1.0,1
8.34,3,0.0,2.1684,26.0,6,South,Consumer,Office Supplies,Art,Standard Class,March,Monday,2.234306252240751,0,3,1,1.0,1
46.74,3,0.0,11.685,25.0,6,South,Consumer,Office Supplies,Storage,Standard Class,March,Monday,3.865769620910684,0,3,1,0.7795698924731183,1
6354.95,5,0.0,3177.475,50.0,6,South,Consumer,Office Supplies,Binders,Standard Class,March,Monday,8.757146661042908,0,3,1,0.6011730205278593,1
7.15,3,0.2,0.7152,10.002797202797202,3,East,Consumer,Office Supplies,Art,First Class,October,Thursday,2.0980179272527715,0,10,4,1.0,1
18.39,1,0.2,5.2877,28.75312669929309,4,Central,Consumer,Technology,Accessories,Standard Class,March,Sunday,2.9647574692545606,0,3,7,0.872,1
129.57,2,0.2,-25.9136,-19.999691286563248,4,Central,Consumer,Office Supplies,Storage,Standard Class,March,Sunday,4.871909481419947,0,3,7,0.7795698924731183,0
14.11,9,0.8,-21.168,-150.02126151665485,4,Central,Consumer,Office Supplies,Binders,Standard Class,March,Sunday,2.715356776284648,1,3,7,0.6011730205278593,0
55.18,3,0.2,-12.4146,-22.49836897426604,2,West,Consumer,Technology,Phones,First Class,May,Saturday,4.0285608216760975,0,5,6,0.8521008403361344,0
66.26,2,0.0,27.1666,41.0,2,West,Consumer,Technology,Accessories,First Class,May,Saturday,4.208565706312124,0,5,6,0.872,1
22.2,5,0.0,10.434,47.0,7,East,Consumer,Office Supplies,Fasteners,Standard Class,December,Saturday,3.1441522786722644,0,12,6,0.9019607843137255,1
36.34,3,0.2,-7.2672,-19.997798569069893,4,East,Consumer,Office Supplies,Storage,Standard Class,September,Thursday,3.6200651381135764,0,9,4,0.7795698924731183,0
666.25,1,0.2,-149.9058,-22.499932457786116,4,East,Consumer,Office Supplies,Supplies,Standard Class,September,Thursday,6.503164788284634,0,9,4,0.816793893129771,0
52.51,6,0.2,19.692,37.50142829937155,4,East,Consumer,Office Supplies,Envelopes,Standard Class,September,Thursday,3.979868552323213,0,9,4,1.0,1
190.72,1,0.2,11.92,6.25,2,West,Corporate,Furniture,Chairs,Second Class,November,Saturday,5.25603597429143,0,11,6,0.6042154566744731,1
979.95,5,0.0,274.386,28.000000000000004,3,South,Consumer,Technology,Phones,Second Class,May,Sunday,6.888521489866838,0,5,7,0.8521008403361344,1
22.75,5,0.0,11.375,50.0,3,South,Consumer,Office Supplies,Binders,Second Class,May,Sunday,3.1675825304806504,0,5,7,0.6011730205278593,1
16.77,2,0.2,1.4672,8.748956469886702,6,West,Consumer,Office Supplies,Storage,Standard Class,July,Sunday,2.87751164216656,0,7,7,0.7795698924731183,1
10.75,4,0.2,3.36,31.25581395348837,5,East,Home Office,Office Supplies,Binders,Standard Class,December,Thursday,2.463853240590168,0,12,4,0.6011730205278593,1
152.94,3,0.0,41.2938,26.999999999999996,4,South,Consumer,Office Supplies,Appliances,Standard Class,December,Monday,5.036562916106171,0,12,1,0.867109634551495,1
283.92,4,0.0,70.98,25.0,4,South,Consumer,Furniture,Chairs,Standard Class,December,Monday,5.6522084391101535,0,12,1,0.6042154566744731,1
468.9,6,0.0,206.316,44.0,2,Central,Consumer,Technology,Accessories,First Class,February,Saturday,6.15251990610877,0,2,6,0.872,1
380.86,8,0.2,38.0864,10.000105025468676,3,West,Corporate,Technology,Phones,First Class,July,Thursday,5.945054049285319,0,7,4,0.8521008403361344,1
646.78,9,0.2,-145.5246,-22.499860849129533,5,East,Consumer,Office Supplies,Storage,Standard Class,December,Friday,6.473551132534166,0,12,5,0.7795698924731183,0
58.11,2,0.2,7.264,12.500430218551026,5,Central,Consumer,Technology,Accessories,Standard Class,May,Sunday,4.079400114836278,0,5,7,0.872,1
100.79,1,0.2,6.2995,6.2501240202401025,5,Central,Consumer,Technology,Phones,Standard Class,May,Sunday,4.622911867464248,0,5,7,0.8521008403361344,1
66.11,4,0.6,-84.2928,-127.50385720768416,5,Central,Consumer,Furniture,Furnishings,Standard Class,May,Sunday,4.206333064170148,1,5,7,0.8065522620904836,0
250.27,9,0.2,15.642,6.250049946058256,2,Central,Corporate,Office Supplies,Storage,Second Class,November,Sunday,5.526528058195265,0,11,7,0.7795698924731183,1
11.36,3,0.8,-17.046,-150.05281690140845,2,Central,Corporate,Office Supplies,Binders,Second Class,November,Sunday,2.514465452029545,1,11,7,0.6011730205278593,0
8.72,5,0.2,-1.744,-20.0,2,Central,Corporate,Office Supplies,Supplies,Second Class,November,Sunday,2.2741856184723477,0,11,7,0.816793893129771,0
1121.57,2,0.2,0.0,0.0,2,West,Consumer,Furniture,Chairs,Second Class,April,Friday,7.023375978473837,0,4,5,0.6042154566744731,0
19.46,4,0.2,3.4048,17.49640287769784,4,South,Consumer,Office Supplies,Art,Second Class,March,Monday,3.0184717605234805,0,3,1,1.0,1
20.7,2,0.0,9.936,48.00000000000001,5,West,Consumer,Office Supplies,Labels,Standard Class,June,Friday,3.077312260546414,0,6,5,1.0,1
1335.68,4,0.2,-217.048,-16.25,5,West,Consumer,Furniture,Tables,Standard Class,June,Friday,7.197944206645099,0,6,5,0.3627906976744186,0
32.4,5,0.0,15.552,48.0,5,West,Consumer,Office Supplies,Paper,Standard Class,June,Friday,3.5085558999826545,0,6,5,1.0,1
13.0,5,0.2,1.3,10.0,4,South,Consumer,Office Supplies,Appliances,Second Class,September,Sunday,2.6390573296152584,0,9,7,0.867109634551495,1
13.13,3,0.2,3.7743,28.745620715917745,4,South,Consumer,Furniture,Furnishings,Second Class,September,Sunday,2.6483001966964363,0,9,7,0.8065522620904836,1
3.96,2,0.0,0.0,0.0,2,West,Consumer,Office Supplies,Fasteners,First Class,December,Monday,1.601405740736836,0,12,1,0.9019607843137255,0
2.61,1,0.0,1.2006,46.0,2,West,Consumer,Office Supplies,Labels,First Class,December,Monday,1.2837077723447896,0,12,1,1.0,1
8.82,3,0.0,2.3814,27.0,4,West,Consumer,Office Supplies,Art,Standard Class,November,Thursday,2.2844211223663744,0,11,4,1.0,1
160.72,14,0.0,78.7528,48.99999999999999,4,West,Consumer,Office Supplies,Paper,Second Class,September,Friday,5.08586644477257,0,9,5,1.0,1
19.92,4,0.0,9.7608,48.99999999999999,4,West,Consumer,Office Supplies,Paper,Second Class,September,Friday,3.040705639196722,0,9,5,1.0,1
7.3,2,0.0,2.19,30.0,4,West,Consumer,Office Supplies,Supplies,Second Class,September,Friday,2.1162555148025524,0,9,5,0.816793893129771,1
51.52,4,0.0,1.5456,3.0,4,West,Consumer,Office Supplies,Supplies,Standard Class,September,Thursday,3.9611940494345954,0,9,4,0.816793893129771,1
70.98,1,0.0,4.9686,7.000000000000001,6,South,Consumer,Furniture,Chairs,Standard Class,July,Friday,4.276388302650885,0,7,5,0.6042154566744731,1
294.93,3,0.0,144.5157,49.00000000000001,6,South,Consumer,Office Supplies,Labels,Standard Class,July,Friday,5.6901229398702355,0,7,5,1.0,1
84.78,2,0.2,-20.1362,-23.75112054729889,4,West,Consumer,Technology,Phones,Standard Class,March,Sunday,4.451785879088734,0,3,7,0.8521008403361344,0
20.74,4,0.2,7.2576,34.993249758919966,4,West,Consumer,Office Supplies,Paper,Standard Class,March,Sunday,3.0791538816930633,0,3,7,1.0,1
16.82,3,0.7,-12.8961,-76.67122473246137,4,West,Consumer,Office Supplies,Binders,Standard Class,March,Sunday,2.8803214220426634,1,3,7,0.6011730205278593,0
10.37,2,0.2,3.6288,34.993249758919966,4,West,Consumer,Office Supplies,Paper,Standard Class,March,Sunday,2.4309783077624445,0,3,7,1.0,1
9.34,2,0.2,1.168,12.505353319057816,4,Central,Consumer,Office Supplies,Art,Standard Class,January,Thursday,2.336019869080283,0,1,4,1.0,1
31.2,3,0.2,9.75,31.25,4,Central,Consumer,Technology,Accessories,Standard Class,January,Thursday,3.4719664525503626,0,1,4,0.872,1
76.12,2,0.0,22.0748,28.999999999999996,7,West,Consumer,Office Supplies,Appliances,Standard Class,August,Friday,4.34536265030229,0,8,5,0.867109634551495,1
1199.98,3,0.2,434.9913,36.24987916465274,7,West,Consumer,Technology,Copiers,Standard Class,August,Friday,7.0908931691519825,0,8,5,1.0,1
445.96,5,0.2,55.745,12.5,7,West,Consumer,Technology,Phones,Standard Class,August,Friday,6.1024691051508935,0,8,5,0.8521008403361344,1
327.76,8,0.0,91.7728,28.000000000000004,7,West,Consumer,Furniture,Furnishings,Standard Class,August,Friday,5.795328001280299,0,8,5,0.8065522620904836,1
11.63,2,0.2,1.0178,8.751504729148753,2,East,Consumer,Office Supplies,Supplies,First Class,July,Thursday,2.5360749363624,0,7,4,0.816793893129771,1
143.98,3,0.4,-28.7964,-20.000277816363386,5,East,Consumer,Technology,Phones,Standard Class,July,Saturday,4.976595801872731,1,7,6,0.8521008403361344,0
494.38,4,0.4,-115.3544,-23.333144544682227,5,East,Consumer,Technology,Phones,Standard Class,July,Saturday,6.2053251448232745,1,7,6,0.8521008403361344,0
5.84,2,0.2,0.73,12.5,5,East,Consumer,Office Supplies,Supplies,Standard Class,July,Saturday,1.922787731634459,0,7,6,0.816793893129771,1
142.78,1,0.2,17.847,12.499649810897886,4,South,Consumer,Office Supplies,Storage,Standard Class,March,Saturday,4.968284353555726,0,3,6,0.7795698924731183,1
45.7,3,0.2,5.1408,11.24901531728665,4,South,Consumer,Furniture,Furnishings,Standard Class,March,Saturday,3.8437441646748516,0,3,6,0.8065522620904836,1
7.22,3,0.7,-5.5338,-76.64542936288089,4,South,Consumer,Office Supplies,Binders,Standard Class,March,Saturday,2.1065702090680882,1,3,6,0.6011730205278593,0
43.19,4,0.7,-31.6712,-73.32993748552906,4,South,Consumer,Office Supplies,Binders,Standard Class,March,Saturday,3.7884985191426486,1,3,6,0.6011730205278593,0
131.9,3,0.2,47.8152,36.251099317664895,4,South,Consumer,Office Supplies,Paper,Standard Class,March,Saturday,4.8895969657192,0,3,6,1.0,1
3.28,2,0.7,-2.6256,-80.04878048780488,4,East,Consumer,Office Supplies,Binders,Standard Class,May,Friday,1.4539530095937052,1,5,5,0.6011730205278593,0
21.17,9,0.2,2.3814,11.248937175247994,4,East,Consumer,Office Supplies,Art,Standard Class,May,Friday,3.09874002362822,0,5,5,1.0,1
55.19,2,0.4,-10.1178,-18.33266896176844,4,East,Consumer,Technology,Phones,Standard Class,May,Friday,4.028738805124107,1,5,5,0.8521008403361344,0
369.58,3,0.2,41.5773,11.249878240164511,3,Central,Corporate,Technology,Phones,First Class,April,Thursday,5.915069345854269,0,4,4,0.8521008403361344,1
15.71,4,0.2,5.6956,36.254614894971354,3,Central,Corporate,Office Supplies,Labels,First Class,April,Thursday,2.8160073426073025,0,4,4,1.0,1
8.45,2,0.2,2.64,31.24260355029586,2,East,Corporate,Office Supplies,Paper,Second Class,September,Sunday,2.2460147415056513,0,9,7,1.0,1
728.95,9,0.4,-157.9383,-21.66654777419576,2,East,Corporate,Technology,Phones,Second Class,September,Sunday,6.592976038645989,1,9,7,0.8521008403361344,0
8.69,5,0.8,-14.773,-170.0,5,Central,Consumer,Office Supplies,Binders,Standard Class,December,Friday,2.2710944259026746,1,12,5,0.6011730205278593,0
301.96,2,0.0,87.5684,29.000000000000004,4,Central,Corporate,Furniture,Chairs,Standard Class,November,Sunday,5.713600783593539,0,11,7,0.6042154566744731,1
555.21,5,0.1,178.901,32.22222222222222,4,Central,Corporate,Office Supplies,Appliances,Standard Class,November,Sunday,6.321145920782435,0,11,7,0.867109634551495,1
523.48,4,0.0,130.87,25.0,4,Central,Corporate,Office Supplies,Storage,Standard Class,November,Sunday,6.262407295555465,0,11,7,0.7795698924731183,1
161.82,9,0.0,46.9278,28.999999999999996,4,Central,Corporate,Office Supplies,Art,Standard Class,November,Sunday,5.0926452961458315,0,11,7,1.0,1
243.38,3,0.2,-51.7191,-21.250349248089407,2,West,Consumer,Office Supplies,Storage,Second Class,December,Sunday,5.498724390888376,0,12,7,0.7795698924731183,0
119.8,5,0.2,29.95,25.0,2,West,Consumer,Technology,Accessories,Second Class,December,Sunday,4.794136285500715,0,12,7,0.872,1
300.77,4,0.2,30.0768,9.999933504006384,2,West,Consumer,Technology,Phones,Second Class,December,Sunday,5.709665137814357,0,12,7,0.8521008403361344,1
392.94,3,0.0,43.2234,11.0,5,South,Corporate,Furniture,Chairs,Second Class,October,Sunday,5.976198613437549,0,10,7,0.6042154566744731,1
18.88,3,0.7,-13.8468,-73.34110169491525,6,West,Consumer,Office Supplies,Binders,Standard Class,August,Monday,2.989714201228428,1,8,1,0.6011730205278593,0
122.33,3,0.2,12.2328,9.999836507806751,6,West,Consumer,Office Supplies,Appliances,Standard Class,August,Monday,4.814863689577897,0,8,1,0.867109634551495,1
1049.2,5,0.0,272.792,25.999999999999996,5,West,Home Office,Furniture,Furnishings,Standard Class,May,Friday,6.956735901203759,0,5,5,0.8065522620904836,1
15.42,4,0.2,5.0128,32.50843060959793,5,West,Home Office,Office Supplies,Binders,Standard Class,May,Friday,2.7985001040242823,0,5,5,0.6011730205278593,1
18.84,3,0.0,6.0288,32.0,4,Central,Corporate,Furniture,Furnishings,Standard Class,December,Sunday,2.987700101856727,0,12,7,0.8065522620904836,1
31.56,5,0.2,9.8625,31.250000000000007,7,West,Corporate,Office Supplies,Fasteners,Standard Class,April,Friday,3.4830845411343394,0,4,5,0.9019607843137255,1
30.14,2,0.2,3.0144,10.001327140013272,7,West,Corporate,Office Supplies,Appliances,Standard Class,April,Friday,3.4384931664058525,0,4,5,0.867109634551495,1
14.8,4,0.0,6.068,41.0,5,West,Corporate,Furniture,Furnishings,Second Class,December,Sunday,2.760009940032921,0,12,7,0.8065522620904836,1
302.38,3,0.2,22.6782,7.499900787089094,5,West,Corporate,Technology,Phones,Second Class,December,Sunday,5.714986145163526,0,12,7,0.8521008403361344,1
316.0,4,0.0,31.6,10.0,5,West,Corporate,Technology,Accessories,Second Class,December,Sunday,5.75890177387728,0,12,7,0.872,1
379.4,10,0.0,178.318,47.00000000000001,6,East,Home Office,Office Supplies,Paper,Standard Class,October,Sunday,5.941223330671235,0,10,7,1.0,1
113.55,2,0.2,8.5164,7.500132100396302,6,East,Consumer,Office Supplies,Appliances,Standard Class,August,Monday,4.741011408899505,0,8,1,0.867109634551495,1
3.32,2,0.7,-2.6544,-79.95180722891565,6,East,Consumer,Office Supplies,Binders,Standard Class,August,Monday,1.463255402256019,1,8,1,0.6011730205278593,0
134.29,2,0.2,45.3222,33.74949735646735,6,East,Consumer,Office Supplies,Envelopes,Standard Class,August,Monday,4.907420622615269,0,8,1,1.0,1
701.37,2,0.3,-50.098,-7.142877511156735,0,Central,Home Office,Furniture,Chairs,Same Day,September,Monday,6.554460330702629,1,9,1,0.6042154566744731,0
2.31,2,0.8,-3.462,-149.87012987012986,0,Central,Home Office,Office Supplies,Binders,Same Day,September,Monday,1.1969481893889715,1,9,1,0.6011730205278593,0
999.43,7,0.2,124.929,12.500025014258128,4,Central,Consumer,Office Supplies,Storage,Standard Class,August,Monday,6.908185186558631,0,8,1,0.7795698924731183,1
724.08,14,0.2,-135.765,-18.749999999999996,4,Central,Consumer,Office Supplies,Storage,Standard Class,August,Monday,6.586281993594718,0,8,1,0.7795698924731183,0
918.79,5,0.3,-118.1295,-12.857072889343593,4,Central,Consumer,Furniture,Tables,Standard Class,August,Monday,6.824145383118044,1,8,1,0.3627906976744186,0
2.72,3,0.8,-4.2222,-155.22794117647058,4,Central,Consumer,Office Supplies,Binders,Standard Class,August,Monday,1.3137236682850553,1,8,1,0.6011730205278593,0
459.95,5,0.0,18.398,4.0,4,East,Corporate,Office Supplies,Storage,Standard Class,March,Saturday,6.133289577244604,0,3,6,0.7795698924731183,1
10.74,3,0.0,5.2626,49.0,0,South,Consumer,Office Supplies,Fasteners,Same Day,November,Friday,2.4630018143999504,0,11,5,0.9019607843137255,1
30.36,5,0.2,8.7285,28.750000000000004,2,East,Consumer,Furniture,Furnishings,First Class,December,Wednesday,3.445533195482207,0,12,3,0.8065522620904836,1
14.35,3,0.2,4.6644,32.50452961672474,5,East,Consumer,Office Supplies,Binders,Standard Class,November,Saturday,2.731115474033206,0,11,6,0.6011730205278593,1
64.96,2,0.0,2.5984,4.0,5,East,Consumer,Office Supplies,Storage,Standard Class,November,Saturday,4.189048497691398,0,11,6,0.7795698924731183,1
68.6,4,0.0,18.522,27.0,5,East,Consumer,Office Supplies,Storage,Standard Class,November,Saturday,4.242764567340374,0,11,6,0.7795698924731183,1
479.97,3,0.0,163.1898,34.0,3,South,Consumer,Technology,Accessories,First Class,July,Saturday,6.175804898098298,0,7,6,0.872,1
14.62,2,0.0,6.8714,47.0,3,South,Consumer,Office Supplies,Labels,First Class,July,Saturday,2.7485521444115397,0,7,6,1.0,1
19.44,3,0.0,9.3312,48.00000000000001,3,South,Consumer,Office Supplies,Paper,First Class,July,Saturday,3.017493765335504,0,7,6,1.0,1
104.01,1,0.0,14.5614,14.000000000000002,2,South,Consumer,Furniture,Furnishings,Second Class,June,Saturday,4.654055583717902,0,6,6,0.8065522620904836,1
284.82,1,0.0,74.0532,26.0,2,South,Consumer,Technology,Phones,Second Class,June,Saturday,5.6553622420536485,0,6,6,0.8521008403361344,1
36.84,3,0.0,10.3152,27.999999999999996,2,South,Consumer,Office Supplies,Storage,Second Class,June,Saturday,3.6333667441836774,0,6,6,0.7795698924731183,1
166.24,1,0.0,24.936,15.0,5,West,Consumer,Technology,Accessories,Standard Class,March,Saturday,5.119429906488365,0,3,6,0.872,1
33.4,5,0.0,16.032,48.00000000000001,5,West,Consumer,Office Supplies,Paper,Standard Class,March,Saturday,3.5380565643793527,0,3,6,1.0,1
198.27,8,0.2,17.3488,8.750088263479094,3,East,Home Office,Office Supplies,Art,First Class,May,Thursday,5.294660689044493,0,5,4,1.0,1
47.36,4,0.2,17.76,37.50000000000001,3,East,Home Office,Office Supplies,Labels,First Class,May,Thursday,3.878673025746592,0,5,4,1.0,1
200.98,7,0.2,62.8075,31.25062195243308,3,East,Home Office,Office Supplies,Envelopes,First Class,May,Thursday,5.308168682598411,0,5,4,1.0,1
97.7,4,0.2,31.7512,32.49866939611054,3,East,Home Office,Office Supplies,Labels,First Class,May,Thursday,4.592084946439436,0,5,4,1.0,1
2.7,1,0.2,0.8088,29.955555555555552,3,East,Home Office,Office Supplies,Art,First Class,May,Thursday,1.308332819650179,0,5,4,1.0,1
18.59,2,0.7,-13.6312,-73.32544378698225,3,East,Home Office,Office Supplies,Binders,First Class,May,Thursday,2.9750192319564492,1,5,4,0.6011730205278593,0
4.9,3,0.7,-3.4272,-69.94285714285714,3,East,Home Office,Office Supplies,Binders,First Class,May,Thursday,1.7749523509116738,1,5,4,0.6011730205278593,0
209.88,3,0.0,35.6796,17.0,4,West,Corporate,Furniture,Furnishings,Second Class,November,Friday,5.351289251314142,0,11,5,0.8065522620904836,1
369.91,3,0.2,-13.8717,-3.7500202752020764,5,West,Consumer,Furniture,Tables,Standard Class,April,Thursday,5.915959445577226,0,4,4,0.3627906976744186,0
10.37,2,0.2,3.6288,34.993249758919966,5,South,Corporate,Office Supplies,Paper,Standard Class,September,Friday,2.4309783077624445,0,9,5,1.0,1
166.84,5,0.2,18.7695,11.25,5,South,Corporate,Office Supplies,Appliances,Standard Class,September,Friday,5.123011144647987,0,9,5,0.867109634551495,1
15.22,1,0.2,2.2824,14.996057818659658,5,South,Corporate,Technology,Accessories,Standard Class,September,Friday,2.7862450486872667,0,9,5,0.872,1
119.96,4,0.0,52.7824,44.00000000000001,2,East,Consumer,Technology,Accessories,First Class,December,Tuesday,4.795459912431223,0,12,2,0.872,1
883.92,5,0.2,-110.49,-12.5,2,East,Consumer,Furniture,Bookcases,First Class,December,Tuesday,6.7854972454417855,0,12,2,0.5263157894736842,0
46.72,8,0.2,15.768,33.75,2,East,Consumer,Office Supplies,Binders,First Class,December,Tuesday,3.8653505972297153,0,12,2,0.6011730205278593,1
55.48,1,0.0,26.6304,48.00000000000001,2,East,Home Office,Office Supplies,Paper,First Class,April,Saturday,4.033886593184986,0,4,6,1.0,1
19.92,5,0.2,6.972,35.0,5,West,Corporate,Office Supplies,Binders,Second Class,July,Tuesday,3.040705639196722,0,7,2,0.6011730205278593,1
9.94,2,0.0,3.0814,31.0,3,East,Consumer,Furniture,Furnishings,First Class,January,Saturday,2.392425796993835,0,1,6,0.8065522620904836,1
59.81,3,0.2,19.4376,32.49891322521317,5,West,Home Office,Office Supplies,Binders,Standard Class,June,Monday,4.107754249132018,0,6,1,0.6011730205278593,1
73.32,6,0.0,21.996,30.0,5,West,Home Office,Furniture,Furnishings,Standard Class,June,Monday,4.308380094505583,0,6,1,0.8065522620904836,1
146.82,3,0.0,73.41,50.0,5,West,Home Office,Office Supplies,Paper,Standard Class,February,Saturday,4.995995317356741,0,2,6,1.0,1
1652.94,3,0.0,231.4116,13.999999999999998,4,Central,Corporate,Furniture,Tables,Standard Class,December,Thursday,7.410915599230374,0,12,4,0.3627906976744186,1
296.37,3,0.0,80.0199,27.0,4,Central,Corporate,Office Supplies,Storage,Standard Class,December,Thursday,5.694977154694463,0,12,4,0.7795698924731183,1
129.92,5,0.2,21.112,16.25,6,East,Home Office,Furniture,Furnishings,Standard Class,October,Tuesday,4.87458644963298,0,10,2,0.8065522620904836,1
45.58,7,0.2,5.1282,11.250987275120666,5,South,Corporate,Office Supplies,Supplies,Standard Class,July,Thursday,3.841171264456195,0,7,4,0.816793893129771,1
182.72,8,0.0,84.0512,46.0,3,East,Consumer,Office Supplies,Paper,First Class,December,Saturday,5.213412859457593,0,12,6,1.0,1
400.03,2,0.4,-153.3456,-38.33352498562608,3,East,Consumer,Furniture,Tables,First Class,December,Saturday,5.994036237475799,1,12,6,0.3627906976744186,0
33.63,3,0.0,10.089,30.0,3,East,Consumer,Office Supplies,Storage,First Class,December,Saturday,3.5447203584143305,0,12,6,0.7795698924731183,1
542.65,3,0.1,102.4998,18.888749654473415,3,East,Consumer,Furniture,Chairs,First Class,December,Saturday,6.298305657443758,0,12,6,0.6042154566744731,1
6.3,2,0.0,3.024,48.00000000000001,3,East,Consumer,Office Supplies,Labels,First Class,December,Saturday,1.9878743481543455,0,12,6,1.0,1
49.98,2,0.0,8.4966,17.000000000000004,4,West,Consumer,Technology,Accessories,Standard Class,September,Monday,3.9314333989479695,0,9,1,0.872,1
11.78,3,0.2,4.2717,36.26230899830221,4,Central,Home Office,Office Supplies,Labels,Standard Class,January,Saturday,2.5478814489493886,0,1,6,1.0,1
272.74,3,0.2,-64.7748,-23.749651682921463,4,Central,Home Office,Office Supplies,Storage,Standard Class,January,Saturday,5.61217875078312,0,1,6,0.7795698924731183,0
3.54,2,0.8,-5.487,-155.0,4,Central,Home Office,Office Supplies,Binders,Standard Class,January,Saturday,1.5129270120532565,1,1,6,0.6011730205278593,0
51.52,5,0.2,-10.948,-21.25,5,Central,Consumer,Office Supplies,Supplies,Standard Class,August,Saturday,3.9611940494345954,0,8,6,0.816793893129771,0
3.53,1,0.2,1.1466,32.481586402266295,5,Central,Consumer,Office Supplies,Paper,Standard Class,August,Saturday,1.5107219394949425,0,8,6,1.0,1
4.62,1,0.2,1.6762,36.28138528138528,5,Central,Consumer,Office Supplies,Paper,Standard Class,August,Saturday,1.7263316639055997,0,8,6,1.0,1
55.17,4,0.2,6.2064,11.249592169657422,5,Central,Consumer,Office Supplies,Supplies,Standard Class,August,Saturday,4.028382806544341,0,8,6,0.816793893129771,1
567.12,10,0.2,-28.356,-5.0,0,West,Corporate,Furniture,Tables,Same Day,May,Tuesday,6.342332664012927,0,5,2,0.3627906976744186,0
359.32,4,0.0,7.1864,2.0,0,West,Corporate,Office Supplies,Storage,Same Day,May,Tuesday,5.886992525511271,0,5,2,0.7795698924731183,1
11.99,1,0.2,0.8994,7.501251042535446,2,Central,Consumer,Technology,Phones,Second Class,March,Sunday,2.5641798306825083,0,3,7,0.8521008403361344,1
1199.98,3,0.2,374.9925,31.24989583159719,2,West,Corporate,Technology,Copiers,First Class,April,Thursday,7.0908931691519825,0,4,4,1.0,1
79.92,4,0.0,28.7712,36.0,5,West,Consumer,Furniture,Furnishings,Standard Class,December,Monday,4.393461012299545,0,12,1,0.8065522620904836,1
383.44,4,0.45,-167.3184,-43.636136031712915,4,South,Corporate,Furniture,Tables,Standard Class,September,Sunday,5.951787729955083,1,9,7,0.3627906976744186,0
24.56,2,0.0,6.8768,28.000000000000004,4,Central,Consumer,Office Supplies,Storage,Standard Class,December,Monday,3.241028629509334,0,12,1,0.7795698924731183,1
119.8,4,0.0,47.92,40.0,4,Central,Consumer,Technology,Accessories,Standard Class,December,Monday,4.794136285500715,0,12,1,0.872,1
58.32,9,0.0,27.9936,48.0,5,West,Consumer,Office Supplies,Paper,Standard Class,August,Monday,4.082946517269732,0,8,1,1.0,1
107.98,3,0.4,-26.9955,-25.000463048712724,5,East,Consumer,Technology,Phones,Standard Class,February,Sunday,4.691164379154952,1,2,7,0.8521008403361344,0
11.36,2,0.0,5.3392,47.0,2,South,Corporate,Office Supplies,Envelopes,Second Class,January,Monday,2.514465452029545,0,1,1,1.0,1
50.94,3,0.0,25.47,50.0,2,South,Corporate,Office Supplies,Envelopes,Second Class,January,Monday,3.9500892062346025,0,1,1,1.0,1
646.74,6,0.0,258.696,40.0,2,South,Corporate,Technology,Accessories,Second Class,January,Monday,6.473489381268246,0,1,1,0.872,1
5.64,3,0.0,2.7072,48.0,2,South,Corporate,Office Supplies,Binders,Second Class,January,Monday,1.8931119634883424,0,1,1,0.6011730205278593,1
572.58,6,0.0,34.3548,5.999999999999999,2,South,Corporate,Office Supplies,Storage,Second Class,January,Monday,6.351897421174038,0,1,1,0.7795698924731183,1
310.88,2,0.2,23.316,7.5,6,South,Corporate,Furniture,Furnishings,Standard Class,May,Wednesday,5.7426184984413995,0,5,3,0.8065522620904836,1
641.96,2,0.0,179.7488,27.999999999999996,5,South,Consumer,Furniture,Chairs,Standard Class,May,Thursday,6.466082513904463,0,5,4,0.6042154566744731,1
32.76,7,0.2,3.6855,11.250000000000002,7,East,Consumer,Office Supplies,Art,Standard Class,June,Sunday,3.5192766697277564,0,6,7,1.0,1
544.01,3,0.2,40.8006,7.499972426977446,2,West,Home Office,Furniture,Chairs,First Class,August,Friday,6.300804143118763,0,8,5,0.6042154566744731,1
59.94,3,0.0,28.1718,47.0,2,West,Home Office,Office Supplies,Paper,First Class,August,Friday,4.109889773557563,0,8,5,1.0,1
23.92,4,0.0,11.7208,49.0,2,West,Home Office,Office Supplies,Paper,First Class,August,Friday,3.2156706939192525,0,8,5,1.0,1
4.28,1,0.0,1.926,44.99999999999999,2,West,Home Office,Office Supplies,Paper,First Class,August,Friday,1.6639260977181702,0,8,5,1.0,1
32.07,5,0.7,-22.449,-70.0,3,East,Consumer,Office Supplies,Binders,Second Class,October,Saturday,3.4986265269937014,1,10,6,0.6011730205278593,0
24.0,2,0.2,-2.7,-11.25,3,East,Consumer,Technology,Accessories,Second Class,October,Saturday,3.2188758248682006,0,10,6,0.872,0
35.49,1,0.5,-15.6156,-44.0,3,East,Consumer,Furniture,Bookcases,Second Class,October,Saturday,3.5970382504483562,1,10,6,0.5263157894736842,0
47.98,2,0.2,0.5998,1.2501042100875366,3,East,Consumer,Technology,Accessories,Second Class,October,Saturday,3.891412051524022,0,10,6,0.872,1
186.69,3,0.0,87.7443,47.0,5,South,Corporate,Office Supplies,Envelopes,Standard Class,May,Saturday,5.234791665668158,0,5,6,1.0,1
348.93,2,0.2,34.8928,9.999942681913279,4,West,Consumer,Furniture,Chairs,Standard Class,December,Saturday,5.857733134480792,0,12,6,0.6042154566744731,1
143.96,4,0.0,69.1008,48.00000000000001,4,South,Consumer,Office Supplies,Binders,Standard Class,June,Friday,4.9764578422946695,0,6,5,0.6011730205278593,1
15.42,1,0.0,4.1634,27.0,4,South,Consumer,Office Supplies,Storage,Standard Class,June,Friday,2.7985001040242823,0,6,5,0.7795698924731183,1
43.04,8,0.0,21.0896,49.00000000000001,4,South,Consumer,Office Supplies,Binders,Standard Class,June,Friday,3.785098311854479,0,6,5,0.6011730205278593,1
332.94,3,0.0,79.9056,24.000000000000004,4,South,Consumer,Furniture,Chairs,Standard Class,June,Friday,5.810961336120811,0,6,5,0.6042154566744731,1
1363.96,5,0.2,85.2475,6.25,0,South,Consumer,Technology,Phones,Same Day,May,Friday,7.218880403160385,0,5,5,0.8521008403361344,1
9.96,2,0.0,4.5816,46.0,6,West,Consumer,Office Supplies,Labels,Standard Class,September,Saturday,2.3942522815198695,0,9,6,1.0,1
21.72,4,0.0,10.6428,49.0,6,West,Consumer,Office Supplies,Paper,Standard Class,September,Saturday,3.1232455938529506,0,9,6,1.0,1
132.79,7,0.0,63.7392,48.0,2,East,Corporate,Office Supplies,Paper,First Class,December,Thursday,4.8962714064855275,0,12,4,1.0,1
12.96,2,0.0,6.2208,47.99999999999999,2,East,Corporate,Office Supplies,Paper,First Class,December,Thursday,2.6361960973342264,0,12,4,1.0,1
21.56,7,0.0,10.3488,48.00000000000001,2,East,Corporate,Office Supplies,Labels,First Class,December,Thursday,3.1161784266298582,0,12,4,1.0,1
283.92,5,0.2,17.745,6.25,6,West,Consumer,Furniture,Chairs,Standard Class,November,Friday,5.6522084391101535,0,11,5,0.6042154566744731,1
355.32,9,0.0,99.4896,27.999999999999996,5,East,Corporate,Office Supplies,Appliances,Second Class,August,Thursday,5.875829203509057,0,8,4,0.867109634551495,1
12.96,2,0.0,6.2208,47.99999999999999,5,South,Corporate,Office Supplies,Paper,Standard Class,March,Saturday,2.6361960973342264,0,3,6,1.0,1
43.18,3,0.2,4.3176,9.999073645206114,6,West,Consumer,Office Supplies,Art,Standard Class,November,Saturday,3.788272197991971,0,11,6,1.0,1
1983.97,4,0.2,247.996,12.49998739900301,6,West,Consumer,Technology,Phones,Standard Class,November,Saturday,7.593359079656957,0,11,6,0.8521008403361344,1
28.4,2,0.0,11.076,39.0,2,Central,Consumer,Furniture,Furnishings,First Class,February,Tuesday,3.380994674344636,0,2,2,0.8065522620904836,1
149.97,3,0.0,50.9898,34.0,2,Central,Consumer,Technology,Accessories,First Class,February,Tuesday,5.017081141579645,0,2,2,0.872,1
11.52,4,0.0,3.2256,28.000000000000004,2,West,Consumer,Office Supplies,Art,First Class,October,Monday,2.5273273656719524,0,10,1,1.0,1
1298.55,5,0.0,311.652,24.0,2,West,Consumer,Furniture,Tables,First Class,October,Monday,7.169773329678402,0,10,1,0.3627906976744186,1
213.92,4,0.0,62.0368,29.000000000000004,2,West,Consumer,Office Supplies,Appliances,First Class,October,Monday,5.37026586586062,0,10,1,0.867109634551495,1
25.78,2,0.0,2.578,10.0,2,West,Consumer,Technology,Accessories,First Class,October,Monday,3.2876553402630266,0,10,1,0.872,1
51.84,8,0.0,24.8832,47.99999999999999,3,Central,Corporate,Office Supplies,Paper,First Class,March,Friday,3.9672684796541247,0,3,5,1.0,1
5.34,1,0.2,1.8704,35.026217228464425,4,East,Consumer,Office Supplies,Paper,Standard Class,September,Thursday,1.8468787684491346,0,9,4,1.0,1
41.47,8,0.2,14.5152,35.00168796720521,4,East,Consumer,Office Supplies,Paper,Standard Class,June,Saturday,3.74879794432518,0,6,6,1.0,1
3.17,3,0.7,-2.4288,-76.61829652996846,4,East,Consumer,Office Supplies,Binders,Standard Class,June,Saturday,1.4279160358107101,1,6,6,0.6011730205278593,0
1228.47,5,0.3,0.0,0.0,4,East,Consumer,Furniture,Chairs,Standard Class,June,Saturday,7.11433846119589,1,6,6,0.6042154566744731,0
31.09,3,0.7,-22.7964,-73.32389835960116,4,East,Consumer,Office Supplies,Binders,Standard Class,June,Saturday,3.4685444551217657,1,6,6,0.6011730205278593,0
335.52,4,0.2,117.432,35.0,4,East,Consumer,Office Supplies,Paper,Standard Class,June,Saturday,5.818657582682612,0,6,6,1.0,1
67.8,4,0.0,4.068,6.0,6,West,Consumer,Technology,Accessories,Standard Class,May,Friday,4.231203744939298,0,5,5,0.872,1
167.97,3,0.0,40.3128,24.000000000000004,6,West,Consumer,Technology,Accessories,Standard Class,May,Friday,5.129721184372558,0,5,5,0.872,1
35.22,2,0.2,2.6412,7.499148211243611,4,South,Corporate,Office Supplies,Art,Standard Class,July,Saturday,3.589611452455267,0,7,6,1.0,1
23.7,2,0.2,6.5164,27.495358649789033,4,South,Corporate,Office Supplies,Appliances,Standard Class,July,Saturday,3.2068032436339315,0,7,6,0.867109634551495,1
265.48,1,0.5,-111.4995,-41.99920897996082,4,South,Corporate,Technology,Machines,Standard Class,July,Saturday,5.585299193885424,1,7,6,0.5975609756097561,0
51.18,4,0.8,-79.3352,-155.01211410707307,5,Central,Consumer,Office Supplies,Binders,Second Class,September,Monday,3.9546992797085823,1,9,1,0.6011730205278593,0
21.07,3,0.2,1.5804,7.500711912672045,5,Central,Corporate,Technology,Phones,Standard Class,March,Monday,3.094219220268645,0,3,1,0.8521008403361344,1
60.45,3,0.0,16.3215,27.0,5,East,Corporate,Office Supplies,Art,Standard Class,November,Friday,4.118223836012044,0,11,5,1.0,1
11.52,4,0.0,3.3408,29.000000000000004,5,East,Corporate,Office Supplies,Art,Standard Class,November,Friday,2.5273273656719524,0,11,5,1.0,1
186.05,4,0.2,9.3024,4.999946251007794,5,East,Corporate,Furniture,Bookcases,Standard Class,November,Friday,5.231375960794155,0,11,5,0.5263157894736842,1
37.44,4,0.2,11.7,31.25,2,West,Corporate,Office Supplies,Binders,First Class,November,Monday,3.6490985841020915,0,11,1,0.6011730205278593,1
26.98,4,0.2,8.7672,32.49518161601186,2,West,Corporate,Office Supplies,Binders,First Class,November,Monday,3.331489969237335,0,11,1,0.6011730205278593,1
11.36,2,0.0,3.2944,29.000000000000004,2,West,Corporate,Office Supplies,Supplies,First Class,November,Monday,2.514465452029545,0,11,1,0.816793893129771,1
14.62,2,0.0,6.8714,47.0,2,West,Corporate,Office Supplies,Labels,First Class,November,Monday,2.7485521444115397,0,11,1,1.0,1
83.72,7,0.0,23.4416,28.000000000000004,4,South,Consumer,Technology,Phones,Standard Class,October,Tuesday,4.439351701293151,0,10,2,0.8521008403361344,1
287.94,3,0.0,77.7438,26.999999999999996,4,South,Consumer,Furniture,Chairs,Standard Class,October,Tuesday,5.666219054101235,0,10,2,0.6042154566744731,1
115.36,7,0.0,49.6048,43.0,5,East,Corporate,Technology,Accessories,Standard Class,February,Friday,4.756688833627001,0,2,5,0.872,1
5.16,2,0.0,1.3416,25.999999999999996,5,West,Corporate,Office Supplies,Art,Second Class,June,Monday,1.8180767775454285,0,6,1,1.0,1
38.88,6,0.0,18.6624,48.00000000000001,5,West,Corporate,Office Supplies,Paper,Second Class,June,Monday,3.6858749450936377,0,6,1,1.0,1
185.88,6,0.0,50.1876,27.0,7,South,Consumer,Office Supplies,Art,Standard Class,May,Saturday,5.230466699639862,0,5,6,1.0,1
44.46,2,0.0,14.6718,32.99999999999999,5,East,Consumer,Furniture,Furnishings,Standard Class,February,Friday,3.8168328184243974,0,2,5,0.8065522620904836,1
242.94,3,0.0,9.7176,3.9999999999999996,5,East,Consumer,Office Supplies,Storage,Standard Class,February,Friday,5.496922293415092,0,2,5,0.7795698924731183,1
39.96,2,0.0,18.7812,47.0,5,East,Consumer,Office Supplies,Paper,Standard Class,August,Sunday,3.7125959807312525,0,8,7,1.0,1
102.3,10,0.0,26.598,26.0,5,East,Consumer,Office Supplies,Supplies,Standard Class,August,Sunday,4.637637376125593,0,8,7,0.816793893129771,1
21.36,2,0.0,5.7672,27.0,5,East,Consumer,Office Supplies,Storage,Standard Class,August,Sunday,3.1072736482868986,0,8,7,0.7795698924731183,1
7.36,2,0.0,0.1472,2.0,7,West,Consumer,Office Supplies,Supplies,Standard Class,June,Monday,2.1234584270966104,0,6,1,0.816793893129771,1
23.1,2,0.0,10.626,46.0,7,West,Consumer,Office Supplies,Art,Standard Class,June,Monday,3.1822118404966093,0,6,1,1.0,1
191.47,6,0.2,40.6878,21.250221966887764,2,South,Corporate,Technology,Accessories,Second Class,January,Tuesday,5.259940297427033,0,1,2,0.872,1
5.25,2,0.2,0.5904,11.245714285714287,2,South,Corporate,Office Supplies,Art,Second Class,January,Tuesday,1.8325814637483102,0,1,2,1.0,1
59.18,2,0.2,5.1786,8.750591416018926,2,South,Corporate,Technology,Phones,Second Class,January,Tuesday,4.0973400712018995,0,1,2,0.8521008403361344,1
2.89,1,0.0,1.3583,47.0,5,South,Corporate,Office Supplies,Labels,Standard Class,January,Friday,1.358409157630355,0,1,5,1.0,1
51.94,1,0.0,21.2954,41.0,5,South,Corporate,Furniture,Furnishings,Standard Class,January,Friday,3.9691591967989552,0,1,5,0.8065522620904836,1
15.94,4,0.2,5.1792,32.49184441656211,3,East,Corporate,Office Supplies,Labels,First Class,September,Thursday,2.8296776892239084,0,9,4,1.0,1
44.91,6,0.7,-35.928,-80.0,4,East,Corporate,Office Supplies,Binders,Standard Class,April,Sunday,3.826682958261131,1,4,7,0.6011730205278593,0
1141.47,5,0.7,-760.98,-66.66666666666666,2,East,Home Office,Office Supplies,Binders,First Class,September,Saturday,7.040947864217918,1,9,6,0.6011730205278593,0
280.78,3,0.4,-46.797,-16.66678538357433,2,East,Home Office,Technology,Phones,First Class,September,Saturday,5.64112662462513,1,9,6,0.8521008403361344,0
34.44,3,0.0,17.22,50.0,1,East,Consumer,Office Supplies,Paper,First Class,October,Monday,3.56784112573688,0,10,1,1.0,1
11.36,2,0.0,5.2256,46.0,5,East,Consumer,Office Supplies,Paper,Standard Class,December,Wednesday,2.514465452029545,0,12,3,1.0,1
106.34,7,0.2,37.2204,35.00131653187887,5,East,Consumer,Office Supplies,Binders,Standard Class,December,Wednesday,4.676001366748682,0,12,3,0.6011730205278593,1
322.59,3,0.0,64.518,20.0,4,East,Home Office,Furniture,Furnishings,Standard Class,January,Sunday,5.779477282358271,0,1,7,0.8065522620904836,1
29.99,1,0.0,13.1956,44.00000000000001,4,East,Home Office,Technology,Accessories,Standard Class,January,Sunday,3.433664571799657,0,1,7,0.872,1
371.97,3,0.0,66.9546,18.0,4,East,Home Office,Technology,Accessories,Standard Class,January,Sunday,5.92149798745481,0,1,7,0.872,1
5.89,4,0.7,-4.1244,-70.02376910016977,4,East,Home Office,Office Supplies,Binders,Standard Class,September,Wednesday,1.9300710850255671,1,9,3,0.6011730205278593,0
30.84,2,0.0,8.3268,27.0,4,South,Consumer,Office Supplies,Storage,Standard Class,October,Friday,3.460723360976182,0,10,5,0.7795698924731183,1
31.4,5,0.0,10.048,32.0,2,Central,Home Office,Furniture,Furnishings,First Class,October,Saturday,3.4781584227982836,0,10,6,0.8065522620904836,1
17.46,2,0.0,5.9364,34.0,5,East,Consumer,Furniture,Furnishings,Standard Class,April,Tuesday,2.9156062290747062,0,4,2,0.8065522620904836,1
13.94,3,0.2,4.5318,32.50932568149211,3,West,Corporate,Office Supplies,Binders,Second Class,April,Saturday,2.7040421797046714,0,4,6,0.6011730205278593,1
34.68,6,0.0,16.9932,49.00000000000001,7,West,Corporate,Office Supplies,Paper,Standard Class,December,Tuesday,3.5745903077118086,0,12,2,1.0,1
155.82,7,0.0,42.0714,27.0,2,West,Corporate,Office Supplies,Storage,First Class,November,Thursday,5.055098650802776,0,11,4,0.7795698924731183,1
70.01,3,0.2,24.5028,34.999000142836735,2,West,Corporate,Office Supplies,Binders,First Class,November,Thursday,4.262820712194002,0,11,4,0.6011730205278593,1
15.65,2,0.2,5.0856,32.495846645367415,3,Central,Consumer,Office Supplies,Envelopes,Second Class,October,Monday,2.8124102164264526,0,10,1,1.0,1
103.6,7,0.0,51.8,50.0,6,Central,Consumer,Office Supplies,Labels,Standard Class,September,Tuesday,4.650143551630823,0,9,2,1.0,1
8.9,2,0.7,-6.5296,-73.36629213483145,2,East,Corporate,Office Supplies,Binders,First Class,April,Sunday,2.2925347571405443,1,4,7,0.6011730205278593,0
20.04,3,0.0,9.6192,48.0,4,West,Consumer,Office Supplies,Paper,Standard Class,April,Friday,3.046425387869509,0,4,5,1.0,1
64.96,2,0.0,2.5984,4.0,4,West,Consumer,Office Supplies,Storage,Standard Class,April,Friday,4.189048497691398,0,4,5,0.7795698924731183,1
12.96,2,0.0,6.2208,47.99999999999999,4,West,Consumer,Office Supplies,Paper,Standard Class,April,Friday,2.6361960973342264,0,4,5,1.0,1
22.2,6,0.0,9.102,41.0,7,East,Home Office,Furniture,Furnishings,Standard Class,May,Sunday,3.1441522786722644,0,5,7,0.8065522620904836,1
99.92,2,0.3,-18.5562,-18.57105684547638,6,Central,Corporate,Furniture,Tables,Standard Class,June,Sunday,4.614328123772857,1,6,7,0.3627906976744186,0
797.94,4,0.3,-56.996,-7.142892949344562,6,Central,Corporate,Furniture,Chairs,Standard Class,June,Sunday,6.683285849079255,1,6,7,0.6042154566744731,0
8.57,3,0.8,-14.5656,-169.96032672112017,6,Central,Corporate,Office Supplies,Binders,Standard Class,June,Sunday,2.258633205464863,1,6,7,0.6011730205278593,0
149.35,3,0.2,50.4063,33.75045195848678,6,Central,Corporate,Office Supplies,Envelopes,Standard Class,March,Saturday,5.012965909434538,0,3,6,1.0,1
12.99,1,0.2,-0.812,-6.250962278675905,6,Central,Corporate,Office Supplies,Storage,Standard Class,March,Saturday,2.63834278867739,0,3,6,0.7795698924731183,0
24.56,2,0.0,6.8768,28.000000000000004,7,South,Consumer,Office Supplies,Storage,Standard Class,December,Friday,3.241028629509334,0,12,5,0.7795698924731183,1
85.14,3,0.0,34.9074,41.0,4,East,Consumer,Technology,Accessories,Standard Class,April,Saturday,4.455973879625964,0,4,6,0.872,1
21.99,1,0.0,10.5552,48.0,4,East,Consumer,Technology,Phones,Standard Class,April,Saturday,3.1350593387750902,0,4,6,0.8521008403361344,1
406.6,5,0.0,113.848,27.999999999999996,4,East,Consumer,Office Supplies,Appliances,Standard Class,April,Saturday,6.01028630134857,0,4,6,0.867109634551495,1
841.57,2,0.2,294.5488,34.99991682213007,5,East,Corporate,Office Supplies,Binders,Standard Class,September,Thursday,6.736456744828474,0,9,4,0.6011730205278593,1
15.55,3,0.2,5.4432,35.004501607717046,3,East,Consumer,Office Supplies,Paper,First Class,September,Saturday,2.806386101823072,0,9,6,1.0,1
252.0,5,0.2,53.55,21.25,3,East,Consumer,Technology,Accessories,First Class,September,Saturday,5.53338948872752,0,9,6,0.872,1
46.2,4,0.0,12.936,27.999999999999996,4,South,Home Office,Office Supplies,Art,Standard Class,October,Monday,3.8543938925915096,0,10,1,1.0,1
28.84,2,0.0,9.5172,33.0,4,South,Home Office,Office Supplies,Appliances,Standard Class,October,Monday,3.3958497753355603,0,10,1,0.867109634551495,1
45.06,8,0.2,15.2064,33.74700399467377,4,East,Home Office,Office Supplies,Paper,Standard Class,June,Monday,3.8299448943925394,0,6,1,1.0,1
29.72,6,0.7,-21.7932,-73.32839838492598,4,East,Home Office,Office Supplies,Binders,Standard Class,June,Monday,3.4249139082794713,1,6,1,0.6011730205278593,0
15.55,3,0.2,5.4432,35.004501607717046,4,East,Home Office,Office Supplies,Paper,Standard Class,June,Monday,2.806386101823072,0,6,1,1.0,1
447.7,2,0.2,33.5772,7.4999329908420815,4,East,Home Office,Office Supplies,Appliances,Standard Class,June,Monday,6.106354512981937,0,6,1,0.867109634551495,1
12.96,2,0.0,6.2208,47.99999999999999,4,West,Corporate,Office Supplies,Paper,Standard Class,December,Sunday,2.6361960973342264,0,12,7,1.0,1
134.48,4,0.0,34.9648,26.0,4,West,Corporate,Office Supplies,Appliances,Standard Class,December,Sunday,4.908824027949571,0,12,7,0.867109634551495,1
17.12,2,0.0,8.0464,47.0,1,West,Corporate,Office Supplies,Paper,First Class,June,Sunday,2.8970163006148333,0,6,7,1.0,1
6.1,2,0.2,2.2098,36.226229508196724,7,West,Corporate,Office Supplies,Binders,Standard Class,December,Tuesday,1.9600947840472698,0,12,2,0.6011730205278593,1
1114.27,4,0.2,41.7852,3.7500067308641536,7,West,Corporate,Furniture,Tables,Standard Class,December,Tuesday,7.016851807046411,0,12,2,0.3627906976744186,1
32.4,5,0.0,15.552,48.0,5,West,Consumer,Office Supplies,Paper,Standard Class,May,Friday,3.5085558999826545,0,5,5,1.0,1
540.57,3,0.0,140.5482,26.0,5,West,Consumer,Office Supplies,Storage,Standard Class,May,Friday,6.2944723286311115,0,5,5,0.7795698924731183,1
167.76,5,0.2,62.91,37.5,5,West,Consumer,Office Supplies,Binders,Standard Class,May,Friday,5.128477587256138,0,5,5,0.6011730205278593,1
393.17,3,0.5,-204.4458,-51.99933870844672,2,West,Consumer,Furniture,Tables,First Class,July,Sunday,5.97678228832184,1,7,7,0.3627906976744186,0
204.6,2,0.0,53.196,26.0,0,West,Consumer,Furniture,Furnishings,Same Day,September,Tuesday,5.32593253358101,0,9,2,0.8065522620904836,1
6.24,2,0.0,3.0576,48.99999999999999,4,South,Home Office,Office Supplies,Binders,Standard Class,November,Friday,1.979621206397625,0,11,5,0.6011730205278593,1
21.88,2,0.0,10.94,50.0,3,West,Corporate,Office Supplies,Envelopes,First Class,September,Thursday,3.130263166511597,0,9,4,1.0,1
4.61,2,0.2,1.6704,36.23427331887202,2,South,Consumer,Office Supplies,Labels,Second Class,September,Monday,1.724550719534605,0,9,1,1.0,1
127.1,6,0.2,28.5984,22.500708103855235,2,East,Consumer,Furniture,Furnishings,Second Class,January,Thursday,4.852811208902689,0,1,4,0.8065522620904836,1
124.2,3,0.4,-31.05,-25.0,2,East,Consumer,Technology,Phones,Second Class,January,Thursday,4.829912458665998,1,1,4,0.8521008403361344,0
18.59,2,0.7,-13.6312,-73.32544378698225,2,East,Consumer,Office Supplies,Binders,Second Class,January,Thursday,2.9750192319564492,1,1,4,0.6011730205278593,0
30.07,3,0.2,10.1493,33.75224476222149,2,East,Consumer,Office Supplies,Labels,Second Class,January,Thursday,3.436242723404956,0,1,4,1.0,1
3.28,2,0.7,-2.6256,-80.04878048780488,1,South,Consumer,Office Supplies,Binders,First Class,May,Monday,1.4539530095937052,1,5,1,0.6011730205278593,0
34.02,3,0.0,16.6698,48.99999999999999,3,Central,Corporate,Office Supplies,Paper,First Class,December,Wednesday,3.555919326857706,0,12,3,1.0,1
599.29,6,0.1,93.2232,15.555607468838126,5,East,Consumer,Furniture,Chairs,Standard Class,October,Monday,6.3974128717815475,0,10,1,0.6042154566744731,1
3.39,1,0.2,0.8056,23.764011799410028,3,West,Consumer,Office Supplies,Art,Second Class,November,Tuesday,1.4793292270870801,0,11,2,1.0,1
559.98,2,0.2,55.9984,10.00007143112254,3,West,Consumer,Technology,Phones,Second Class,November,Tuesday,6.329685254263312,0,11,2,0.8521008403361344,1
603.92,5,0.2,75.49,12.5,3,West,Consumer,Furniture,Chairs,Second Class,November,Tuesday,6.40509621788254,0,11,2,0.6042154566744731,1
1.11,2,0.8,-1.8904,-170.3063063063063,0,Central,Consumer,Office Supplies,Binders,Same Day,March,Tuesday,0.7466879474879752,1,3,2,0.6011730205278593,0
1166.92,5,0.2,131.2785,11.25,2,South,Home Office,Furniture,Chairs,Second Class,March,Sunday,7.0629796678917245,0,3,7,0.6042154566744731,1
14.62,2,0.2,5.484,37.510259917920656,2,East,Consumer,Office Supplies,Binders,First Class,September,Friday,2.7485521444115397,0,9,5,0.6011730205278593,1
10.23,3,0.0,4.9104,48.0,1,West,Consumer,Office Supplies,Fasteners,First Class,August,Friday,2.418588768750352,0,8,5,0.9019607843137255,1
154.9,5,0.0,69.705,44.99999999999999,1,West,Consumer,Office Supplies,Paper,First Class,August,Friday,5.049214776063731,0,8,5,1.0,1
2715.93,7,0.0,1276.4871,47.0,4,South,Corporate,Office Supplies,Binders,Standard Class,May,Wednesday,7.907257845384484,0,5,3,0.6011730205278593,1
617.97,3,0.0,173.0316,27.999999999999996,4,South,Corporate,Technology,Phones,Standard Class,May,Wednesday,6.428056806243558,0,5,3,0.8521008403361344,1
10.67,1,0.0,4.9082,46.0,6,South,Consumer,Office Supplies,Envelopes,Standard Class,October,Wednesday,2.4570214462984645,0,10,3,1.0,1
36.63,3,0.0,9.8901,27.0,6,South,Consumer,Office Supplies,Storage,Standard Class,October,Wednesday,3.627801604605346,0,10,3,0.7795698924731183,1
24.1,5,0.0,9.158,37.99999999999999,6,South,Consumer,Furniture,Furnishings,Standard Class,October,Wednesday,3.2228678461377385,0,10,3,0.8065522620904836,1
33.11,7,0.0,12.9129,39.0,6,South,Consumer,Furniture,Furnishings,Standard Class,October,Wednesday,3.5295905964305545,0,10,3,0.8065522620904836,1
44.02,2,0.0,11.4452,25.999999999999996,4,West,Home Office,Office Supplies,Art,Standard Class,November,Sunday,3.8071068354785864,0,11,7,1.0,1
2309.65,7,0.0,762.1845,32.99999999999999,0,East,Consumer,Technology,Accessories,Same Day,July,Friday,7.745284149215811,0,7,5,0.872,1
1090.78,7,0.4,-290.8752,-26.666715561341427,0,East,Consumer,Furniture,Tables,Same Day,July,Friday,6.995564670806545,1,7,5,0.3627906976744186,0
19.44,3,0.0,9.3312,48.00000000000001,0,East,Consumer,Office Supplies,Paper,Same Day,July,Friday,3.017493765335504,0,7,5,1.0,1
484.65,3,0.0,92.0835,19.0,4,West,Consumer,Office Supplies,Storage,Standard Class,August,Thursday,6.185488199848339,0,8,4,0.7795698924731183,1
115.3,3,0.2,40.3536,34.998785776235906,4,South,Consumer,Office Supplies,Paper,Standard Class,November,Friday,4.7561730595246186,0,11,5,1.0,1
7.08,3,0.2,2.478,35.0,3,West,Consumer,Office Supplies,Envelopes,First Class,November,Friday,2.089391872533004,0,11,5,1.0,1
4.4,3,0.7,-3.5208,-80.01818181818182,3,West,Consumer,Office Supplies,Binders,First Class,November,Friday,1.6863989535702288,1,11,5,0.6011730205278593,0
151.72,4,0.0,27.3096,18.0,2,West,Consumer,Furniture,Furnishings,First Class,November,Monday,5.028606179417492,0,11,1,0.8065522620904836,1
1618.37,13,0.0,356.0414,22.000000000000004,3,West,Consumer,Furniture,Tables,Second Class,December,Monday,7.389792463700647,0,12,1,0.3627906976744186,1
99.6,1,0.0,36.852,37.0,3,West,Consumer,Technology,Accessories,Second Class,December,Monday,4.611152257665639,0,12,1,0.872,1
32.4,5,0.0,15.552,48.0,2,West,Home Office,Office Supplies,Paper,Second Class,September,Thursday,3.5085558999826545,0,9,4,1.0,1
13.96,2,0.0,6.7008,48.0,4,East,Corporate,Furniture,Furnishings,Standard Class,July,Monday,2.7053799725463312,0,7,1,0.8065522620904836,1
155.82,3,0.0,63.8862,41.0,4,East,Corporate,Furniture,Furnishings,Standard Class,July,Monday,5.055098650802776,0,7,1,0.8065522620904836,1
124.95,5,0.0,2.499,2.0,4,East,Corporate,Technology,Phones,Standard Class,July,Monday,4.835885002798619,0,7,1,0.8521008403361344,1
601.65,5,0.0,156.429,26.0,4,East,Corporate,Office Supplies,Storage,Standard Class,July,Monday,6.401336597034352,0,7,1,0.7795698924731183,1
22.74,3,0.0,8.8686,39.00000000000001,6,East,Consumer,Office Supplies,Art,Standard Class,April,Monday,3.167161389181522,0,4,1,1.0,1
1267.53,3,0.0,316.8825,25.0,6,East,Consumer,Furniture,Chairs,Standard Class,April,Monday,7.145614028739971,0,4,1,0.6042154566744731,1
1379.92,8,0.0,648.5624,47.0,6,East,Consumer,Technology,Machines,Standard Class,April,Monday,7.230505222694411,0,4,1,0.5975609756097561,1
6.21,2,0.2,2.1728,34.988727858293075,4,East,Consumer,Office Supplies,Envelopes,Standard Class,June,Tuesday,1.9754689512968577,0,6,2,1.0,1
15.55,3,0.2,5.4432,35.004501607717046,2,East,Home Office,Office Supplies,Paper,Second Class,January,Monday,2.806386101823072,0,1,1,1.0,1
63.31,3,0.2,20.5764,32.50102669404517,2,East,Home Office,Office Supplies,Paper,Second Class,January,Monday,4.163715140146772,0,1,1,1.0,1
15.59,2,0.4,-9.8724,-63.32520846696601,2,East,Home Office,Technology,Phones,Second Class,January,Monday,2.808800104202353,1,1,1,0.8521008403361344,0
177.2,5,0.0,83.284,47.00000000000001,4,East,Corporate,Office Supplies,Paper,Standard Class,July,Friday,5.182906515036709,0,7,5,1.0,1
197.97,3,0.0,57.4113,28.999999999999996,4,East,Corporate,Technology,Phones,Standard Class,July,Friday,5.293154059591156,0,7,5,0.8521008403361344,1
854.94,3,0.0,213.735,25.0,4,East,Corporate,Furniture,Chairs,Standard Class,July,Friday,6.752200280227137,0,7,5,0.6042154566744731,1
124.11,9,0.0,52.1262,42.0,4,East,Corporate,Furniture,Furnishings,Standard Class,July,Friday,4.829193350329309,0,7,5,0.8065522620904836,1
14.4,5,0.0,7.056,49.0,4,East,Corporate,Office Supplies,Labels,Standard Class,July,Friday,2.7343675094195836,0,7,5,1.0,1
15.7,3,0.2,5.1012,32.49171974522294,2,East,Consumer,Office Supplies,Paper,First Class,November,Sunday,2.8154087194227095,0,11,7,1.0,1
2.63,2,0.7,-1.9272,-73.27756653992395,2,East,Consumer,Office Supplies,Binders,First Class,November,Sunday,1.2892326482767593,1,11,7,0.6011730205278593,0
14.43,3,0.7,-10.5798,-73.31808731808732,2,East,Consumer,Office Supplies,Binders,First Class,November,Sunday,2.7363136663750693,1,11,7,0.6011730205278593,0
86.62,2,0.0,8.662,10.0,4,Central,Home Office,Furniture,Furnishings,Standard Class,April,Friday,4.473009282385752,0,4,5,0.8065522620904836,1
36.62,3,0.2,13.734,37.50409612233752,1,West,Consumer,Office Supplies,Binders,First Class,June,Saturday,3.627535823872884,0,6,6,0.6011730205278593,1
697.16,4,0.0,146.4036,21.000000000000004,4,Central,Home Office,Furniture,Tables,Standard Class,March,Sunday,6.548448302855056,0,3,7,0.3627906976744186,1
31.86,2,0.0,11.151,35.0,3,East,Consumer,Technology,Accessories,Second Class,September,Tuesday,3.492256112609122,0,9,2,0.872,1
722.35,3,0.2,90.294,12.500034609261437,3,East,Consumer,Furniture,Bookcases,Second Class,September,Tuesday,6.583893199075599,0,9,2,0.5263157894736842,1
1363.96,5,0.2,85.2475,6.25,5,South,Consumer,Technology,Phones,Standard Class,March,Tuesday,7.218880403160385,0,3,2,0.8521008403361344,1
102.36,3,0.2,-3.8385,-3.75,5,South,Consumer,Furniture,Furnishings,Standard Class,March,Tuesday,4.638218040034292,0,3,2,0.8065522620904836,0
1113.5,12,0.2,125.2692,11.25004041311181,5,West,Consumer,Technology,Phones,Second Class,May,Tuesday,7.016161152825924,0,5,2,0.8521008403361344,1
99.99,1,0.0,37.9962,38.00000000000001,5,West,Consumer,Technology,Accessories,Second Class,May,Tuesday,4.6150215020384655,0,5,2,0.872,1
168.46,2,0.2,-29.4812,-17.50041552890894,2,East,Corporate,Furniture,Furnishings,First Class,July,Friday,5.132616910770318,0,7,5,0.8065522620904836,0
6.72,2,0.2,2.436,36.25,2,East,Corporate,Office Supplies,Paper,First Class,July,Friday,2.0438143640366846,0,7,5,1.0,1
282.89,9,0.2,56.5776,19.999858602283574,2,East,Corporate,Furniture,Furnishings,First Class,July,Friday,5.648586839188251,0,7,5,0.8065522620904836,1
11.16,2,0.0,4.3524,39.0,4,East,Home Office,Office Supplies,Art,Standard Class,April,Saturday,2.498151876538021,0,4,6,1.0,1
108.4,2,0.0,22.764,21.0,4,East,Home Office,Furniture,Furnishings,Standard Class,April,Saturday,4.695010889987881,0,4,6,0.8065522620904836,1
82.34,3,0.2,27.7911,33.75163954335681,4,East,Home Office,Office Supplies,Binders,Standard Class,April,Saturday,4.422928625994308,0,4,6,0.6011730205278593,1
9.09,4,0.2,3.2944,36.24202420242024,4,East,Home Office,Office Supplies,Binders,Standard Class,April,Saturday,2.3115448343655176,0,4,6,0.6011730205278593,1
4.42,3,0.2,1.6008,36.217194570135746,7,East,Home Office,Office Supplies,Fasteners,Standard Class,November,Thursday,1.6900958154515549,0,11,4,0.9019607843137255,1
107.77,2,0.3,-29.2524,-27.14336086109307,6,Central,Consumer,Furniture,Chairs,Standard Class,March,Monday,4.689235561105759,1,3,1,0.6042154566744731,0
45.22,3,0.2,4.5216,9.999115435647944,5,East,Corporate,Office Supplies,Appliances,Standard Class,April,Thursday,3.8334126048462345,0,4,4,0.867109634551495,1
10.42,7,0.2,-2.2134,-21.241842610364685,5,East,Corporate,Office Supplies,Fasteners,Standard Class,April,Thursday,2.435366204227864,0,4,4,0.9019607843137255,0
7.87,3,0.2,1.2792,16.25412960609911,5,East,Corporate,Office Supplies,Art,Standard Class,April,Thursday,2.1826747963214883,0,4,4,1.0,1
118.78,3,0.4,-27.7158,-23.33372621653477,5,East,Corporate,Technology,Phones,Standard Class,April,Thursday,4.785656726836316,1,4,4,0.8521008403361344,0
1.45,1,0.2,0.2353,16.227586206896554,5,East,Corporate,Office Supplies,Fasteners,Standard Class,April,Thursday,0.8960880245566356,0,4,4,0.9019607843137255,1
55.47,5,0.7,-46.225,-83.33333333333334,5,East,Corporate,Office Supplies,Binders,Standard Class,April,Thursday,4.033709523684745,1,4,4,0.6011730205278593,0
194.85,4,0.2,12.178,6.249935848088273,1,West,Consumer,Furniture,Chairs,First Class,October,Saturday,5.27734906011184,0,10,6,0.6042154566744731,1
25.18,4,0.7,-18.4624,-73.32168387609214,4,East,Home Office,Office Supplies,Binders,Standard Class,July,Saturday,3.264995760481754,1,7,6,0.6011730205278593,0
19.46,7,0.0,5.0596,25.999999999999996,6,West,Home Office,Office Supplies,Art,Standard Class,November,Friday,3.0184717605234805,0,11,5,1.0,1
29.47,3,0.2,9.9468,33.752290464879536,4,West,Home Office,Office Supplies,Paper,Standard Class,April,Thursday,3.416742592997618,0,4,4,1.0,1
6.27,5,0.7,-4.598,-73.33333333333334,7,West,Consumer,Office Supplies,Binders,Standard Class,November,Saturday,1.9837562915454279,1,11,6,0.6011730205278593,0
4.37,7,0.7,-3.3488,-76.63157894736842,7,West,Consumer,Office Supplies,Binders,Standard Class,November,Saturday,1.6808279085207734,1,11,6,0.6011730205278593,0
31.98,2,0.2,1.999,6.250781738586617,7,West,Consumer,Technology,Accessories,Standard Class,November,Saturday,3.495901317131453,0,11,6,0.872,1
40.88,7,0.0,10.6288,26.0,1,Central,Home Office,Office Supplies,Art,First Class,September,Thursday,3.734808386002336,0,9,4,1.0,1
19.92,4,0.0,9.3624,46.99999999999999,5,Central,Corporate,Office Supplies,Paper,Standard Class,November,Sunday,3.040705639196722,0,11,7,1.0,1
1106.91,9,0.0,121.7601,10.999999999999998,5,Central,Corporate,Furniture,Chairs,Standard Class,November,Sunday,7.010230636571279,0,11,7,0.6042154566744731,1
836.59,8,0.4,-264.9208,-31.666742370814855,4,East,Consumer,Furniture,Tables,Standard Class,March,Tuesday,6.730528720612088,1,3,2,0.3627906976744186,0
26.38,1,0.0,12.1348,46.0,4,East,Consumer,Office Supplies,Paper,Standard Class,March,Tuesday,3.3098128198603027,0,3,2,1.0,1
362.92,2,0.0,105.2468,28.999999999999996,4,East,Consumer,Office Supplies,Storage,Standard Class,March,Tuesday,5.896934063261749,0,3,2,0.7795698924731183,1
4899.93,7,0.0,2400.9657,49.0,4,East,Consumer,Technology,Machines,Standard Class,March,Tuesday,8.497180262008118,0,3,2,0.5975609756097561,1
6.48,1,0.0,3.1104,47.99999999999999,0,Central,Consumer,Office Supplies,Paper,Same Day,August,Friday,2.012232791986386,0,8,5,1.0,1
71.98,3,0.2,7.1976,9.999444290080579,5,West,Corporate,Technology,Phones,Second Class,August,Monday,4.290185431008302,0,8,1,0.8521008403361344,1
3.15,1,0.0,1.512,48.00000000000001,5,West,Corporate,Office Supplies,Labels,Second Class,August,Monday,1.423108334242607,0,8,1,1.0,1
120.15,9,0.0,33.642,28.000000000000004,7,West,Consumer,Office Supplies,Art,Standard Class,December,Sunday,4.797029447262535,0,12,7,1.0,1
219.18,2,0.2,19.1786,8.750159686102746,7,West,Consumer,Technology,Phones,Standard Class,December,Sunday,5.394445393642257,0,12,7,0.8521008403361344,1
28.9,5,0.0,14.161,49.0,4,East,Home Office,Office Supplies,Paper,Standard Class,December,Sunday,3.3978584803966405,0,12,7,1.0,1
355.96,2,0.0,103.2284,28.999999999999996,4,East,Home Office,Office Supplies,Appliances,Standard Class,December,Sunday,5.877623730684222,0,12,7,0.867109634551495,1
447.84,5,0.2,11.196,2.5,3,West,Corporate,Furniture,Tables,First Class,June,Wednesday,6.106666476796666,0,6,3,0.3627906976744186,1
7.04,4,0.0,2.0416,28.999999999999996,3,West,Home Office,Office Supplies,Art,First Class,June,Tuesday,2.0844290831908747,0,6,2,1.0,1
8.73,3,0.0,4.1031,47.0,3,West,Home Office,Furniture,Furnishings,First Class,June,Tuesday,2.2752138961979136,0,6,2,0.8065522620904836,1
29.29,1,0.0,9.6657,32.99999999999999,3,West,Home Office,Technology,Accessories,First Class,June,Tuesday,3.410817625039146,0,6,2,0.872,1
8.64,3,0.0,2.5056,28.999999999999996,3,West,Home Office,Office Supplies,Art,First Class,June,Tuesday,2.265921108622454,0,6,2,1.0,1
22.92,3,0.0,11.2308,49.0,6,West,Consumer,Office Supplies,Paper,Standard Class,October,Friday,3.1747149290824312,0,10,5,1.0,1
100.7,6,0.2,-16.3644,-16.250645481628602,5,Central,Consumer,Office Supplies,Storage,Standard Class,November,Saturday,4.622027303054514,0,11,6,0.7795698924731183,0
2.33,2,0.6,-0.7566,-32.472103004291846,5,Central,Consumer,Furniture,Furnishings,Standard Class,November,Saturday,1.2029723039923526,1,11,6,0.8065522620904836,0
10.78,5,0.8,-17.248,-160.0,5,Central,Consumer,Office Supplies,Binders,Standard Class,November,Saturday,2.4664031782234406,1,11,6,0.6011730205278593,0
58.37,12,0.2,21.888,37.49871509336989,5,Central,Consumer,Office Supplies,Fasteners,Standard Class,November,Saturday,4.083789048282584,0,11,6,0.9019607843137255,1
40.97,3,0.2,13.8267,33.748352453014405,5,Central,Consumer,Office Supplies,Envelopes,Standard Class,November,Saturday,3.7369550773454994,0,11,6,1.0,1
71.96,5,0.2,25.186,35.0,5,Central,Consumer,Technology,Phones,Standard Class,November,Saturday,4.289911345766076,0,11,6,0.8521008403361344,1
10.37,2,0.2,3.6288,34.993249758919966,5,Central,Consumer,Office Supplies,Paper,Standard Class,November,Saturday,2.4309783077624445,0,11,6,1.0,1
1.19,2,0.8,-2.0264,-170.2857142857143,5,Central,Consumer,Office Supplies,Binders,Standard Class,November,Saturday,0.7839015438284094,1,11,6,0.6011730205278593,0
6.3,2,0.0,3.024,48.00000000000001,2,West,Corporate,Office Supplies,Labels,Second Class,July,Friday,1.9878743481543455,0,7,5,1.0,1
279.9,5,0.0,137.151,49.00000000000001,4,South,Consumer,Office Supplies,Paper,Standard Class,September,Friday,5.637998734110198,0,9,5,1.0,1
619.95,5,0.0,111.591,17.999999999999996,4,South,Consumer,Technology,Accessories,Standard Class,September,Friday,6.431250563394042,0,9,5,0.872,1
4.36,2,0.0,2.0492,46.99999999999999,4,South,Consumer,Office Supplies,Paper,Standard Class,September,Friday,1.6789639750827108,0,9,5,1.0,1
15.28,2,0.0,7.4872,49.0,4,South,Consumer,Office Supplies,Envelopes,Standard Class,September,Friday,2.7899373605743945,0,9,5,1.0,1
699.93,7,0.0,181.9818,26.0,6,South,Consumer,Technology,Phones,Standard Class,January,Monday,6.552408024701865,0,1,1,0.8521008403361344,1
22.96,7,0.0,6.6584,28.999999999999996,6,South,Consumer,Office Supplies,Art,Standard Class,January,Monday,3.1763857732472487,0,1,1,1.0,1
38.6,4,0.0,11.58,30.0,6,South,Consumer,Furniture,Furnishings,Standard Class,January,Monday,3.6788291182604347,0,1,1,0.8065522620904836,1
6.63,3,0.0,1.7901,27.0,6,South,Consumer,Office Supplies,Art,Standard Class,January,Monday,2.0320878452963655,0,1,1,1.0,1
23.34,3,0.0,10.9698,47.0,6,South,Consumer,Office Supplies,Envelopes,Standard Class,January,Monday,3.1921210875593813,0,1,1,1.0,1
1067.94,3,0.0,224.2674,21.0,6,South,Consumer,Furniture,Chairs,Standard Class,January,Monday,6.974422782228151,0,1,1,0.6042154566744731,1
10.16,1,0.0,2.6416,26.0,5,Central,Home Office,Office Supplies,Art,Standard Class,March,Monday,2.412335956953165,0,3,1,1.0,1
101.88,6,0.0,50.94,50.0,5,Central,Home Office,Office Supplies,Envelopes,Standard Class,March,Monday,4.633563260489309,0,3,1,1.0,1
343.92,4,0.0,75.6624,22.0,4,South,Consumer,Furniture,Tables,Standard Class,April,Tuesday,5.843312506084124,0,4,2,0.3627906976744186,1
40.99,1,0.0,20.0851,49.0,4,South,Consumer,Office Supplies,Paper,Standard Class,April,Tuesday,3.737431494696102,0,4,2,1.0,1
63.9,5,0.0,28.755,45.0,4,South,Consumer,Office Supplies,Envelopes,Standard Class,April,Tuesday,4.1728476237100445,0,4,2,1.0,1
19.44,3,0.0,9.3312,48.00000000000001,1,West,Corporate,Office Supplies,Paper,First Class,December,Tuesday,3.017493765335504,0,12,2,1.0,1
124.61,4,0.2,-23.364,-18.74969906107054,4,East,Home Office,Office Supplies,Storage,Standard Class,June,Sunday,4.833181868699161,0,6,7,0.7795698924731183,0
7.56,3,0.2,2.646,35.0,4,East,Home Office,Office Supplies,Labels,Standard Class,June,Sunday,2.1471001901536506,0,6,7,1.0,1
85.22,3,0.2,7.4571,8.750410701713212,0,South,Consumer,Office Supplies,Storage,Same Day,December,Sunday,4.4569021693189885,0,12,7,0.7795698924731183,1
287.52,8,0.0,129.384,44.99999999999999,3,Central,Corporate,Office Supplies,Envelopes,Second Class,November,Saturday,5.664764407635472,0,11,6,1.0,1
37.68,2,0.0,10.5504,27.999999999999996,3,Central,Corporate,Office Supplies,Appliances,Second Class,November,Saturday,3.6553226705850936,0,11,6,0.867109634551495,1
19.98,2,0.0,8.991,44.99999999999999,3,Central,Corporate,Office Supplies,Paper,Second Class,November,Saturday,3.043569602968151,0,11,6,1.0,1
20.58,7,0.0,5.5566,27.0,3,Central,Corporate,Office Supplies,Art,Second Class,November,Saturday,3.0717669598299886,0,11,6,1.0,1
17.38,2,0.0,8.69,50.0,3,Central,Corporate,Office Supplies,Binders,Second Class,November,Saturday,2.911263116927541,0,11,6,0.6011730205278593,1
204.6,2,0.0,53.196,26.0,4,West,Consumer,Furniture,Furnishings,Standard Class,September,Monday,5.32593253358101,0,9,1,0.8065522620904836,1
8.72,4,0.0,2.8776,33.0,4,West,Consumer,Office Supplies,Fasteners,Standard Class,September,Monday,2.2741856184723477,0,9,1,0.9019607843137255,1
6.48,1,0.0,3.1104,47.99999999999999,4,West,Consumer,Office Supplies,Paper,Standard Class,September,Monday,2.012232791986386,0,9,1,1.0,1
686.32,2,0.2,223.054,32.49999999999999,4,West,Consumer,Technology,Machines,Standard Class,September,Monday,6.532799977078544,0,9,1,0.5975609756097561,1
62.18,1,0.0,16.7886,26.999999999999996,4,West,Consumer,Office Supplies,Storage,Standard Class,September,Monday,4.145987795373939,0,9,1,0.7795698924731183,1
644.08,2,0.1,107.346,16.66656315985592,0,Central,Consumer,Office Supplies,Appliances,Same Day,April,Saturday,6.469374340112315,0,4,6,0.867109634551495,1
5.84,2,0.0,2.628,45.0,0,Central,Consumer,Office Supplies,Fasteners,Same Day,April,Saturday,1.922787731634459,0,4,6,0.9019607843137255,1
12.76,2,0.0,5.8696,46.0,0,Central,Consumer,Office Supplies,Binders,Same Day,April,Saturday,2.6217658325051976,0,4,6,0.6011730205278593,1
10.95,1,0.0,0.438,4.0,0,Central,Consumer,Technology,Phones,Same Day,April,Saturday,2.4807312783775197,0,4,6,0.8521008403361344,1
599.98,2,0.0,209.993,35.0,0,Central,Consumer,Technology,Copiers,Same Day,April,Saturday,6.398561656111271,0,4,6,1.0,1
8.35,6,0.2,1.2528,15.003592814371258,6,East,Corporate,Furniture,Furnishings,Standard Class,May,Friday,2.2353763433005955,0,5,5,0.8065522620904836,1
3.64,2,0.0,1.638,44.99999999999999,6,West,Corporate,Office Supplies,Art,Standard Class,December,Saturday,1.534714366238164,0,12,6,1.0,1
159.77,7,0.2,53.9217,33.749577517681665,6,West,Corporate,Office Supplies,Binders,Standard Class,December,Saturday,5.079974772174869,0,12,6,0.6011730205278593,1
122.48,2,0.0,0.0,0.0,1,South,Home Office,Office Supplies,Storage,First Class,December,Saturday,4.8160791996339585,0,12,6,0.7795698924731183,0
2244.48,7,0.0,493.7856,22.0,1,South,Home Office,Furniture,Tables,First Class,December,Saturday,7.716674585785834,0,12,6,0.3627906976744186,1
62.31,3,0.0,29.2857,47.0,1,South,Home Office,Office Supplies,Binders,First Class,December,Saturday,4.148043294556035,0,12,6,0.6011730205278593,1
455.1,2,0.0,100.122,22.0,1,South,Home Office,Furniture,Tables,First Class,December,Saturday,6.122712083717655,0,12,6,0.3627906976744186,1
195.18,1,0.2,19.5184,10.000204939030638,5,West,Corporate,Furniture,Chairs,Second Class,July,Saturday,5.27903260513617,0,7,6,0.6042154566744731,1
53.94,3,0.0,15.6426,29.000000000000004,4,West,Consumer,Office Supplies,Art,Second Class,September,Monday,4.006241680667128,0,9,1,1.0,1
9.99,1,0.0,4.5954,46.0,5,East,Home Office,Technology,Phones,Standard Class,March,Monday,2.39698576841553,0,3,1,0.8521008403361344,1
125.76,3,0.2,40.872,32.5,5,East,Home Office,Office Supplies,Binders,Standard Class,March,Monday,4.84229553482272,0,3,1,0.6011730205278593,1
25.32,5,0.2,9.1785,36.25,5,East,Home Office,Office Supplies,Binders,Standard Class,March,Monday,3.2703291064571163,0,3,1,0.6011730205278593,1
46.8,4,0.0,21.06,45.0,4,Central,Consumer,Office Supplies,Binders,Standard Class,May,Sunday,3.86702563949741,0,5,7,0.6011730205278593,1
447.93,9,0.0,49.2723,11.0,0,West,Consumer,Technology,Accessories,Same Day,November,Monday,6.106866973583819,0,11,1,0.872,1
22.38,2,0.0,10.7424,48.00000000000001,4,Central,Consumer,Office Supplies,Paper,Standard Class,March,Monday,3.1518809560439225,0,3,1,1.0,1
16.52,5,0.2,5.5755,33.75,4,West,Consumer,Office Supplies,Binders,Standard Class,April,Monday,2.8633430855082453,0,4,1,0.6011730205278593,1
5.18,4,0.8,-7.764,-149.8841698841699,4,Central,Consumer,Office Supplies,Binders,Standard Class,October,Thursday,1.8213182714695995,1,10,4,0.6011730205278593,0
50.11,6,0.2,16.2864,32.50129714627819,3,East,Corporate,Office Supplies,Binders,First Class,August,Saturday,3.933980172780188,0,8,6,0.6011730205278593,1
27.93,3,0.0,8.0997,29.000000000000004,5,East,Home Office,Office Supplies,Supplies,Standard Class,August,Monday,3.3648791189880436,0,8,1,0.816793893129771,1
11.56,4,0.0,5.4332,47.0,3,West,Home Office,Office Supplies,Labels,Second Class,December,Saturday,2.5305171610400525,0,12,6,1.0,1
172.5,2,0.0,51.75,30.0,4,East,Consumer,Furniture,Chairs,Standard Class,December,Thursday,5.156177599386914,0,12,4,0.6042154566744731,1
179.97,3,0.0,44.9925,25.0,4,East,Consumer,Technology,Phones,Standard Class,December,Thursday,5.19833127167211,0,12,4,0.8521008403361344,1
258.7,3,0.2,64.674,24.99961345187476,3,Central,Home Office,Technology,Accessories,Second Class,April,Sunday,5.5595271186687025,0,4,7,0.872,1
1322.93,7,0.0,357.1911,27.0,4,East,Consumer,Technology,Phones,Standard Class,June,Saturday,7.188359865008646,0,6,6,0.8521008403361344,1
3.76,2,0.0,1.0904,29.000000000000004,4,East,Consumer,Office Supplies,Art,Standard Class,June,Saturday,1.5602476682433286,0,6,6,1.0,1
12.1,7,0.2,4.2336,34.98842975206612,6,West,Corporate,Office Supplies,Binders,Standard Class,November,Monday,2.5726122302071057,0,11,1,0.6011730205278593,1
485.88,6,0.0,9.7176,1.9999999999999998,6,West,Corporate,Office Supplies,Storage,Standard Class,November,Monday,6.188017686148661,0,11,1,0.7795698924731183,1
25.92,4,0.0,12.4416,47.99999999999999,6,West,Corporate,Office Supplies,Paper,Standard Class,November,Monday,3.2928695047765273,0,11,1,1.0,1
197.58,2,0.0,53.3466,27.0,6,West,Corporate,Office Supplies,Storage,Standard Class,November,Monday,5.2911920416054485,0,11,1,0.7795698924731183,1
15.55,3,0.2,5.4432,35.004501607717046,0,South,Corporate,Office Supplies,Paper,Same Day,September,Tuesday,2.806386101823072,0,9,2,1.0,1
15.71,4,0.2,2.5532,16.252068746021642,0,South,Corporate,Furniture,Furnishings,Same Day,September,Tuesday,2.8160073426073025,0,9,2,0.8065522620904836,1
24.67,2,0.2,2.1588,8.750709363599512,0,South,Corporate,Office Supplies,Storage,Same Day,September,Tuesday,3.245322994883049,0,9,2,0.7795698924731183,1
55.97,1,0.2,-2.0988,-3.749865999642666,0,South,Corporate,Furniture,Furnishings,Same Day,September,Tuesday,4.042524813492304,0,9,2,0.8065522620904836,0
431.93,9,0.2,64.7892,14.999930544301158,4,Central,Consumer,Technology,Accessories,Standard Class,April,Friday,6.070576052116096,0,4,5,0.872,1
95.98,4,0.3,-4.1136,-4.2858928943529895,4,Central,Consumer,Furniture,Chairs,Standard Class,April,Friday,4.574504771677206,1,4,5,0.6042154566744731,0
1088.79,4,0.8,-1850.9464,-170.00031227325746,4,Central,Consumer,Office Supplies,Binders,Standard Class,April,Friday,6.993740296111302,1,4,5,0.6011730205278593,0
544.01,3,0.2,40.8006,7.499972426977446,6,West,Corporate,Furniture,Chairs,Standard Class,July,Monday,6.300804143118763,0,7,1,0.6042154566744731,1
1.87,3,0.7,-1.4352,-76.74866310160428,6,West,Corporate,Office Supplies,Binders,Standard Class,July,Monday,1.0543120297715298,1,7,1,0.6011730205278593,0
854.35,3,0.2,10.6794,1.2500029262012056,6,West,Corporate,Furniture,Chairs,Standard Class,July,Monday,6.751510741898301,0,7,1,0.6042154566744731,1
593.57,2,0.2,0.0,0.0,6,West,Corporate,Office Supplies,Storage,Standard Class,July,Monday,6.387838455204366,0,7,1,0.7795698924731183,0
338.04,3,0.2,-33.804,-10.0,6,West,Corporate,Office Supplies,Storage,Standard Class,July,Monday,5.826118094519989,0,7,1,0.7795698924731183,0
11.21,1,0.0,3.363,30.0,4,East,Corporate,Office Supplies,Storage,Second Class,July,Thursday,2.502255288122613,0,7,4,0.7795698924731183,1
9.14,3,0.2,3.2004,35.01531728665208,4,East,Corporate,Office Supplies,Binders,Second Class,July,Thursday,2.316487998163037,0,7,4,0.6011730205278593,1
14.07,7,0.0,6.8943,49.0,4,East,Corporate,Office Supplies,Fasteners,Second Class,July,Thursday,2.712706012638404,0,7,4,0.9019607843137255,1
41.86,7,0.0,10.465,25.0,4,East,Corporate,Office Supplies,Art,Second Class,July,Thursday,3.7579389900454307,0,7,4,1.0,1
8.54,2,0.2,2.8836,33.76580796252927,4,East,Corporate,Office Supplies,Binders,Second Class,July,Thursday,2.255493485460195,0,7,4,0.6011730205278593,1
579.14,4,0.2,21.7176,3.749974099526885,4,East,Corporate,Furniture,Bookcases,Second Class,July,Thursday,6.363269453723511,0,7,4,0.5263157894736842,1
249.75,9,0.0,44.955,18.0,4,West,Home Office,Office Supplies,Storage,Standard Class,July,Saturday,5.524456426842045,0,7,6,0.7795698924731183,1
255.94,8,0.2,28.7928,11.249824177541612,4,West,Home Office,Technology,Phones,Standard Class,July,Saturday,5.548842594603464,0,7,6,0.8521008403361344,1
113.79,3,0.0,20.4822,18.0,1,East,Consumer,Furniture,Furnishings,First Class,December,Sunday,4.743104372077405,0,12,7,0.8065522620904836,1
78.15,1,0.0,34.386,44.0,1,East,Consumer,Technology,Accessories,First Class,December,Sunday,4.371344786327021,0,12,7,0.872,1
1.73,1,0.2,0.6048,34.959537572254334,1,East,Consumer,Office Supplies,Binders,First Class,December,Sunday,1.0043016091968684,0,12,7,0.6011730205278593,1
40.56,4,0.0,19.8744,49.0,1,East,Consumer,Office Supplies,Paper,First Class,December,Sunday,3.727138166231027,0,12,7,1.0,1
182.94,3,0.0,3.6588,2.0,1,East,Consumer,Office Supplies,Storage,First Class,December,Sunday,5.214609617474552,0,12,7,0.7795698924731183,1
193.86,2,0.0,11.6316,6.0,1,East,Consumer,Office Supplies,Storage,First Class,December,Sunday,5.272281351997195,0,12,7,0.7795698924731183,1
2.78,2,0.0,0.7228,26.0,2,East,Consumer,Office Supplies,Art,Second Class,October,Saturday,1.3297240096314962,0,10,6,1.0,1
79.96,2,0.0,35.982,45.0,2,East,Consumer,Office Supplies,Envelopes,Second Class,October,Saturday,4.3939552055391555,0,10,6,1.0,1
839.99,2,0.4,69.999,8.333313491827283,2,East,Corporate,Technology,Copiers,First Class,May,Monday,6.734579769295833,1,5,1,1.0,1
47.95,3,0.2,13.7862,28.751199165797704,0,South,Consumer,Furniture,Furnishings,Same Day,October,Friday,3.8907993689765195,0,10,5,0.8065522620904836,1
37.43,5,0.7,-29.94,-79.98931338498531,0,South,Consumer,Office Supplies,Binders,Same Day,October,Friday,3.6488384045767526,1,10,5,0.6011730205278593,0
63.97,2,0.2,0.0,0.0,0,South,Consumer,Furniture,Furnishings,Same Day,October,Friday,4.17392562489244,0,10,5,0.8065522620904836,0
165.05,3,0.2,41.262,24.999697061496516,0,South,Consumer,Furniture,Furnishings,Same Day,October,Friday,5.112288947822756,0,10,5,0.8065522620904836,1
12.35,1,0.0,5.434,44.0,4,West,Consumer,Furniture,Furnishings,Standard Class,August,Monday,2.5915163848462583,0,8,1,0.8065522620904836,1
40.97,1,0.0,10.6522,26.0,4,West,Consumer,Office Supplies,Art,Standard Class,August,Monday,3.7369550773454994,0,8,1,1.0,1
22.96,2,0.0,10.7912,47.0,4,West,Consumer,Office Supplies,Fasteners,Standard Class,August,Monday,3.1763857732472487,0,8,1,0.9019607843137255,1
22.0,4,0.0,5.5,25.0,6,East,Home Office,Technology,Phones,Standard Class,August,Monday,3.1354942159291497,0,8,1,0.8521008403361344,1
398.35,3,0.2,124.485,31.250156897200952,7,East,Consumer,Office Supplies,Binders,Standard Class,February,Monday,5.989838225363398,0,2,1,0.6011730205278593,1
8.72,4,0.0,3.5752,41.0,7,East,Consumer,Office Supplies,Fasteners,Standard Class,February,Monday,2.2741856184723477,0,2,1,0.9019607843137255,1
764.69,6,0.2,95.586,12.499967307013298,2,West,Consumer,Furniture,Tables,Second Class,December,Friday,6.640777388088647,0,12,5,0.3627906976744186,1
3610.85,12,0.2,135.4068,3.749997922926735,2,West,Consumer,Furniture,Tables,Second Class,December,Friday,8.191975385435352,0,12,5,0.3627906976744186,1
254.97,3,0.15,11.9988,4.705965407695023,2,West,Consumer,Furniture,Bookcases,Second Class,December,Friday,5.545060250112571,0,12,5,0.5263157894736842,1
1099.96,4,0.0,285.9896,26.0,5,Central,Consumer,Technology,Phones,Standard Class,July,Saturday,7.00393780545417,0,7,6,0.8521008403361344,1
27.88,3,0.7,-20.4468,-73.33859397417504,4,South,Home Office,Office Supplies,Binders,Second Class,December,Saturday,3.3631493140246254,1,12,6,0.6011730205278593,0
540.05,3,0.2,-47.2542,-8.749967595593002,4,South,Home Office,Office Supplies,Storage,Second Class,December,Saturday,6.293511696017657,0,12,6,0.7795698924731183,0
255.68,8,0.2,76.704,30.0,4,South,Home Office,Technology,Accessories,Second Class,December,Saturday,5.547830172882315,0,12,6,0.872,1
17.62,4,0.7,-14.0928,-79.98183881952326,7,South,Corporate,Office Supplies,Binders,Standard Class,October,Friday,2.924236271848921,1,10,5,0.6011730205278593,0
69.9,2,0.0,18.873,27.0,1,Central,Consumer,Technology,Phones,First Class,October,Saturday,4.2612704335380815,0,10,6,0.8521008403361344,1
41.85,5,0.0,10.881,26.0,1,Central,Consumer,Furniture,Furnishings,First Class,October,Saturday,3.7577056450437887,0,10,6,0.8065522620904836,1
142.86,1,0.0,41.4294,28.999999999999996,5,West,Corporate,Office Supplies,Storage,Standard Class,December,Wednesday,4.96884060443921,0,12,3,0.7795698924731183,1
292.27,6,0.2,18.267,6.250042768672803,5,West,Corporate,Furniture,Chairs,Standard Class,December,Wednesday,5.68109368640151,0,12,3,0.6042154566744731,1
102.34,4,0.2,-12.792,-12.499511432479968,5,Central,Corporate,Office Supplies,Storage,Standard Class,April,Thursday,4.638024522859038,0,4,4,0.7795698924731183,0
48.79,3,0.8,-126.8592,-260.0106579217053,5,Central,Corporate,Office Supplies,Appliances,Standard Class,April,Thursday,3.9078141606540915,1,4,4,0.867109634551495,0
44.85,8,0.8,-67.272,-149.9933110367893,5,Central,Corporate,Office Supplies,Binders,Standard Class,April,Thursday,3.825375198702474,1,4,4,0.6011730205278593,0
10.37,2,0.2,3.6288,34.993249758919966,0,Central,Consumer,Office Supplies,Paper,Same Day,May,Thursday,2.4309783077624445,0,5,4,1.0,1
388.43,5,0.3,-88.784,-22.857142857142858,0,Central,Consumer,Furniture,Chairs,Same Day,May,Thursday,5.964684131573013,1,5,4,0.6042154566744731,0
14.35,3,0.2,5.2026,36.25505226480836,0,Central,Consumer,Office Supplies,Paper,Same Day,May,Thursday,2.731115474033206,0,5,4,1.0,1
63.99,1,0.2,-7.1991,-11.250351617440224,0,Central,Consumer,Technology,Accessories,Same Day,May,Thursday,4.174233411906258,0,5,4,0.872,0
86.35,3,0.2,5.397,6.2501447596989,5,Central,Consumer,Office Supplies,Art,Standard Class,May,Monday,4.469923036580066,0,5,1,1.0,1
32.97,3,0.0,12.8583,39.0,3,South,Corporate,Technology,Accessories,First Class,September,Monday,3.5254777821724925,0,9,1,0.872,1
83.88,4,0.0,30.1968,36.00000000000001,3,South,Corporate,Technology,Accessories,First Class,September,Monday,4.441238494305727,0,9,1,0.872,1
278.4,3,0.0,80.736,29.000000000000004,1,Central,Consumer,Technology,Phones,First Class,September,Monday,5.632644446822861,0,9,1,0.8521008403361344,1
2.77,7,0.8,-4.851,-175.12635379061373,6,Central,Consumer,Office Supplies,Binders,Standard Class,December,Sunday,1.3270750014599193,1,12,7,0.6011730205278593,0
14.9,5,0.0,1.043,6.999999999999999,7,East,Consumer,Office Supplies,Storage,Standard Class,June,Sunday,2.766319109226186,0,6,7,0.7795698924731183,1
15.48,3,0.0,4.4892,29.000000000000004,4,East,Home Office,Office Supplies,Art,Standard Class,July,Saturday,2.8021475244813256,0,7,6,1.0,1
39.88,2,0.0,11.1664,27.999999999999996,4,East,Corporate,Furniture,Furnishings,Standard Class,November,Tuesday,3.7106409458954492,0,11,2,0.8065522620904836,1
12.19,4,0.2,4.1148,33.755537325676784,4,East,Corporate,Office Supplies,Binders,Standard Class,November,Tuesday,2.579458966729223,0,11,2,0.6011730205278593,1
20.82,3,0.0,7.4952,36.0,4,East,Corporate,Office Supplies,Art,Standard Class,November,Tuesday,3.0828269804049246,0,11,2,1.0,1
13.22,4,0.2,4.4604,33.73978819969742,2,West,Home Office,Office Supplies,Binders,First Class,November,Thursday,2.6546494243750947,0,11,4,0.6011730205278593,1
32.4,5,0.0,15.552,48.0,2,West,Home Office,Office Supplies,Paper,First Class,November,Thursday,3.5085558999826545,0,11,4,1.0,1
32.94,3,0.0,9.2232,28.000000000000004,5,West,Consumer,Office Supplies,Supplies,Standard Class,August,Thursday,3.52459425980608,0,8,4,0.816793893129771,1
114.2,5,0.0,52.532,46.0,5,West,Consumer,Office Supplies,Paper,Standard Class,August,Thursday,4.746669748261791,0,8,4,1.0,1
3.08,1,0.0,1.4784,48.0,5,West,Consumer,Office Supplies,Labels,Standard Class,August,Thursday,1.4060969884160703,0,8,4,1.0,1
845.73,13,0.2,84.5728,9.99997635179076,4,West,Consumer,Office Supplies,Appliances,Standard Class,May,Monday,6.741381871696463,0,5,1,0.867109634551495,1
114.95,5,0.0,2.299,2.0,4,Central,Corporate,Technology,Phones,Second Class,December,Thursday,4.753159063701541,0,12,4,0.8521008403361344,1
26.96,2,0.0,7.0096,26.0,3,West,Consumer,Office Supplies,Storage,First Class,October,Sunday,3.3307749173656096,0,10,7,0.7795698924731183,1
572.76,6,0.0,166.1004,29.000000000000004,2,South,Consumer,Furniture,Furnishings,Second Class,December,Friday,6.352211190416768,0,12,5,0.8065522620904836,1
286.38,3,0.0,83.0502,29.000000000000004,2,South,Consumer,Furniture,Furnishings,Second Class,December,Friday,5.660805381801061,0,12,5,0.8065522620904836,1
61.96,2,0.0,4.3372,7.000000000000001,5,South,Home Office,Furniture,Bookcases,Second Class,September,Saturday,4.1424996041091475,0,9,6,0.5263157894736842,1
419.94,7,0.2,52.493,12.500119064628281,2,Central,Consumer,Technology,Phones,Second Class,July,Thursday,6.042490305711026,0,7,4,0.8521008403361344,1
46.76,7,0.0,22.4448,48.00000000000001,1,West,Consumer,Office Supplies,Paper,First Class,June,Monday,3.8661884690843467,0,6,1,1.0,1
17.71,3,0.2,6.4206,36.254093732354605,1,West,Consumer,Office Supplies,Binders,First Class,June,Monday,2.9290581402859983,0,6,1,0.6011730205278593,1
21.78,2,0.0,5.6628,25.999999999999996,1,West,Consumer,Office Supplies,Appliances,First Class,June,Monday,3.125882958019036,0,6,1,0.867109634551495,1
161.94,3,0.0,9.7164,6.000000000000001,1,West,Consumer,Office Supplies,Storage,First Class,June,Monday,5.093382034882496,0,6,1,0.7795698924731183,1
161.57,2,0.2,-8.0784,-4.9999381073219045,1,West,Consumer,Furniture,Chairs,First Class,June,Monday,5.091108678246132,0,6,1,0.6042154566744731,0
3.69,1,0.0,1.7343,47.0,4,East,Consumer,Office Supplies,Labels,Standard Class,December,Friday,1.5454325824581878,0,12,5,1.0,1
122.12,4,0.0,56.1752,46.0,4,East,Consumer,Office Supplies,Labels,Standard Class,December,Friday,4.813159489530624,0,12,5,1.0,1
155.37,2,0.3,-13.3176,-8.571538907124927,7,East,Consumer,Furniture,Chairs,Standard Class,September,Saturday,5.052224993855419,1,9,6,0.6042154566744731,0
38.88,6,0.0,18.6624,48.00000000000001,5,West,Corporate,Office Supplies,Paper,Standard Class,December,Sunday,3.6858749450936377,0,12,7,1.0,1
183.84,8,0.0,62.5056,34.0,5,West,Corporate,Furniture,Furnishings,Standard Class,December,Sunday,5.219490586002066,0,12,7,0.8065522620904836,1
579.3,5,0.0,28.965,5.0,5,West,Corporate,Office Supplies,Supplies,Standard Class,December,Sunday,6.363545211196563,0,12,7,0.816793893129771,1
575.92,2,0.2,71.99,12.5,4,South,Corporate,Technology,Phones,Standard Class,July,Tuesday,6.357703608715309,0,7,2,0.8521008403361344,1
5.18,6,0.7,-3.6288,-70.05405405405406,4,South,Corporate,Office Supplies,Binders,Standard Class,July,Tuesday,1.8213182714695995,1,7,2,0.6011730205278593,0
46.26,3,0.0,12.4902,27.0,5,East,Corporate,Office Supplies,Storage,Standard Class,September,Sunday,3.8556642717587617,0,9,7,0.7795698924731183,1
17.46,6,0.8,-30.555,-175.0,3,Central,Consumer,Office Supplies,Binders,First Class,May,Tuesday,2.9156062290747062,1,5,2,0.6011730205278593,0
51.07,6,0.2,5.1072,10.000391619345995,4,East,Home Office,Furniture,Furnishings,Standard Class,June,Sunday,3.952588967174808,0,6,7,0.8065522620904836,1
11.34,1,0.0,5.5566,49.00000000000001,2,East,Corporate,Office Supplies,Paper,First Class,March,Wednesday,2.5128460184772416,0,3,3,1.0,1
37.05,3,0.0,16.302,44.0,4,West,Consumer,Furniture,Furnishings,Standard Class,May,Monday,3.6389010843076948,0,5,1,0.8065522620904836,1
1.08,3,0.8,-1.728,-160.0,5,Central,Consumer,Office Supplies,Binders,Standard Class,February,Sunday,0.7323678937132266,1,2,7,0.6011730205278593,0
7.96,2,0.8,-13.93,-175.0,5,Central,Consumer,Office Supplies,Appliances,Standard Class,February,Sunday,2.192770226986839,1,2,7,0.867109634551495,0
140.74,8,0.2,52.776,37.498934204916864,4,West,Home Office,Office Supplies,Binders,Standard Class,May,Tuesday,4.95399439338211,0,5,2,0.6011730205278593,1
552.56,4,0.0,0.0,0.0,7,East,Consumer,Office Supplies,Storage,Standard Class,May,Monday,6.31637014735773,0,5,1,0.7795698924731183,0
47.82,3,0.0,14.346,30.0,4,East,Consumer,Office Supplies,Art,Standard Class,May,Thursday,3.888140064964814,0,5,4,1.0,1
13.05,5,0.0,6.003,46.0,4,East,Consumer,Office Supplies,Labels,Standard Class,May,Thursday,2.642622395779755,0,5,4,1.0,1
93.78,2,0.0,36.5742,38.99999999999999,7,Central,Consumer,Office Supplies,Appliances,Standard Class,March,Monday,4.551558416539442,0,3,1,0.867109634551495,1
47.18,7,0.0,23.59,50.0,7,Central,Consumer,Office Supplies,Paper,Standard Class,March,Monday,3.874943997186725,0,3,1,1.0,1
19.68,6,0.0,5.7072,29.000000000000004,7,Central,Consumer,Office Supplies,Art,Standard Class,March,Monday,3.0291670496402285,0,3,1,1.0,1
53.4,10,0.0,25.098,47.0,7,Central,Consumer,Office Supplies,Binders,Standard Class,March,Monday,3.996364153861897,0,3,1,0.6011730205278593,1
35.88,6,0.0,17.2224,48.0,7,Central,Consumer,Office Supplies,Binders,Standard Class,March,Monday,3.607669398688393,0,3,1,0.6011730205278593,1
258.28,3,0.3,-70.1043,-27.14275205203655,5,Central,Consumer,Furniture,Chairs,Second Class,October,Friday,5.557908558833292,1,10,5,0.6042154566744731,0
31.4,2,0.0,7.85,25.0,3,South,Corporate,Office Supplies,Storage,First Class,March,Monday,3.4781584227982836,0,3,1,0.7795698924731183,1
220.78,3,0.2,-44.1552,-19.99963764833771,0,Central,Consumer,Office Supplies,Storage,Same Day,July,Saturday,5.40168589952507,0,7,6,0.7795698924731183,0
281.42,11,0.2,-35.178,-12.500177670385899,0,Central,Consumer,Office Supplies,Storage,Same Day,July,Saturday,5.643395324641106,0,7,6,0.7795698924731183,0
79.14,3,0.0,36.4044,46.0,2,South,Consumer,Office Supplies,Paper,First Class,May,Thursday,4.383775105207999,0,5,4,1.0,1
145.57,2,0.2,0.0,0.0,5,West,Consumer,Furniture,Chairs,Second Class,September,Friday,4.987503130039209,0,9,5,0.6042154566744731,0
590.06,7,0.7,-786.744,-133.33288140189134,4,West,Consumer,Furniture,Bookcases,Standard Class,December,Thursday,6.381917535095643,1,12,4,0.5263157894736842,0
14.04,3,0.2,1.5795,11.25,4,West,Consumer,Office Supplies,Art,Standard Class,December,Thursday,2.7107133185216936,0,12,4,1.0,1
29.6,2,0.0,14.8,50.0,5,West,Consumer,Office Supplies,Labels,Second Class,April,Tuesday,3.4210000089583352,0,4,2,1.0,1
17.09,4,0.2,5.5536,32.49619660620246,5,West,Consumer,Office Supplies,Binders,Second Class,April,Tuesday,2.895359299407204,0,4,2,0.6011730205278593,1
912.75,5,0.0,118.6575,13.0,5,West,Consumer,Furniture,Tables,Standard Class,September,Monday,6.817557011063989,0,9,1,0.3627906976744186,1
1089.75,3,0.0,305.13,27.999999999999996,5,West,Consumer,Office Supplies,Appliances,Second Class,August,Monday,6.994620812003719,0,8,1,0.867109634551495,1
447.84,8,0.0,219.4416,49.0,5,West,Consumer,Office Supplies,Paper,Second Class,August,Monday,6.106666476796666,0,8,1,1.0,1
16.4,5,0.0,4.264,26.000000000000007,5,West,Consumer,Office Supplies,Art,Second Class,August,Monday,2.856470206220483,0,8,1,1.0,1
399.96,5,0.2,34.9965,8.75,5,West,Consumer,Technology,Phones,Second Class,August,Monday,5.993861671707704,0,8,1,0.8521008403361344,1
158.9,5,0.0,7.945,5.0,5,West,Consumer,Office Supplies,Storage,Second Class,August,Monday,5.074548619839908,0,8,1,0.7795698924731183,1
13.18,1,0.2,4.7792,36.26100151745069,5,West,Consumer,Office Supplies,Binders,Second Class,August,Monday,2.6518325211039815,0,8,1,0.6011730205278593,1
83.95,3,0.6,-90.2484,-107.50256104824301,6,Central,Home Office,Furniture,Furnishings,Standard Class,September,Saturday,4.442062848117941,1,9,6,0.8065522620904836,0
80.98,1,0.0,1.6196,1.9999999999999998,0,South,Home Office,Office Supplies,Storage,Same Day,February,Friday,4.406475315076191,0,2,5,0.7795698924731183,1
348.84,9,0.0,170.9316,49.00000000000001,0,South,Home Office,Office Supplies,Paper,Same Day,February,Friday,5.857475907104665,0,2,5,1.0,1
9.45,5,0.0,0.189,2.0,0,South,Home Office,Office Supplies,Fasteners,Same Day,February,Friday,2.34660197841082,0,2,5,0.9019607843137255,1
18.84,3,0.0,7.1592,38.0,0,South,Home Office,Furniture,Furnishings,Same Day,February,Friday,2.987700101856727,0,2,5,0.8065522620904836,1
239.98,2,0.0,52.7956,22.0,0,South,Home Office,Furniture,Bookcases,Same Day,February,Friday,5.48471394249513,0,2,5,0.5263157894736842,1
167.96,2,0.0,78.9412,47.0,0,South,Home Office,Office Supplies,Envelopes,Same Day,February,Friday,5.129662000517897,0,2,5,1.0,1
104.85,3,0.0,28.3095,27.0,0,South,Home Office,Technology,Phones,Same Day,February,Friday,4.662022997580874,0,2,5,0.8521008403361344,1
484.83,3,0.0,126.0558,26.0,0,South,Home Office,Technology,Phones,Same Day,February,Friday,6.185858768469536,0,2,5,0.8521008403361344,1
122.97,3,0.0,60.2553,49.0,0,South,Home Office,Office Supplies,Paper,Same Day,February,Friday,4.8200396008500555,0,2,5,1.0,1
154.44,3,0.0,1.5444,1.0,0,South,Home Office,Office Supplies,Storage,Same Day,February,Friday,5.046259805069185,0,2,5,0.7795698924731183,1
342.37,7,0.0,160.9139,47.0,0,South,Home Office,Office Supplies,Paper,Same Day,February,Friday,5.838808582969778,0,2,5,1.0,1
17.22,4,0.2,6.0256,34.99186991869919,2,East,Consumer,Office Supplies,Binders,First Class,November,Thursday,2.9025198918318122,0,11,4,0.6011730205278593,1
11.56,2,0.0,5.6644,48.99999999999999,2,East,Consumer,Office Supplies,Paper,First Class,November,Thursday,2.5305171610400525,0,11,4,1.0,1
88.4,4,0.0,11.492,13.0,2,East,Consumer,Technology,Accessories,First Class,November,Thursday,4.493120682179469,0,11,4,0.872,1
6.48,1,0.0,3.1104,47.99999999999999,2,East,Consumer,Office Supplies,Paper,First Class,November,Thursday,2.012232791986386,0,11,4,1.0,1
21.8,2,0.0,6.104,27.999999999999996,4,South,Home Office,Technology,Phones,Standard Class,November,Tuesday,3.126760535960395,0,11,2,0.8521008403361344,1
251.79,3,0.0,118.3413,47.0,4,South,Home Office,Office Supplies,Envelopes,Standard Class,November,Tuesday,5.532559104528279,0,11,2,1.0,1
205.18,2,0.4,-58.1332,-28.33278097280437,6,East,Home Office,Furniture,Tables,Standard Class,April,Tuesday,5.328749573668238,1,4,2,0.3627906976744186,0
419.4,5,0.2,146.79,35.0,6,East,Home Office,Office Supplies,Paper,Standard Class,April,Tuesday,6.041206639002796,0,4,2,1.0,1
10.3,1,0.2,-2.1896,-21.258252427184466,2,East,Home Office,Office Supplies,Supplies,First Class,April,Sunday,2.424802725718295,0,4,7,0.816793893129771,0
154.76,3,0.4,-36.1116,-23.33393641767899,2,East,Home Office,Furniture,Tables,First Class,April,Sunday,5.048316361063944,1,4,7,0.3627906976744186,0
116.78,2,0.2,21.897,18.750642233259118,2,East,Home Office,Technology,Accessories,First Class,April,Sunday,4.768818477516425,0,4,7,0.872,1
75.48,2,0.0,19.6248,26.0,4,East,Consumer,Office Supplies,Art,Standard Class,September,Friday,4.337029268743146,0,9,5,1.0,1
39.98,2,0.0,9.995,25.0,4,East,Consumer,Furniture,Furnishings,Standard Class,September,Friday,3.7130841428107537,0,9,5,0.8065522620904836,1
393.17,3,0.5,-204.4458,-51.99933870844672,5,West,Consumer,Furniture,Tables,Standard Class,September,Sunday,5.97678228832184,1,9,7,0.3627906976744186,0
408.01,2,0.1,72.5344,17.77760349011054,4,East,Corporate,Furniture,Chairs,Standard Class,July,Saturday,6.013739605621659,0,7,6,0.6042154566744731,1
165.28,4,0.0,14.8752,9.0,4,East,Corporate,Furniture,Furnishings,Standard Class,July,Saturday,5.1136731143844365,0,7,6,0.8065522620904836,1
334.77,7,0.2,108.7996,32.49980583684321,5,East,Consumer,Office Supplies,Binders,Standard Class,June,Monday,5.816426401760286,0,6,1,0.6011730205278593,1
946.34,7,0.2,118.293,12.500052835133252,3,Central,Corporate,Technology,Phones,First Class,September,Monday,6.853658057261852,0,9,1,0.8521008403361344,1
151.2,3,0.2,32.13,21.250000000000004,3,Central,Corporate,Technology,Accessories,First Class,September,Monday,5.025195445427586,0,9,1,0.872,1
4.93,4,0.6,-1.4784,-29.98782961460446,3,Central,Corporate,Furniture,Furnishings,First Class,September,Monday,1.780024213009634,1,9,1,0.8065522620904836,0
86.27,4,0.2,31.2736,36.2508403848383,4,West,Corporate,Office Supplies,Paper,Standard Class,September,Saturday,4.46900676117522,0,9,6,1.0,1
72.59,2,0.7,-48.392,-66.66482986637277,4,West,Corporate,Office Supplies,Binders,Standard Class,September,Saturday,4.298509146938508,1,9,6,0.6011730205278593,0
60.67,2,0.2,14.4096,23.750782924015162,4,West,Corporate,Office Supplies,Appliances,Standard Class,September,Saturday,4.1217975890034015,0,9,6,0.867109634551495,1
77.03,9,0.7,-59.0571,-76.66766194988965,4,West,Corporate,Office Supplies,Binders,Standard Class,September,Saturday,4.35709336812867,1,9,6,0.6011730205278593,0
119.9,6,0.2,-1.4988,-1.2500417014178482,4,West,Corporate,Office Supplies,Storage,Standard Class,September,Saturday,4.794963757620747,0,9,6,0.7795698924731183,0
263.96,5,0.2,23.0965,8.75,4,West,Corporate,Technology,Phones,Standard Class,September,Saturday,5.579578871196895,0,9,6,0.8521008403361344,1
363.65,4,0.2,-86.3664,-23.749869379898257,4,West,Corporate,Office Supplies,Storage,Standard Class,September,Saturday,5.898937989430242,0,9,6,0.7795698924731183,0
9.73,2,0.2,3.2832,33.74306269270298,4,West,Corporate,Office Supplies,Binders,Second Class,October,Saturday,2.373043556642607,0,10,6,0.6011730205278593,1
14.75,5,0.0,7.08,48.0,4,West,Corporate,Office Supplies,Envelopes,Second Class,October,Saturday,2.7568403652716422,0,10,6,1.0,1
29.8,5,0.2,9.3125,31.25,4,West,Corporate,Office Supplies,Binders,Second Class,October,Saturday,3.427514689979529,0,10,6,0.6011730205278593,1
427.42,14,0.0,196.6132,46.0,4,West,Corporate,Office Supplies,Labels,Second Class,October,Saturday,6.06010402282467,0,10,6,1.0,1
152.76,6,0.0,74.8524,49.00000000000001,2,South,Consumer,Office Supplies,Binders,Second Class,December,Friday,5.035392945221982,0,12,5,0.6011730205278593,1
7.27,1,0.0,1.9629,27.0,2,South,Consumer,Office Supplies,Supplies,Second Class,December,Friday,2.1126345090356,0,12,5,0.816793893129771,1
1819.86,14,0.0,163.7874,9.0,2,South,Consumer,Furniture,Chairs,Second Class,December,Friday,7.507064195937419,0,12,5,0.6042154566744731,1
33.9,5,0.0,15.594,46.0,4,West,Consumer,Office Supplies,Paper,Standard Class,December,Monday,3.5524868292083815,0,12,1,1.0,1
263.88,3,0.2,42.8805,16.25,0,Central,Consumer,Technology,Accessories,Same Day,October,Thursday,5.5792768932389905,0,10,4,0.872,1
2453.43,5,0.3,-350.49,-14.285714285714288,0,Central,Consumer,Furniture,Chairs,Same Day,October,Thursday,7.805649834044782,1,10,4,0.6042154566744731,0
139.42,4,0.2,17.428,12.50035862860422,5,West,Corporate,Office Supplies,Storage,Standard Class,October,Thursday,4.944637931589103,0,10,4,0.7795698924731183,1
1979.93,9,0.2,148.4946,7.499992423974584,5,Central,Consumer,Technology,Phones,Standard Class,May,Monday,7.591321710385185,0,5,1,0.8521008403361344,1
2.5,3,0.7,-1.7514,-70.05600000000001,1,East,Corporate,Office Supplies,Binders,First Class,April,Wednesday,1.252762968495368,1,4,3,0.6011730205278593,0
88.75,3,0.2,11.094,12.500281690140843,6,West,Corporate,Technology,Phones,Standard Class,May,Friday,4.497028027368389,0,5,5,0.8521008403361344,1
2.03,1,0.7,-1.35,-66.5024630541872,1,West,Consumer,Office Supplies,Binders,First Class,July,Sunday,1.1085626195212777,1,7,7,0.6011730205278593,0
70.98,7,0.0,34.7802,49.0,3,South,Corporate,Office Supplies,Paper,First Class,November,Saturday,4.276388302650885,0,11,6,1.0,1
91.68,3,0.0,45.84,50.0,3,South,Corporate,Office Supplies,Binders,First Class,November,Saturday,4.529152699564175,0,11,6,0.6011730205278593,1
33.75,5,0.0,16.875,50.0,3,South,Corporate,Office Supplies,Binders,First Class,November,Saturday,3.548179572010801,0,11,6,0.6011730205278593,1
3040.0,8,0.0,1459.2,48.00000000000001,3,South,Corporate,Technology,Machines,First Class,November,Saturday,8.019941687677365,0,11,6,0.5975609756097561,1
52.2,9,0.0,23.49,44.99999999999999,4,East,Corporate,Office Supplies,Binders,Standard Class,August,Monday,3.9740583963475986,0,8,1,0.6011730205278593,1
15.94,4,0.2,5.1792,32.49184441656211,6,Central,Corporate,Office Supplies,Labels,Standard Class,September,Sunday,2.8296776892239084,0,9,7,1.0,1
27.46,2,0.0,9.8856,36.0,0,East,Consumer,Furniture,Furnishings,Same Day,May,Sunday,3.3484995926617063,0,5,7,0.8065522620904836,1
55.42,2,0.2,19.3984,35.00252616383976,7,West,Consumer,Office Supplies,Binders,Standard Class,December,Tuesday,4.0328237055738505,0,12,2,0.6011730205278593,1
244.01,2,0.3,-31.3722,-12.85693209294701,4,East,Consumer,Furniture,Tables,Standard Class,March,Friday,5.501299026038294,1,3,5,0.3627906976744186,0
159.98,2,0.2,43.9956,27.500687585948246,2,Central,Corporate,Technology,Accessories,First Class,August,Friday,5.0812801336655875,0,8,5,0.872,1
1024.72,6,0.3,-29.2776,-2.8571317042704347,2,Central,Corporate,Furniture,Chairs,First Class,August,Friday,6.933150084002079,1,8,5,0.6042154566744731,0
3.68,2,0.0,1.8032,48.99999999999999,3,East,Corporate,Office Supplies,Fasteners,First Class,December,Friday,1.5432981099295553,0,12,5,0.9019607843137255,1
121.38,4,0.2,-3.0344,-2.4999176141044654,6,West,Consumer,Furniture,Furnishings,Standard Class,August,Friday,4.807130958034395,0,8,5,0.8065522620904836,0
95.98,3,0.2,-10.7973,-11.2495311523234,6,West,Consumer,Technology,Accessories,Standard Class,August,Friday,4.574504771677206,0,8,5,0.872,0
255.97,4,0.2,31.996,12.499902332304567,0,South,Home Office,Technology,Accessories,Same Day,May,Saturday,5.5489593465640565,0,5,6,0.872,1
6.85,2,0.2,0.5992,8.747445255474453,3,East,Corporate,Office Supplies,Art,Second Class,September,Thursday,2.060513531794317,0,9,4,1.0,1
6.69,4,0.6,-4.0128,-59.98206278026906,1,Central,Consumer,Furniture,Furnishings,Same Day,December,Tuesday,2.0399207835175526,1,12,2,0.8065522620904836,0
17.28,6,0.0,5.0112,28.999999999999996,6,East,Home Office,Office Supplies,Art,Standard Class,November,Saturday,2.905807566026004,0,11,6,1.0,1
17.71,3,0.2,6.4206,36.254093732354605,6,East,Home Office,Office Supplies,Binders,Standard Class,November,Saturday,2.9290581402859983,0,11,6,0.6011730205278593,1
52.14,7,0.2,5.8653,11.249136939010357,4,South,Consumer,Office Supplies,Supplies,Standard Class,November,Sunday,3.9729299403316674,0,11,7,0.816793893129771,1
25.92,4,0.0,12.4416,47.99999999999999,6,West,Consumer,Office Supplies,Paper,Standard Class,December,Friday,3.2928695047765273,0,12,5,1.0,1
40.46,7,0.0,19.8254,48.99999999999999,6,West,Consumer,Office Supplies,Paper,Standard Class,December,Friday,3.7247291070076334,0,12,5,1.0,1
33.87,3,0.0,8.8062,26.0,6,West,Consumer,Office Supplies,Storage,Standard Class,December,Friday,3.5516268606875596,0,12,5,0.7795698924731183,1
177.0,3,0.0,30.09,17.0,4,West,Corporate,Technology,Accessories,Standard Class,October,Friday,5.181783550292085,0,10,5,0.872,1
3.76,2,0.0,1.316,35.0,6,East,Consumer,Office Supplies,Fasteners,Standard Class,November,Thursday,1.5602476682433286,0,11,4,0.9019607843137255,1
1212.85,7,0.2,106.1242,8.749985571175332,4,West,Home Office,Technology,Phones,Standard Class,November,Tuesday,7.101552405501116,0,11,2,0.8521008403361344,1
89.97,3,0.0,37.7874,42.0,4,West,Home Office,Technology,Accessories,Standard Class,November,Tuesday,4.510529781833971,0,11,2,0.872,1
42.6,3,0.0,16.614,39.0,4,West,Home Office,Furniture,Furnishings,Standard Class,November,Tuesday,3.775057150354989,0,11,2,0.8065522620904836,1
5.04,2,0.2,1.764,35.0,7,East,Consumer,Office Supplies,Labels,Standard Class,November,Saturday,1.7984040119467235,0,11,6,1.0,1
40.05,3,0.0,11.214,28.000000000000004,2,South,Consumer,Office Supplies,Art,Second Class,December,Wednesday,3.714790835898437,0,12,3,1.0,1
18.16,5,0.2,6.583,36.25,3,West,Home Office,Office Supplies,Binders,First Class,October,Monday,2.9528247725427144,0,10,1,0.6011730205278593,1
33.52,2,0.2,3.352,10.0,7,West,Home Office,Technology,Phones,Standard Class,November,Thursday,3.541538866215227,0,11,4,0.8521008403361344,1
9.94,2,0.0,3.0814,31.0,7,West,Home Office,Furniture,Furnishings,Standard Class,November,Thursday,2.392425796993835,0,11,4,0.8065522620904836,1
6.72,4,0.0,3.36,50.0,6,West,Home Office,Office Supplies,Art,Standard Class,August,Saturday,2.0438143640366846,0,8,6,1.0,1
1004.98,6,0.2,-175.8708,-17.499930346872574,6,West,Home Office,Furniture,Tables,Standard Class,August,Saturday,6.913717469746355,0,8,6,0.3627906976744186,0
396.0,4,0.0,190.08,48.00000000000001,6,South,Consumer,Technology,Machines,Standard Class,September,Saturday,5.983936280687191,0,9,6,0.5975609756097561,1
83.84,2,0.2,27.248,32.5,3,West,Consumer,Office Supplies,Binders,Second Class,February,Monday,4.440767129696482,0,2,1,0.6011730205278593,1
13.27,3,0.2,4.3134,32.50489826676714,3,West,Consumer,Office Supplies,Binders,Second Class,February,Monday,2.658159431488745,0,2,1,0.6011730205278593,1
206.11,6,0.2,48.9516,23.750230459463392,5,West,Consumer,Furniture,Furnishings,Standard Class,December,Sunday,5.33325005308806,0,12,7,0.8065522620904836,1
19.92,5,0.2,6.723,33.75,5,West,Consumer,Office Supplies,Paper,Standard Class,December,Sunday,3.040705639196722,0,12,7,1.0,1
198.27,8,0.2,61.96,31.250315226711052,5,West,Consumer,Office Supplies,Paper,Standard Class,December,Sunday,5.294660689044493,0,12,7,1.0,1
247.1,6,0.2,-58.6872,-23.750384459732903,5,West,Consumer,Office Supplies,Storage,Standard Class,December,Sunday,5.513831890697755,0,12,7,0.7795698924731183,0
86.3,6,0.2,9.7092,11.250521436848203,5,West,Consumer,Office Supplies,Art,Standard Class,December,Sunday,4.469350462845557,0,12,7,1.0,1
4.16,2,0.2,0.364,8.75,5,East,Consumer,Office Supplies,Art,Standard Class,July,Friday,1.6409365794934714,0,7,5,1.0,1
11.65,2,0.2,3.3488,28.745064377682404,5,East,Consumer,Furniture,Furnishings,Standard Class,July,Friday,2.5376572151735295,0,7,5,0.8065522620904836,1
26.18,7,0.0,0.5236,1.9999999999999998,3,East,Corporate,Office Supplies,Fasteners,Second Class,November,Saturday,3.3024814087229974,0,11,6,0.9019607843137255,1
7.3,2,0.0,3.431,47.0,3,East,Corporate,Office Supplies,Paper,Second Class,November,Saturday,2.1162555148025524,0,11,6,1.0,1
74.35,3,0.2,23.235,31.250840618695364,5,South,Corporate,Office Supplies,Paper,Standard Class,March,Thursday,4.3221439250725044,0,3,4,1.0,1
212.88,6,0.0,0.0,0.0,4,East,Corporate,Office Supplies,Storage,Standard Class,December,Sunday,5.365415110080531,0,12,7,0.7795698924731183,0
40.74,3,0.0,0.4074,0.9999999999999999,4,East,Corporate,Office Supplies,Storage,Standard Class,October,Saturday,3.7314599016490546,0,10,6,0.7795698924731183,1
11.67,3,0.0,3.0342,26.0,4,East,Corporate,Office Supplies,Appliances,Standard Class,October,Saturday,2.5392369943330477,0,10,6,0.867109634551495,1
8.32,5,0.2,2.288,27.499999999999996,5,East,Consumer,Furniture,Furnishings,Second Class,March,Tuesday,2.2321626286975,0,3,2,0.8065522620904836,1
10.46,6,0.2,1.7004,16.256214149139577,5,East,Consumer,Office Supplies,Fasteners,Second Class,March,Tuesday,2.4388627112865935,0,3,2,0.9019607843137255,1
82.9,3,0.2,29.0136,34.998311218335346,4,West,Home Office,Office Supplies,Binders,Standard Class,February,Tuesday,4.429625613473161,0,2,2,0.6011730205278593,1
34.24,4,0.0,16.0928,47.0,4,West,Home Office,Office Supplies,Paper,Standard Class,February,Tuesday,3.562181801067979,0,2,2,1.0,1
1573.49,7,0.2,196.686,12.499984111751585,4,East,Corporate,Furniture,Bookcases,Second Class,December,Wednesday,7.3616866892983,0,12,3,0.5263157894736842,1
335.52,4,0.2,117.432,35.0,4,Central,Corporate,Office Supplies,Paper,Standard Class,November,Monday,5.818657582682612,0,11,1,1.0,1
23.91,2,0.8,-40.6504,-170.0142199916353,4,Central,Corporate,Office Supplies,Binders,Standard Class,November,Monday,3.215269329274089,1,11,1,0.6011730205278593,0
27.06,2,0.2,2.3674,8.748706577974872,4,Central,Corporate,Office Supplies,Storage,Standard Class,November,Monday,3.3343450746743146,0,11,1,0.7795698924731183,1
559.99,1,0.2,174.9975,31.250111609135878,2,East,Consumer,Technology,Copiers,First Class,July,Sunday,6.329703080051881,0,7,7,1.0,1
111.96,2,0.0,54.8604,49.0,5,West,Consumer,Office Supplies,Paper,Standard Class,June,Friday,4.727033773744932,0,6,5,1.0,1
21.56,7,0.0,10.3488,48.00000000000001,2,Central,Home Office,Office Supplies,Labels,First Class,May,Saturday,3.1161784266298582,0,5,6,1.0,1
5.28,3,0.0,1.5312,28.999999999999996,7,West,Corporate,Office Supplies,Art,Standard Class,February,Friday,1.8373699804801074,0,2,5,1.0,1
9.34,1,0.2,3.504,37.51605995717345,6,East,Consumer,Office Supplies,Envelopes,Standard Class,May,Monday,2.336019869080283,0,5,1,1.0,1
79.36,5,0.2,9.92,12.5,6,East,Consumer,Office Supplies,Art,Standard Class,May,Monday,4.386516539946734,0,5,1,1.0,1
171.96,2,0.0,44.7096,26.0,2,West,Consumer,Furniture,Tables,Second Class,March,Monday,5.153060353890898,0,3,1,0.3627906976744186,1
35.35,9,0.2,12.8151,36.25205091937765,4,West,Corporate,Office Supplies,Binders,Standard Class,April,Saturday,3.5931942039795284,0,4,6,0.6011730205278593,1
18.9,6,0.0,9.072,48.0,5,West,Home Office,Office Supplies,Labels,Standard Class,April,Friday,2.990719731730447,0,4,5,1.0,1
11.35,3,0.2,4.1151,36.25638766519824,0,East,Consumer,Office Supplies,Paper,Same Day,November,Monday,2.513656063073986,0,11,1,1.0,1
354.9,5,0.0,17.745,5.0,0,South,Consumer,Office Supplies,Storage,Same Day,March,Tuesday,5.874649792516147,0,3,2,0.7795698924731183,1
453.58,3,0.2,39.6879,8.749922836103885,6,West,Home Office,Technology,Phones,Standard Class,March,Thursday,6.119373915730013,0,3,4,0.8521008403361344,1
21.48,3,0.2,-0.2685,-1.25,1,Central,Consumer,Technology,Accessories,First Class,November,Sunday,3.1126260250254902,0,11,7,0.872,0
8.78,4,0.8,-13.6152,-155.07061503416855,1,Central,Consumer,Office Supplies,Binders,First Class,November,Sunday,2.280339484046726,1,11,7,0.6011730205278593,0
603.92,5,0.2,-67.941,-11.250000000000002,2,West,Consumer,Furniture,Chairs,First Class,November,Sunday,6.40509621788254,0,11,7,0.6042154566744731,0
21.84,3,0.0,10.4832,48.0,2,West,Consumer,Office Supplies,Envelopes,First Class,November,Sunday,3.1285133847878095,0,11,7,1.0,1
29.99,1,0.0,6.2979,21.000000000000004,2,West,Consumer,Technology,Accessories,First Class,November,Sunday,3.433664571799657,0,11,7,0.872,1
381.44,2,0.2,23.84,6.25,2,West,Consumer,Furniture,Chairs,First Class,November,Sunday,5.946571778217245,0,11,7,0.6042154566744731,1
40.68,3,0.2,-9.153,-22.5,3,Central,Consumer,Technology,Phones,First Class,December,Monday,3.7300213974451113,0,12,1,0.8521008403361344,0
763.28,5,0.3,-21.808,-2.857142857142857,3,Central,Consumer,Furniture,Chairs,First Class,December,Monday,6.638934214171274,1,12,1,0.6042154566744731,0
23.95,2,0.2,2.3952,10.000835073068894,5,Central,Home Office,Office Supplies,Storage,Standard Class,April,Friday,3.2168738221975275,0,4,5,0.7795698924731183,1
4.98,1,0.0,2.4402,48.99999999999999,4,South,Home Office,Office Supplies,Paper,Standard Class,May,Monday,1.7884205679625405,0,5,1,1.0,1
170.88,3,0.0,49.5552,28.999999999999996,3,East,Consumer,Office Supplies,Appliances,First Class,February,Saturday,5.146796558906795,0,2,6,0.867109634551495,1
307.98,2,0.0,89.3142,28.999999999999996,3,East,Consumer,Technology,Phones,First Class,August,Sunday,5.733276549883904,0,8,7,0.8521008403361344,1
382.81,9,0.4,-153.1224,-39.99958203808678,3,East,Consumer,Furniture,Tables,First Class,August,Sunday,5.950147638471271,1,8,7,0.3627906976744186,0
41.96,2,0.0,2.9372,6.999999999999999,3,East,Consumer,Office Supplies,Storage,First Class,August,Sunday,3.7602694502006093,0,8,7,0.7795698924731183,1
1217.57,2,0.2,456.588,37.499938401898866,3,East,Consumer,Office Supplies,Binders,First Class,August,Sunday,7.1054333190967816,0,8,7,0.6011730205278593,1
47.04,3,0.0,18.3456,39.0,3,East,Consumer,Furniture,Furnishings,First Class,August,Sunday,3.872033997211783,0,8,7,0.8065522620904836,1
6.16,2,0.0,2.9568,48.0,3,East,Consumer,Furniture,Furnishings,First Class,August,Sunday,1.9685099809725544,0,8,7,0.8065522620904836,1
979.95,5,0.0,274.386,28.000000000000004,3,East,Consumer,Technology,Phones,First Class,August,Sunday,6.888521489866838,0,8,7,0.8521008403361344,1
143.7,3,0.0,68.976,48.00000000000001,3,East,Consumer,Office Supplies,Paper,First Class,August,Sunday,4.974662633637438,0,8,7,1.0,1
10.65,3,0.0,5.0055,47.0,3,East,Consumer,Office Supplies,Fasteners,First Class,August,Sunday,2.4553061800117097,0,8,7,0.9019607843137255,1
247.8,4,0.0,34.692,13.999999999999998,3,East,Consumer,Technology,Accessories,First Class,August,Sunday,5.516649360865024,0,8,7,0.872,1
10.96,4,0.0,2.9592,26.999999999999996,4,South,Corporate,Office Supplies,Art,Standard Class,May,Thursday,2.481567748522486,0,5,4,1.0,1
33.49,7,0.2,5.8604,17.498954911914005,4,Central,Corporate,Office Supplies,Art,Standard Class,April,Friday,3.5406694269487495,0,4,5,1.0,1
8.04,5,0.2,2.9145,36.25000000000001,4,Central,Corporate,Office Supplies,Fasteners,Standard Class,April,Friday,2.201659174404085,0,4,5,0.9019607843137255,1
201.57,4,0.2,22.6764,11.249888376246465,2,West,Consumer,Technology,Phones,Second Class,June,Tuesday,5.311085505825715,0,6,2,0.8521008403361344,1
13.44,3,0.0,6.5856,49.00000000000001,0,West,Consumer,Office Supplies,Paper,Same Day,October,Sunday,2.67000213346468,0,10,7,1.0,1
359.06,3,0.3,-35.9058,-9.999944299002953,3,Central,Home Office,Furniture,Bookcases,First Class,March,Tuesday,5.886270684229476,1,3,2,0.5263157894736842,0
211.96,2,0.0,42.392,20.0,5,East,Corporate,Furniture,Furnishings,Second Class,May,Sunday,5.361104354646802,0,5,7,0.8065522620904836,1
6.67,3,0.2,1.668,25.007496251874063,6,South,Consumer,Office Supplies,Art,Standard Class,December,Sunday,2.0373166153791646,0,12,7,1.0,1
39.96,5,0.2,12.987,32.5,5,West,Consumer,Technology,Phones,Second Class,April,Tuesday,3.7125959807312525,0,4,2,0.8521008403361344,1
5.46,3,0.0,1.5288,27.999999999999996,5,West,Consumer,Office Supplies,Art,Second Class,April,Tuesday,1.8656293177945105,0,4,2,1.0,1
73.2,5,0.0,21.228,29.000000000000004,5,West,Consumer,Office Supplies,Art,Second Class,April,Tuesday,4.3067641501733345,0,4,2,1.0,1
5.84,1,0.2,1.971,33.75,5,West,Consumer,Office Supplies,Binders,Second Class,April,Tuesday,1.922787731634459,0,4,2,0.6011730205278593,1
22.72,4,0.0,10.224,45.0,5,West,Consumer,Office Supplies,Paper,Second Class,April,Tuesday,3.1663185741295248,0,4,2,1.0,1
9.34,3,0.2,3.2676,34.985010706638114,5,West,Consumer,Office Supplies,Binders,Second Class,April,Tuesday,2.336019869080283,0,4,2,0.6011730205278593,1
290.67,2,0.15,27.3568,9.411635187669866,4,West,Corporate,Furniture,Bookcases,Standard Class,May,Monday,5.675623026195628,0,5,1,0.5263157894736842,1
201.58,2,0.2,20.1584,10.000198432384165,4,West,Corporate,Technology,Phones,Standard Class,May,Monday,5.311134870258651,0,5,1,0.8521008403361344,1
83.98,2,0.2,31.494,37.50178613955703,4,West,Corporate,Technology,Phones,Standard Class,May,Monday,4.442415934686665,0,5,1,0.8521008403361344,1
83.98,3,0.2,-13.6461,-16.24922600619195,4,East,Home Office,Technology,Accessories,Standard Class,March,Tuesday,4.442415934686665,0,3,2,0.872,0
3.75,1,0.0,1.8,48.00000000000001,6,Central,Home Office,Office Supplies,Labels,Standard Class,August,Monday,1.55814461804655,0,8,1,1.0,1
41.4,4,0.0,19.872,48.00000000000001,6,Central,Home Office,Office Supplies,Labels,Standard Class,August,Monday,3.7471483622379123,0,8,1,1.0,1
29.79,3,0.0,12.5118,42.0,6,Central,Home Office,Office Supplies,Art,Standard Class,August,Monday,3.427189961936409,0,8,1,1.0,1
59.48,2,0.0,8.922,15.000000000000002,4,East,Home Office,Office Supplies,Storage,Second Class,September,Saturday,4.102312731871278,0,9,6,0.7795698924731183,1
6.69,1,0.0,3.0774,46.0,4,East,Home Office,Office Supplies,Paper,Second Class,September,Saturday,2.0399207835175526,0,9,6,1.0,1
675.96,5,0.2,84.495,12.5,5,West,Consumer,Technology,Phones,Standard Class,December,Saturday,6.517612186971758,0,12,6,0.8521008403361344,1
1265.85,3,0.0,556.974,44.00000000000001,5,West,Consumer,Technology,Accessories,Standard Class,December,Saturday,7.1442887834151065,0,12,6,0.872,1
523.25,5,0.0,141.2775,27.0,6,East,Home Office,Office Supplies,Appliances,Standard Class,November,Monday,6.261968669782029,0,11,1,0.867109634551495,1
517.5,6,0.0,155.25,30.0,6,South,Consumer,Furniture,Chairs,Standard Class,September,Thursday,6.250940027669582,0,9,4,0.6042154566744731,1
1006.06,3,0.2,88.0299,8.749965210822417,0,East,Consumer,Office Supplies,Storage,Same Day,May,Sunday,6.914790473863134,0,5,7,0.7795698924731183,1
10.69,2,0.2,3.7408,34.99345182413471,0,East,Consumer,Office Supplies,Paper,Same Day,May,Sunday,2.458733775483977,0,5,7,1.0,1
10.37,2,0.2,3.6288,34.993249758919966,0,East,Consumer,Office Supplies,Paper,Same Day,May,Sunday,2.4309783077624445,0,5,7,1.0,1
25.12,2,0.2,1.57,6.25,0,East,Consumer,Office Supplies,Storage,Same Day,May,Sunday,3.2627013044082305,0,5,7,0.7795698924731183,1
58.11,2,0.2,7.264,12.500430218551026,0,East,Consumer,Technology,Accessories,Same Day,May,Sunday,4.079400114836278,0,5,7,0.872,1
15.55,3,0.2,5.4432,35.004501607717046,6,West,Consumer,Office Supplies,Paper,Standard Class,November,Wednesday,2.806386101823072,0,11,3,1.0,1
669.08,5,0.2,-167.27,-25.0,6,West,Consumer,Office Supplies,Storage,Standard Class,November,Wednesday,6.507397108242118,0,11,3,0.7795698924731183,0
438.34,4,0.2,-87.6672,-19.999817493270065,6,West,Consumer,Technology,Phones,Standard Class,November,Wednesday,6.0852736007860395,0,11,3,0.8521008403361344,0
19.44,3,0.0,9.3312,48.00000000000001,6,East,Consumer,Office Supplies,Paper,Standard Class,May,Thursday,3.017493765335504,0,5,4,1.0,1
9.64,2,0.0,4.4344,46.0,6,East,Consumer,Office Supplies,Binders,Standard Class,May,Thursday,2.3646204839134985,0,5,4,0.6011730205278593,1
12.7,2,0.0,5.842,46.0,6,East,Consumer,Office Supplies,Paper,Standard Class,May,Thursday,2.617395832834079,0,5,4,1.0,1
41.37,3,0.0,17.3754,42.0,6,East,Consumer,Furniture,Furnishings,Standard Class,May,Thursday,3.7464405646384678,0,5,4,0.8065522620904836,1
12.62,2,0.2,3.945,31.259904912836767,5,Central,Corporate,Office Supplies,Fasteners,Standard Class,November,Saturday,2.611539300721366,0,11,6,0.9019607843137255,1
1247.64,3,0.0,349.3392,27.999999999999996,1,West,Corporate,Office Supplies,Storage,First Class,March,Thursday,7.1298102379946915,0,3,4,0.7795698924731183,1
3149.93,7,0.0,1480.4671,47.0,1,West,Corporate,Technology,Copiers,First Class,March,Thursday,8.055452926340728,0,3,4,1.0,1
209.7,2,0.0,100.656,48.00000000000001,1,West,Corporate,Office Supplies,Paper,First Class,March,Thursday,5.350435320810143,0,3,4,1.0,1
35.36,2,0.2,-3.094,-8.75,2,East,Home Office,Technology,Accessories,First Class,November,Sunday,3.5934692693092782,0,11,7,0.872,0
3.17,2,0.2,-0.7128,-22.485804416403784,2,East,Home Office,Office Supplies,Fasteners,First Class,November,Sunday,1.4279160358107101,0,11,7,0.9019607843137255,0
121.1,6,0.7,-100.92,-83.33608587943849,3,East,Consumer,Office Supplies,Binders,Second Class,September,Saturday,4.804840381116659,1,9,6,0.6011730205278593,0
45.89,1,0.4,-9.1788,-20.001743299193723,3,East,Consumer,Technology,Phones,Second Class,September,Saturday,3.847804433101495,1,9,6,0.8521008403361344,0
109.92,2,0.0,53.8608,49.0,0,West,Corporate,Office Supplies,Paper,Same Day,August,Friday,4.708809220747577,0,8,5,1.0,1
13.36,2,0.0,6.4128,48.0,0,West,Corporate,Office Supplies,Paper,Same Day,August,Friday,2.664446563620078,0,8,5,1.0,1
34.79,7,0.0,10.7849,31.0,3,Central,Consumer,Furniture,Furnishings,First Class,May,Monday,3.5776685247779345,0,5,1,0.8065522620904836,1
41.92,5,0.2,3.668,8.75,2,Central,Consumer,Office Supplies,Storage,Second Class,November,Thursday,3.759337917762498,0,11,4,0.7795698924731183,1
297.58,3,0.2,-7.4394,-2.4999663955911013,2,Central,Consumer,Technology,Accessories,Second Class,November,Thursday,5.699037903625444,0,11,4,0.872,0
4.34,3,0.2,0.8688,20.018433179723502,2,Central,Consumer,Office Supplies,Fasteners,Second Class,November,Thursday,1.6752256529721035,0,11,4,0.9019607843137255,1
94.99,2,0.2,-2.3748,-2.500052637119697,2,Central,Consumer,Technology,Accessories,Second Class,November,Thursday,4.564244019375446,0,11,4,0.872,0
74.35,3,0.2,23.235,31.250840618695364,2,Central,Consumer,Office Supplies,Paper,Second Class,November,Thursday,4.3221439250725044,0,11,4,1.0,1
14.04,3,0.2,1.5795,11.25,2,Central,Consumer,Office Supplies,Art,Second Class,November,Thursday,2.7107133185216936,0,11,4,1.0,1
1018.1,4,0.4,-373.3048,-36.6668107258619,5,East,Consumer,Furniture,Tables,Standard Class,January,Saturday,6.9266751638346475,1,1,6,0.3627906976744186,0
58.58,2,0.0,19.3314,32.99999999999999,3,West,Corporate,Technology,Accessories,First Class,March,Tuesday,4.0873199472851365,0,3,2,0.872,1
196.62,2,0.0,96.3438,49.0,1,South,Consumer,Office Supplies,Labels,First Class,December,Friday,5.286345994766816,0,12,5,1.0,1
21.94,2,0.6,-10.4196,-47.49134001823154,4,Central,Corporate,Furniture,Furnishings,Standard Class,September,Thursday,3.1328821117012247,1,9,4,0.8065522620904836,0
6.59,3,0.8,-10.2114,-154.95295902883154,4,Central,Corporate,Office Supplies,Binders,Standard Class,September,Thursday,2.0268315914075385,1,9,4,0.6011730205278593,0
104.28,3,0.0,26.07,25.0,6,West,Consumer,Office Supplies,Storage,Standard Class,May,Wednesday,4.656623467577007,0,5,3,0.7795698924731183,1
17.94,3,0.0,8.7906,48.99999999999999,6,West,Consumer,Office Supplies,Paper,Standard Class,May,Wednesday,2.9412760877579323,0,5,3,1.0,1
64.78,1,0.2,-14.5764,-22.501389317690645,6,East,Corporate,Office Supplies,Storage,Standard Class,September,Sunday,4.186315840760911,0,9,7,0.7795698924731183,0
32.38,3,0.4,4.3176,13.33415688696726,6,East,Corporate,Technology,Phones,Standard Class,September,Sunday,3.507956918233689,1,9,7,0.8521008403361344,1
42.37,2,0.2,8.4736,19.999055935803632,6,East,Corporate,Furniture,Furnishings,Standard Class,September,Sunday,3.7697679578472747,0,9,7,0.8065522620904836,1
399.54,4,0.7,-559.356,-140.0,6,East,Corporate,Technology,Machines,Standard Class,September,Sunday,5.992813636677278,1,9,7,0.5975609756097561,0
18.97,1,0.0,9.1056,48.00000000000001,2,West,Consumer,Office Supplies,Paper,Second Class,September,Thursday,2.994231147427724,0,9,4,1.0,1
14.82,3,0.0,6.2244,42.0,5,West,Corporate,Furniture,Furnishings,Standard Class,November,Monday,2.761274962339508,0,11,1,0.8065522620904836,1
853.09,6,0.4,-227.4912,-26.666729184494013,4,East,Consumer,Furniture,Tables,Standard Class,August,Saturday,6.750036574652674,1,8,6,0.3627906976744186,0
21.88,5,0.2,6.2905,28.749999999999996,5,East,Consumer,Furniture,Furnishings,Standard Class,March,Monday,3.130263166511597,0,3,1,0.8065522620904836,1
13.62,2,0.2,3.5742,26.24229074889868,3,Central,Home Office,Technology,Accessories,Second Class,June,Sunday,2.6823904543216326,0,6,7,0.872,1
63.96,4,0.0,19.8276,31.0,3,East,Home Office,Technology,Accessories,Second Class,September,Friday,4.173771695853422,0,9,5,0.872,1
14.46,3,0.0,7.0854,49.0,3,East,Home Office,Office Supplies,Binders,Second Class,September,Friday,2.738256043159276,0,9,5,0.6011730205278593,1
104.98,2,0.0,52.49,50.0,3,East,Home Office,Technology,Phones,Second Class,September,Friday,4.663250397064616,0,9,5,0.8521008403361344,1
106.96,2,0.0,31.0184,29.000000000000004,4,West,Consumer,Office Supplies,Appliances,Standard Class,December,Sunday,4.681760788149804,0,12,7,0.867109634551495,1
21.56,7,0.0,10.3488,48.00000000000001,4,West,Consumer,Office Supplies,Labels,Standard Class,December,Sunday,3.1161784266298582,0,12,7,1.0,1
515.88,6,0.0,113.4936,22.0,4,West,Consumer,Furniture,Tables,Second Class,June,Tuesday,6.24781073924991,0,6,2,0.3627906976744186,1
11.81,2,0.2,4.2804,36.243861134631665,2,East,Consumer,Office Supplies,Binders,Second Class,July,Monday,2.550226115908643,0,7,1,0.6011730205278593,1
1931.04,9,0.1,321.84,16.666666666666664,2,East,Consumer,Furniture,Chairs,Second Class,July,Monday,7.566331718491887,0,7,1,0.6042154566744731,1
9.96,2,0.0,4.6812,46.99999999999999,2,East,Consumer,Office Supplies,Paper,Second Class,July,Monday,2.3942522815198695,0,7,1,1.0,1
12.35,5,0.0,5.8045,47.0,4,West,Home Office,Office Supplies,Fasteners,Standard Class,February,Sunday,2.5915163848462583,0,2,7,0.9019607843137255,1
9.7,3,0.7,-7.1148,-73.34845360824742,0,West,Consumer,Office Supplies,Binders,Same Day,March,Tuesday,2.3702437414678603,1,3,2,0.6011730205278593,0
11.61,2,0.7,-9.288,-80.0,4,East,Consumer,Office Supplies,Binders,Standard Class,November,Sunday,2.534490149976828,1,11,7,0.6011730205278593,0
14.3,6,0.2,5.0064,35.00979020979021,5,Central,Consumer,Office Supplies,Paper,Standard Class,January,Friday,2.72785282839839,0,1,5,1.0,1
7.71,2,0.2,2.7956,36.25940337224384,4,East,Consumer,Office Supplies,Binders,Standard Class,April,Saturday,2.1644717908644115,0,4,6,0.6011730205278593,1
242.9,5,0.0,70.441,28.999999999999996,5,East,Consumer,Office Supplies,Appliances,Standard Class,May,Thursday,5.496758305221874,0,5,4,0.867109634551495,1
454.9,5,0.0,0.0,0.0,5,East,Consumer,Office Supplies,Storage,Standard Class,May,Thursday,6.122273487219395,0,5,4,0.7795698924731183,0
35.92,4,0.0,15.0864,42.0,5,East,Consumer,Furniture,Furnishings,Standard Class,May,Thursday,3.6087534096346516,0,5,4,0.8065522620904836,1
39.76,8,0.0,12.3256,31.0,5,East,Consumer,Furniture,Furnishings,Standard Class,May,Thursday,3.707701208354524,0,5,4,0.8065522620904836,1
47.74,4,0.2,14.92,31.25261834939254,5,East,Consumer,Office Supplies,Binders,Standard Class,May,Thursday,3.8865000481970604,0,5,4,0.6011730205278593,1
159.98,2,0.2,11.9988,7.50018752344043,5,Central,Consumer,Technology,Phones,Standard Class,December,Sunday,5.0812801336655875,0,12,7,0.8521008403361344,1
255.97,4,0.2,51.1936,19.99984373168731,5,Central,Consumer,Technology,Accessories,Standard Class,December,Sunday,5.5489593465640565,0,12,7,0.872,1
359.06,3,0.3,-71.8116,-19.999888598005906,5,Central,Consumer,Furniture,Bookcases,Standard Class,December,Sunday,5.886270684229476,1,12,7,0.5263157894736842,0
434.35,3,0.2,43.4352,10.000046045815585,1,East,Consumer,Office Supplies,Appliances,First Class,December,Saturday,6.076150305274624,0,12,6,0.867109634551495,1
3.55,2,0.2,0.444,12.507042253521128,1,East,Consumer,Office Supplies,Appliances,First Class,December,Saturday,1.5151272329628591,0,12,6,0.867109634551495,1
88.83,4,0.2,7.7728,8.750197005516155,1,East,Consumer,Office Supplies,Appliances,First Class,December,Saturday,4.497918995241116,0,12,6,0.867109634551495,1
100.0,4,0.0,21.0,21.0,0,South,Consumer,Technology,Accessories,Same Day,February,Sunday,4.61512051684126,0,2,7,0.872,1
7.83,3,0.0,3.6018,46.0,0,South,Consumer,Office Supplies,Labels,Same Day,February,Sunday,2.178155014615869,0,2,7,1.0,1
96.26,8,0.2,31.2832,32.49864949096198,5,South,Corporate,Office Supplies,Paper,Standard Class,September,Sunday,4.57738780497564,0,9,7,1.0,1
10.69,2,0.2,3.7408,34.99345182413471,5,South,Corporate,Office Supplies,Paper,Standard Class,September,Sunday,2.458733775483977,0,9,7,1.0,1
338.04,3,0.2,-33.804,-10.0,4,Central,Consumer,Office Supplies,Storage,Standard Class,July,Sunday,5.826118094519989,0,7,7,0.7795698924731183,0
154.24,4,0.2,17.352,11.249999999999998,4,Central,Consumer,Office Supplies,Art,Standard Class,July,Sunday,5.044972306500705,0,7,7,1.0,1
31.44,3,0.0,8.4888,26.999999999999996,6,West,Corporate,Office Supplies,Storage,Standard Class,September,Thursday,3.479392229247212,0,9,4,0.7795698924731183,1
17.9,2,0.0,3.401,19.0,6,West,Corporate,Technology,Accessories,Standard Class,September,Thursday,2.9391619220655967,0,9,4,0.872,1
129.45,5,0.0,46.602,36.0,6,West,Corporate,Technology,Accessories,Standard Class,September,Thursday,4.870990011582737,0,9,4,0.872,1
20.88,8,0.0,9.6048,46.0,7,West,Home Office,Office Supplies,Labels,Standard Class,August,Saturday,3.0855729775537806,0,8,6,1.0,1
13.36,2,0.0,4.9432,37.0,3,East,Consumer,Office Supplies,Art,First Class,June,Friday,2.664446563620078,0,6,5,1.0,1
11.23,8,0.7,-8.2368,-73.34639358860197,4,South,Consumer,Office Supplies,Binders,Second Class,August,Saturday,2.503891949699081,1,8,6,0.6011730205278593,0
10.27,3,0.2,3.21,31.256085686465436,4,South,Consumer,Office Supplies,Paper,Second Class,August,Saturday,2.422144328051685,0,8,6,1.0,1
10.37,2,0.2,3.6288,34.993249758919966,4,Central,Home Office,Office Supplies,Paper,Standard Class,April,Friday,2.4309783077624445,0,4,5,1.0,1
6.24,3,0.2,0.546,8.75,4,Central,Home Office,Office Supplies,Art,Standard Class,April,Friday,1.979621206397625,0,4,5,1.0,1
206.96,2,0.3,-32.5226,-15.714437572477772,5,Central,Home Office,Furniture,Tables,Standard Class,November,Sunday,5.337345753515515,1,11,7,0.3627906976744186,0
360.71,11,0.2,130.7581,36.250200992487045,3,Central,Home Office,Office Supplies,Paper,Second Class,December,Tuesday,5.890842785797329,0,12,2,1.0,1
1718.4,6,0.2,150.36,8.75,3,Central,Home Office,Technology,Phones,Second Class,December,Tuesday,7.449730671740344,0,12,2,0.8521008403361344,1
41.57,6,0.8,-66.5088,-159.992302140967,2,Central,Home Office,Office Supplies,Binders,First Class,July,Monday,3.751149779840061,1,7,1,0.6011730205278593,0
46.86,2,0.2,7.6154,16.25138711054204,6,Central,Consumer,Technology,Accessories,Standard Class,May,Sunday,3.868280082480227,0,5,7,0.872,1
19.54,3,0.2,4.884,24.99488229273286,7,East,Consumer,Office Supplies,Art,Standard Class,January,Sunday,3.0223742045004123,0,1,7,1.0,1
411.33,4,0.15,-4.8392,-1.176476308560037,4,West,Consumer,Furniture,Bookcases,Standard Class,September,Saturday,6.021823999617328,0,9,6,0.5263157894736842,0
28.75,6,0.2,9.7038,33.752347826086954,4,West,Consumer,Office Supplies,Binders,Standard Class,September,Saturday,3.392829131991639,0,9,6,0.6011730205278593,1
293.2,3,0.15,-20.6964,-7.058799454297408,4,West,Consumer,Furniture,Bookcases,Standard Class,September,Saturday,5.6842598081673374,0,9,6,0.5263157894736842,0
35.06,2,0.0,10.518,30.0,4,South,Home Office,Office Supplies,Supplies,Standard Class,August,Thursday,3.585184217775171,0,8,4,0.816793893129771,1
4.13,1,0.0,1.8998,46.0,4,South,Home Office,Office Supplies,Labels,Standard Class,August,Thursday,1.6351056591826783,0,8,4,1.0,1
109.8,9,0.0,46.116,42.0,4,South,Home Office,Furniture,Furnishings,Standard Class,August,Thursday,4.707726774313183,0,8,4,0.8065522620904836,1
9.82,2,0.0,4.8118,49.0,4,South,Home Office,Office Supplies,Labels,Standard Class,August,Thursday,2.3813962734183356,0,8,4,1.0,1
7.64,4,0.7,-5.8604,-76.70680628272251,4,South,Consumer,Office Supplies,Binders,Standard Class,March,Saturday,2.1564025828159643,1,3,6,0.6011730205278593,0
51.47,5,0.7,-39.4565,-76.65921896250242,4,South,Consumer,Office Supplies,Binders,Standard Class,March,Saturday,3.9602415776986204,1,3,6,0.6011730205278593,0
97.98,2,0.2,-24.496,-25.001020616452337,2,Central,Corporate,Office Supplies,Storage,Second Class,November,Sunday,4.59491780952374,0,11,7,0.7795698924731183,0
62.4,6,0.2,19.5,31.25,2,Central,Corporate,Technology,Accessories,Second Class,November,Sunday,4.14946386144318,0,11,7,0.872,1
20.86,2,0.0,9.387,45.0,5,East,Corporate,Office Supplies,Binders,Standard Class,April,Monday,3.0846584827483925,0,4,1,0.6011730205278593,1
497.61,9,0.0,129.3786,26.0,5,East,Corporate,Office Supplies,Storage,Standard Class,April,Monday,6.211824227045576,0,4,1,0.7795698924731183,1
5.34,2,0.0,1.4952,28.000000000000004,5,East,Corporate,Office Supplies,Art,Standard Class,April,Monday,1.8468787684491346,0,4,1,1.0,1
3.15,1,0.0,1.512,48.00000000000001,5,East,Corporate,Office Supplies,Labels,Standard Class,April,Monday,1.423108334242607,0,4,1,1.0,1
368.91,9,0.0,180.7659,48.99999999999999,4,West,Consumer,Office Supplies,Paper,Standard Class,November,Tuesday,5.9132597328065915,0,11,2,1.0,1
14.7,5,0.0,6.615,45.0,4,West,Consumer,Office Supplies,Art,Standard Class,November,Tuesday,2.7536607123542622,0,11,2,1.0,1
59.97,3,0.0,14.9925,25.0,5,East,Consumer,Technology,Accessories,Standard Class,November,Friday,4.110381939919725,0,11,5,0.872,1
83.36,1,0.0,20.84,25.0,5,East,Consumer,Office Supplies,Storage,Standard Class,November,Friday,4.435093355610574,0,11,5,0.7795698924731183,1
6.58,2,0.0,3.0268,46.0,4,East,Corporate,Office Supplies,Paper,Standard Class,July,Thursday,2.0255131996542803,0,7,4,1.0,1
122.94,3,0.0,59.0112,48.00000000000001,4,East,Corporate,Office Supplies,Binders,Standard Class,July,Thursday,4.819797577533961,0,7,4,0.6011730205278593,1
134.97,3,0.0,64.7856,48.00000000000001,4,Central,Corporate,Technology,Phones,Standard Class,February,Sunday,4.9124342731675945,0,2,7,0.8521008403361344,1
699.98,2,0.0,195.9944,28.000000000000004,4,Central,Corporate,Technology,Phones,Standard Class,February,Sunday,6.552479355957112,0,2,7,0.8521008403361344,1
139.95,5,0.0,26.5905,19.0,4,Central,Corporate,Technology,Accessories,Standard Class,February,Sunday,4.948405217560121,0,2,7,0.872,1
48.94,1,0.0,24.47,50.0,4,East,Consumer,Office Supplies,Paper,Standard Class,September,Tuesday,3.910822284851627,0,9,2,1.0,1
2807.84,8,0.0,673.8816,24.0,2,Central,Consumer,Furniture,Chairs,First Class,December,Monday,7.940526865709813,0,12,1,0.6042154566744731,1
46.64,4,0.0,12.5928,27.0,2,Central,Consumer,Office Supplies,Art,First Class,December,Monday,3.8636727444870993,0,12,1,1.0,1
60.42,2,0.2,6.0416,9.99933796756041,5,Central,Corporate,Office Supplies,Storage,Standard Class,December,Monday,4.117735515012677,0,12,1,0.7795698924731183,1
107.94,3,0.0,26.985,25.0,5,Central,Home Office,Office Supplies,Art,Standard Class,September,Monday,4.690797271955528,0,9,1,1.0,1
215.65,5,0.0,73.321,34.0,4,West,Consumer,Furniture,Furnishings,Standard Class,July,Thursday,5.378283148185918,0,7,4,0.8065522620904836,1
11.17,4,0.2,3.6296,32.49418084153984,2,Central,Consumer,Office Supplies,Fasteners,Second Class,August,Monday,2.498973906999436,0,8,1,0.9019607843137255,1
53.95,3,0.2,17.5344,32.501204819277106,2,Central,Consumer,Office Supplies,Paper,Second Class,August,Monday,4.006423680849631,0,8,1,1.0,1
4.18,1,0.0,1.5048,36.0,6,West,Home Office,Furniture,Furnishings,Standard Class,November,Sunday,1.6448050562713916,0,11,7,0.8065522620904836,1
2575.94,7,0.2,257.5944,10.000015528311994,3,West,Corporate,Technology,Phones,First Class,December,Sunday,7.854357927494236,0,12,7,0.8521008403361344,1
45.36,7,0.0,21.7728,48.0,3,West,Corporate,Office Supplies,Paper,First Class,December,Sunday,3.836437018471551,0,12,7,1.0,1
254.24,7,0.0,76.272,30.0,3,West,Corporate,Technology,Accessories,First Class,December,Sunday,5.5422042790001464,0,12,7,0.872,1
69.93,7,0.0,0.6993,1.0,2,Central,Corporate,Technology,Phones,First Class,February,Thursday,4.261693475213995,0,2,4,0.8521008403361344,1
16.16,7,0.6,-12.117,-74.98143564356437,6,Central,Corporate,Furniture,Furnishings,Standard Class,October,Sunday,2.8425810940598164,1,10,7,0.8065522620904836,0
54.82,3,0.2,17.8152,32.49762860269975,6,Central,Corporate,Office Supplies,Paper,Standard Class,October,Sunday,4.022132228108176,0,10,7,1.0,1
1441.3,7,0.0,245.021,17.0,2,South,Consumer,Furniture,Tables,Second Class,June,Monday,7.273994340589464,0,6,1,0.3627906976744186,1
170.14,3,0.2,-8.5068,-4.999882449747267,4,West,Corporate,Furniture,Tables,Standard Class,September,Monday,5.142481934989909,0,9,1,0.3627906976744186,0
7.38,2,0.0,3.4686,47.0,0,West,Consumer,Office Supplies,Labels,Same Day,June,Thursday,2.1258479144939915,0,6,4,1.0,1
9.26,2,0.0,3.0558,33.0,0,West,Consumer,Office Supplies,Art,Same Day,June,Thursday,2.3282528397426234,0,6,4,1.0,1
9.96,2,0.0,4.5816,46.0,2,West,Consumer,Office Supplies,Labels,Second Class,December,Sunday,2.3942522815198695,0,12,7,1.0,1
75.6,2,0.8,-166.32,-220.00000000000003,4,Central,Consumer,Office Supplies,Appliances,Standard Class,May,Sunday,4.338597076746545,1,5,7,0.867109634551495,0
29.32,2,0.6,-24.189,-82.5,4,Central,Consumer,Furniture,Furnishings,Standard Class,May,Sunday,3.411807560774171,1,5,7,0.8065522620904836,0
92.06,6,0.8,-225.5568,-245.01064523137086,4,Central,Corporate,Office Supplies,Appliances,Standard Class,February,Tuesday,4.533244446416503,1,2,2,0.867109634551495,0
6.98,4,0.2,1.8312,26.234957020057305,4,Central,Corporate,Office Supplies,Fasteners,Standard Class,February,Tuesday,2.0769384114617173,0,2,2,0.9019607843137255,1
62.96,3,0.3,-2.6982,-4.285578144853875,4,Central,Corporate,Furniture,Chairs,Standard Class,February,Tuesday,4.158257887965753,1,2,2,0.6042154566744731,0
5.18,1,0.2,1.8144,35.02702702702703,4,Central,Corporate,Office Supplies,Paper,Standard Class,February,Tuesday,1.8213182714695995,0,2,2,1.0,1
31.32,10,0.7,-25.056,-80.0,6,West,Consumer,Office Supplies,Binders,Standard Class,December,Thursday,3.4756862336528944,1,12,4,0.6011730205278593,0
11.84,4,0.2,3.108,26.25,6,West,Consumer,Furniture,Furnishings,Standard Class,December,Thursday,2.552565298261815,0,12,4,0.8065522620904836,1
22.78,1,0.2,4.8416,21.25373134328358,6,West,Consumer,Furniture,Furnishings,Standard Class,December,Thursday,3.1688448912626357,0,12,4,0.8065522620904836,1
1127.98,3,0.2,126.8973,11.249960105675633,3,South,Home Office,Technology,Phones,Second Class,February,Monday,7.029069849200902,0,2,1,0.8521008403361344,1
38.88,6,0.0,18.6624,48.00000000000001,2,South,Corporate,Office Supplies,Paper,Second Class,July,Monday,3.6858749450936377,0,7,1,1.0,1
779.8,2,0.4,-168.9558,-21.66655552705822,6,East,Consumer,Technology,Phones,Standard Class,May,Sunday,6.660319035098882,1,5,7,0.8521008403361344,0
207.0,3,0.2,25.875,12.5,4,South,Corporate,Furniture,Chairs,Standard Class,November,Thursday,5.337538079701318,0,11,4,0.6042154566744731,1
21.4,5,0.0,6.206,29.000000000000004,3,East,Consumer,Office Supplies,Art,First Class,June,Saturday,3.109060958860994,0,6,6,1.0,1
17.54,3,0.2,5.9211,33.75769669327252,4,South,Corporate,Office Supplies,Labels,Standard Class,August,Friday,2.919930560137709,0,8,5,1.0,1
44.13,4,0.2,12.1352,27.498753682302286,4,South,Corporate,Furniture,Furnishings,Standard Class,August,Friday,3.80954721383891,0,8,5,0.8065522620904836,1
62.92,1,0.2,10.2245,16.25,4,South,Corporate,Office Supplies,Appliances,Standard Class,August,Friday,4.157632301458019,0,8,5,0.867109634551495,1
78.3,2,0.2,29.364,37.50191570881226,4,South,Corporate,Office Supplies,Paper,Standard Class,August,Friday,4.373238128640803,0,8,5,1.0,1
140.81,1,0.0,39.4268,27.999999999999996,5,South,Corporate,Furniture,Chairs,Standard Class,July,Monday,4.954488133473255,0,7,1,0.6042154566744731,1
40.1,4,0.2,13.5324,33.746633416458856,2,Central,Corporate,Office Supplies,Labels,Second Class,February,Monday,3.716008121502189,0,2,1,1.0,1
40.78,2,0.6,-30.588,-75.00735654732712,2,Central,Corporate,Furniture,Furnishings,Second Class,February,Monday,3.7324177561284198,1,2,1,0.8065522620904836,0
34.76,1,0.0,9.7328,27.999999999999996,5,Central,Consumer,Office Supplies,Storage,Second Class,July,Monday,3.576829950305313,0,7,1,0.7795698924731183,1
831.2,5,0.0,124.68,15.0,5,Central,Consumer,Technology,Accessories,Second Class,July,Monday,6.724072796548841,0,7,1,0.872,1
26.4,5,0.0,11.88,45.00000000000001,5,Central,Consumer,Office Supplies,Paper,Second Class,July,Monday,3.3105430133940246,0,7,1,1.0,1
106.75,7,0.0,49.105,46.0,5,Central,Consumer,Office Supplies,Envelopes,Second Class,July,Monday,4.6798137289838575,0,7,1,1.0,1
97.82,2,0.0,45.9754,47.0,5,Central,Consumer,Office Supplies,Paper,Second Class,July,Monday,4.593300013417604,0,7,1,1.0,1
141.4,5,0.0,38.178,26.999999999999996,5,Central,Consumer,Office Supplies,Storage,Second Class,July,Monday,4.958639998977875,0,7,1,0.7795698924731183,1
14.52,3,0.0,4.7916,33.0,4,West,Corporate,Office Supplies,Art,Standard Class,June,Friday,2.7421295147550726,0,6,5,1.0,1
137.62,2,0.0,60.5528,43.99999999999999,2,East,Corporate,Office Supplies,Appliances,First Class,September,Thursday,4.931736376489838,0,9,4,0.867109634551495,1
100.49,1,0.0,25.1225,25.0,2,East,Corporate,Technology,Phones,First Class,September,Thursday,4.619960271460727,0,9,4,0.8521008403361344,1
49.63,4,0.2,4.9632,10.000402982067296,0,Central,Consumer,Office Supplies,Storage,Same Day,November,Wednesday,3.924544285981818,0,11,3,0.7795698924731183,1
727.45,5,0.5,-465.568,-63.99999999999999,4,West,Corporate,Furniture,Tables,Standard Class,October,Thursday,6.590918989100005,1,10,4,0.3627906976744186,0
24.96,3,0.2,4.368,17.5,4,West,Corporate,Furniture,Furnishings,Standard Class,October,Thursday,3.2565568918358894,0,10,4,0.8065522620904836,1
31.1,6,0.2,10.8864,35.004501607717046,6,East,Home Office,Office Supplies,Paper,Standard Class,June,Thursday,3.4688560301359703,0,6,4,1.0,1
78.26,2,0.2,-17.6076,-22.49884998722208,6,East,Home Office,Office Supplies,Storage,Standard Class,June,Thursday,4.372733587762289,0,6,4,0.7795698924731183,0
6.48,1,0.0,3.1104,47.99999999999999,3,West,Consumer,Office Supplies,Paper,Second Class,August,Friday,2.012232791986386,0,8,5,1.0,1
99.2,5,0.0,25.792,26.0,4,West,Corporate,Office Supplies,Art,Standard Class,July,Monday,4.607168188650764,0,7,1,1.0,1
801.57,2,0.2,50.098,6.2499844056040015,4,West,Corporate,Furniture,Chairs,Standard Class,July,Monday,6.687819078614411,0,7,1,0.6042154566744731,1
272.85,1,0.2,27.2848,9.999926699651823,4,West,Corporate,Furniture,Tables,Standard Class,July,Monday,5.61258051122973,0,7,1,0.3627906976744186,1
16.22,2,0.2,5.8812,36.25893958076449,5,East,Home Office,Office Supplies,Paper,Standard Class,June,Wednesday,2.8460714989995846,0,6,3,1.0,1
176.78,1,0.2,-22.098,-12.500282837425047,6,East,Consumer,Furniture,Bookcases,Standard Class,March,Thursday,5.180546830813529,0,3,4,0.5263157894736842,0
29.34,3,0.0,14.67,50.0,0,East,Consumer,Office Supplies,Envelopes,Same Day,March,Thursday,3.4124669739203863,0,3,4,1.0,1
383.61,7,0.1,63.9345,16.66653632595605,0,East,Consumer,Furniture,Chairs,Same Day,March,Thursday,5.9522298338567,0,3,4,0.6042154566744731,1
563.4,4,0.0,67.608,12.000000000000002,0,East,Consumer,Office Supplies,Storage,Same Day,March,Thursday,6.335763219978659,0,3,4,0.7795698924731183,1
217.06,7,0.2,78.6828,36.24933198194047,4,East,Home Office,Office Supplies,Paper,Standard Class,November,Sunday,5.384770254278235,0,11,7,1.0,1
31.56,3,0.0,10.4148,33.0,4,West,Consumer,Furniture,Furnishings,Second Class,April,Friday,3.4830845411343394,0,4,5,0.8065522620904836,1
7.1,2,0.2,2.3976,33.76901408450705,2,South,Home Office,Office Supplies,Fasteners,First Class,May,Tuesday,2.0918640616783932,0,5,2,0.9019607843137255,1
398.35,8,0.7,-331.96,-83.33375172586919,2,South,Home Office,Office Supplies,Binders,First Class,May,Tuesday,5.989838225363398,1,5,2,0.6011730205278593,0
121.79,4,0.2,13.7016,11.250184744231873,1,East,Consumer,Office Supplies,Appliances,First Class,October,Tuesday,4.810475579172421,0,10,2,0.867109634551495,1
409.59,3,0.4,-122.877,-30.0,1,East,Consumer,Furniture,Tables,First Class,October,Tuesday,6.017595149685235,1,10,2,0.3627906976744186,0
10.56,2,0.0,4.752,44.99999999999999,4,West,Corporate,Office Supplies,Paper,Standard Class,March,Friday,2.4475508632442313,0,3,5,1.0,1
3.38,1,0.0,1.2506,37.0,4,West,Corporate,Office Supplies,Art,Standard Class,March,Friday,1.4770487243883548,0,3,5,1.0,1
24.78,1,0.2,7.745,31.25504439063761,5,West,Consumer,Office Supplies,Paper,Standard Class,November,Thursday,3.2495989975110415,0,11,4,1.0,1
487.98,2,0.2,152.495,31.250256158039264,4,West,Consumer,Office Supplies,Binders,Standard Class,December,Thursday,6.192321588842952,0,12,4,0.6011730205278593,1
29.81,2,0.2,10.8054,36.24756793022476,4,South,Consumer,Office Supplies,Envelopes,Second Class,August,Friday,3.4278393126085764,0,8,5,1.0,1
505.18,4,0.7,-336.784,-66.66613880201116,4,South,Consumer,Office Supplies,Binders,Second Class,August,Friday,6.226892337255411,1,8,5,0.6011730205278593,0
174.06,3,0.45,-110.7645,-63.63581523612547,4,South,Consumer,Furniture,Tables,Second Class,August,Friday,5.165128772304292,1,8,5,0.3627906976744186,0
191.88,6,0.0,19.188,10.0,4,South,Consumer,Office Supplies,Storage,Second Class,June,Wednesday,5.262068233872916,0,6,3,0.7795698924731183,1
14.78,2,0.0,3.9906,27.0,3,Central,Home Office,Technology,Phones,First Class,August,Saturday,2.7587433154177283,0,8,6,0.8521008403361344,1
2.95,2,0.7,-2.1648,-73.38305084745762,4,South,Corporate,Office Supplies,Binders,Standard Class,May,Tuesday,1.3737155789130306,1,5,2,0.6011730205278593,0
27.02,6,0.7,-21.6144,-79.9940784603997,4,South,Corporate,Office Supplies,Binders,Standard Class,May,Tuesday,3.332918540908861,1,5,2,0.6011730205278593,0
136.92,4,0.0,41.076,30.000000000000004,1,West,Corporate,Furniture,Furnishings,First Class,February,Tuesday,4.926673806915383,0,2,2,0.8065522620904836,1
99.39,3,0.0,40.7499,41.0,7,West,Corporate,Technology,Accessories,Standard Class,November,Tuesday,4.609062600703435,0,11,2,0.872,1
149.95,5,0.0,65.978,44.0,2,South,Consumer,Technology,Accessories,First Class,January,Wednesday,5.016948656152848,0,1,3,0.872,1
11.65,5,0.0,3.3785,28.999999999999996,6,East,Consumer,Office Supplies,Art,Standard Class,November,Sunday,2.5376572151735295,0,11,7,1.0,1
299.9,2,0.0,74.975,25.0,2,Central,Home Office,Technology,Phones,Second Class,October,Friday,5.706777983635999,0,10,5,0.8521008403361344,1
15.01,2,0.2,1.5008,9.998667554963356,6,East,Corporate,Office Supplies,Storage,Standard Class,October,Saturday,2.773213527008623,0,10,6,0.7795698924731183,1
863.64,9,0.2,107.955,12.5,2,Central,Corporate,Technology,Phones,Second Class,July,Friday,6.76231323533178,0,7,5,0.8521008403361344,1
47.62,3,0.2,3.5712,7.499370012599749,2,Central,Corporate,Office Supplies,Art,Second Class,July,Friday,3.884034968887977,0,7,5,1.0,1
177.48,3,0.2,19.9665,11.25,6,West,Consumer,Technology,Phones,Standard Class,June,Thursday,5.184476550124277,0,6,4,0.8521008403361344,1
271.99,1,0.2,23.7993,8.750064340600757,2,West,Consumer,Technology,Phones,Second Class,November,Sunday,5.609435164477434,0,11,7,0.8521008403361344,1
14.73,3,0.0,4.8609,33.0,2,West,Home Office,Furniture,Furnishings,Second Class,May,Monday,2.7555697170701863,0,5,1,0.8065522620904836,1
19.97,2,0.7,-13.312,-66.65998998497746,4,West,Consumer,Office Supplies,Binders,Standard Class,July,Friday,3.0430928449138284,1,7,5,0.6011730205278593,0
33.49,7,0.2,-1.2558,-3.749776052553001,4,West,Consumer,Office Supplies,Storage,Standard Class,July,Friday,3.5406694269487495,0,7,5,0.7795698924731183,0
8.74,4,0.7,-6.1152,-69.96796338672769,4,West,Consumer,Office Supplies,Binders,Standard Class,July,Friday,2.2762411176544437,1,7,5,0.6011730205278593,0
662.88,3,0.2,74.574,11.25,4,West,Consumer,Furniture,Chairs,Standard Class,July,Friday,6.498101410252518,0,7,5,0.6042154566744731,1
95.97,4,0.2,26.3912,27.49942690424091,6,Central,Corporate,Technology,Accessories,Standard Class,June,Monday,4.574401652316455,0,6,1,0.872,1
10.37,2,0.2,3.6288,34.993249758919966,6,Central,Corporate,Office Supplies,Paper,Standard Class,June,Monday,2.4309783077624445,0,6,1,1.0,1
5.1,4,0.8,-8.6768,-170.13333333333333,5,Central,Consumer,Office Supplies,Binders,Standard Class,December,Sunday,1.8082887711792655,1,12,7,0.6011730205278593,0
2.9,2,0.2,0.4706,16.227586206896554,5,Central,Consumer,Office Supplies,Fasteners,Standard Class,December,Sunday,1.3609765531356006,0,12,7,0.9019607843137255,1
35.02,3,0.2,-2.1885,-6.249286122215876,5,Central,Consumer,Technology,Accessories,Standard Class,December,Sunday,3.58407433974781,0,12,7,0.872,0
275.97,3,0.0,11.0388,3.9999999999999996,2,South,Corporate,Office Supplies,Storage,Second Class,October,Saturday,5.62390919707302,0,10,6,0.7795698924731183,1
1394.95,5,0.0,362.687,26.0,2,South,Corporate,Technology,Phones,Second Class,October,Saturday,7.241330466061976,0,10,6,0.8521008403361344,1
545.88,6,0.0,70.9644,13.0,2,South,Corporate,Furniture,Chairs,Second Class,October,Saturday,6.304229399927226,0,10,6,0.6042154566744731,1
5.25,2,0.2,0.5904,11.245714285714287,4,West,Consumer,Office Supplies,Art,Standard Class,May,Friday,1.8325814637483102,0,5,5,1.0,1
933.54,4,0.2,105.0228,11.249951796387943,0,West,Consumer,Furniture,Chairs,Same Day,April,Thursday,6.840054429617878,0,4,4,0.6042154566744731,1
42.98,4,0.2,4.2976,9.999069334574221,0,West,Consumer,Office Supplies,Storage,Same Day,April,Thursday,3.783734985126615,0,4,4,0.7795698924731183,1
3.76,2,0.0,1.8048,48.00000000000001,2,South,Corporate,Office Supplies,Binders,Second Class,December,Monday,1.5602476682433286,0,12,1,0.6011730205278593,1
479.96,4,0.0,134.3888,28.000000000000004,6,Central,Consumer,Technology,Phones,Standard Class,December,Wednesday,6.17578410656461,0,12,3,0.8521008403361344,1
320.88,6,0.0,93.0552,28.999999999999996,2,West,Corporate,Office Supplies,Appliances,Second Class,November,Tuesday,5.774178805277932,0,11,2,0.867109634551495,1
23.88,3,0.0,10.5072,44.0,2,West,Corporate,Furniture,Furnishings,Second Class,November,Tuesday,3.2140642678709788,0,11,2,0.8065522620904836,1
26.76,4,0.0,12.3096,46.0,2,West,Corporate,Office Supplies,Paper,Second Class,November,Tuesday,3.3235961356386037,0,11,2,1.0,1
1439.98,4,0.4,191.9968,13.333296295781885,2,East,Consumer,Technology,Copiers,First Class,July,Monday,7.273078716652684,1,7,1,1.0,1
17.22,3,0.0,7.9212,46.0,4,Central,Consumer,Office Supplies,Binders,Standard Class,November,Monday,2.9025198918318122,0,11,1,0.6011730205278593,1
1024.38,7,0.0,215.1198,20.999999999999996,4,Central,Consumer,Furniture,Tables,Standard Class,November,Monday,6.932818554575806,0,11,1,0.3627906976744186,1
26.22,3,0.0,12.3234,47.0,4,Central,Consumer,Office Supplies,Envelopes,Standard Class,November,Monday,3.30395199722332,0,11,1,1.0,1
17.34,3,0.0,8.4966,49.00000000000001,4,Central,Consumer,Office Supplies,Paper,Standard Class,November,Monday,2.9090844668283187,0,11,1,1.0,1
15.0,4,0.0,7.2,48.00000000000001,3,South,Corporate,Office Supplies,Labels,First Class,February,Thursday,2.772588722239781,0,2,4,1.0,1
161.61,1,0.0,42.0186,25.999999999999996,3,South,Corporate,Technology,Phones,First Class,February,Thursday,5.091354695837631,0,2,4,0.8521008403361344,1
144.95,5,0.0,42.0355,29.000000000000004,3,South,Corporate,Technology,Phones,First Class,February,Thursday,4.983264097300124,0,2,4,0.8521008403361344,1
29.68,7,0.0,11.5752,39.0,4,Central,Corporate,Office Supplies,Art,Standard Class,December,Wednesday,3.4236109764990554,0,12,3,1.0,1
47.53,7,0.0,16.1602,34.0,4,Central,Corporate,Technology,Accessories,Standard Class,December,Wednesday,3.882182163417125,0,12,3,0.872,1
4.22,3,0.2,0.4752,11.260663507109006,6,South,Consumer,Office Supplies,Art,Standard Class,November,Saturday,1.6524974018945473,0,11,6,1.0,1
333.06,2,0.2,29.1424,8.74989491382934,6,South,Consumer,Office Supplies,Appliances,Standard Class,November,Saturday,5.811320617561802,0,11,6,0.867109634551495,1
24.9,4,0.2,7.78,31.244979919678716,6,South,Consumer,Office Supplies,Paper,Standard Class,November,Saturday,3.254242968705492,0,11,6,1.0,1
159.98,2,0.2,35.9964,22.500562570321293,0,Central,Consumer,Technology,Accessories,Same Day,December,Friday,5.0812801336655875,0,12,5,0.872,1
46.34,3,0.2,4.6344,10.000863185153214,0,Central,Consumer,Office Supplies,Storage,Same Day,December,Friday,3.857355604085838,0,12,5,0.7795698924731183,1
350.98,1,0.0,84.2352,24.0,5,South,Consumer,Furniture,Chairs,Standard Class,September,Sunday,5.863574355802065,0,9,7,0.6042154566744731,1
13.08,2,0.0,6.0168,46.0,5,South,Consumer,Office Supplies,Paper,Standard Class,September,Sunday,2.644755350729896,0,9,7,1.0,1
900.08,4,0.0,117.0104,13.0,5,South,Consumer,Office Supplies,Storage,Standard Class,September,Sunday,6.803594043899793,0,9,7,0.7795698924731183,1
17.57,2,0.2,6.3684,36.24587364826409,4,West,Consumer,Office Supplies,Binders,Standard Class,March,Thursday,2.9215473753646144,0,3,4,0.6011730205278593,1
14.62,2,0.0,6.8714,47.0,4,West,Consumer,Office Supplies,Labels,Standard Class,March,Thursday,2.7485521444115397,0,3,4,1.0,1
33.36,4,0.0,8.6736,26.0,4,West,Consumer,Office Supplies,Supplies,Standard Class,March,Thursday,3.536893097116055,0,3,4,0.816793893129771,1
40.14,6,0.0,19.6686,49.00000000000001,4,West,Consumer,Office Supplies,Paper,Standard Class,March,Thursday,3.716980884224811,0,3,4,1.0,1
1606.23,9,0.0,481.869,30.0,2,East,Home Office,Office Supplies,Storage,First Class,September,Monday,7.382267479329504,0,9,1,0.7795698924731183,1
17.04,3,0.0,7.668,45.0,2,East,Home Office,Office Supplies,Paper,First Class,September,Monday,2.8925915146344776,0,9,1,1.0,1
49.53,3,0.0,23.7744,48.0,2,East,Home Office,Office Supplies,Binders,First Class,September,Monday,3.9225672193038172,0,9,1,0.6011730205278593,1
872.32,4,0.0,244.2496,27.999999999999996,2,East,Home Office,Furniture,Chairs,First Class,September,Monday,6.772302040794916,0,9,1,0.6042154566744731,1
141.96,2,0.0,39.7488,28.000000000000004,2,West,Consumer,Furniture,Bookcases,First Class,March,Friday,4.962564870851173,0,3,5,0.5263157894736842,1
33.02,2,0.2,11.5584,35.00423985463355,2,West,Home Office,Office Supplies,Binders,Second Class,September,Thursday,3.5269485869677157,0,9,4,0.6011730205278593,1
67.14,4,0.2,23.4976,34.99791480488531,2,West,Home Office,Office Supplies,Binders,Second Class,September,Thursday,4.22156441223282,0,9,4,0.6011730205278593,1
14.73,3,0.0,6.9231,47.0,4,East,Corporate,Office Supplies,Binders,Standard Class,November,Thursday,2.7555697170701863,0,11,4,0.6011730205278593,1
104.9,5,0.0,25.176,23.999999999999996,4,East,Corporate,Office Supplies,Storage,Standard Class,November,Thursday,4.662495252607361,0,11,4,0.7795698924731183,1
61.04,4,0.0,30.52,50.0,4,East,Corporate,Office Supplies,Binders,Standard Class,November,Thursday,4.127779338308338,0,11,4,0.6011730205278593,1
10.95,3,0.0,5.1465,47.0,4,East,Corporate,Office Supplies,Paper,Standard Class,November,Thursday,2.4807312783775197,0,11,4,1.0,1
9.39,2,0.2,3.2872,35.007454739084125,4,Central,Corporate,Office Supplies,Paper,Standard Class,December,Friday,2.340843805111136,0,12,5,1.0,1
9.33,1,0.2,0.8162,8.7481243301179,4,Central,Corporate,Office Supplies,Art,Standard Class,December,Friday,2.3350522831315472,0,12,5,1.0,1
29.04,3,0.0,13.9392,48.0,4,West,Home Office,Office Supplies,Paper,Standard Class,January,Friday,3.402529826895934,0,1,5,1.0,1
14.62,2,0.0,6.8714,47.0,4,West,Home Office,Office Supplies,Labels,Standard Class,January,Friday,2.7485521444115397,0,1,5,1.0,1
11.95,3,0.2,4.3326,36.2560669456067,5,West,Home Office,Office Supplies,Paper,Standard Class,June,Thursday,2.5610957881455465,0,6,4,1.0,1
4.54,7,0.7,-3.3264,-73.26872246696036,5,West,Home Office,Office Supplies,Binders,Standard Class,June,Thursday,1.7119945007591924,1,6,4,0.6011730205278593,0
9.16,2,0.7,-6.104,-66.63755458515284,5,West,Home Office,Office Supplies,Binders,Standard Class,June,Thursday,2.318458442150336,1,6,4,0.6011730205278593,0
75.36,5,0.2,20.724,27.500000000000004,5,West,Home Office,Furniture,Furnishings,Standard Class,June,Thursday,4.335458998857547,0,6,4,0.8065522620904836,1
57.5,6,0.2,20.1264,35.002434782608695,6,West,Corporate,Office Supplies,Binders,Standard Class,October,Friday,4.069026754237811,0,10,5,0.6011730205278593,1
15.55,3,0.2,5.4432,35.004501607717046,6,Central,Corporate,Office Supplies,Paper,Standard Class,August,Sunday,2.806386101823072,0,8,7,1.0,1
162.64,2,0.0,45.5392,28.000000000000004,4,East,Corporate,Office Supplies,Appliances,Standard Class,July,Sunday,5.097668893061198,0,7,7,0.867109634551495,1
597.0,3,0.0,280.59,47.0,4,East,Corporate,Technology,Phones,Standard Class,July,Sunday,6.393590753950631,0,7,7,0.8521008403361344,1
55.48,1,0.0,26.6304,48.00000000000001,4,East,Corporate,Office Supplies,Paper,Standard Class,July,Sunday,4.033886593184986,0,7,7,1.0,1
289.8,7,0.2,36.225,12.5,2,East,Consumer,Furniture,Furnishings,First Class,July,Saturday,5.672635745659364,0,7,6,0.8065522620904836,1
2.5,3,0.7,-2.0016,-80.064,2,East,Consumer,Office Supplies,Binders,First Class,July,Saturday,1.252762968495368,1,7,6,0.6011730205278593,0
6.48,4,0.7,-4.752,-73.33333333333333,2,East,Consumer,Office Supplies,Binders,First Class,July,Saturday,2.012232791986386,1,7,6,0.6011730205278593,0
341.49,8,0.3,-73.176,-21.42844592813845,2,East,Consumer,Furniture,Chairs,First Class,July,Saturday,5.836242460195745,1,7,6,0.6042154566744731,0
11.12,5,0.2,0.834,7.5,2,East,Consumer,Office Supplies,Art,First Class,July,Saturday,2.4948569806411682,0,7,6,1.0,1
25.34,6,0.2,3.4848,13.75217048145225,2,East,Consumer,Furniture,Furnishings,First Class,July,Saturday,3.271088696315135,0,7,6,0.8065522620904836,1
17.31,3,0.0,5.193,30.0,6,Central,Consumer,Furniture,Furnishings,Standard Class,December,Thursday,2.907447358686419,0,12,4,0.8065522620904836,1
11.34,3,0.0,5.2164,46.0,4,West,Corporate,Office Supplies,Fasteners,Standard Class,October,Friday,2.5128460184772416,0,10,5,0.9019607843137255,1
80.3,5,0.0,20.878,26.0,4,West,Corporate,Office Supplies,Storage,Standard Class,October,Friday,4.398146016553765,0,10,5,0.7795698924731183,1
15.97,2,0.2,5.3892,33.74577332498434,4,West,Corporate,Office Supplies,Binders,Standard Class,October,Friday,2.831447079246135,0,10,5,0.6011730205278593,1
64.74,13,0.0,30.4278,47.00000000000001,4,West,Corporate,Office Supplies,Paper,Standard Class,October,Friday,4.185707568236073,0,10,5,1.0,1
19.3,3,0.2,6.03,31.243523316062177,4,West,Corporate,Office Supplies,Binders,Standard Class,October,Friday,3.0106208860477417,0,10,5,0.6011730205278593,1
405.64,4,0.0,12.1692,3.0000000000000004,4,West,Corporate,Office Supplies,Storage,Standard Class,October,Friday,6.007928273138647,0,10,5,0.7795698924731183,1
146.35,3,0.2,-9.147,-6.250085411684318,4,West,Corporate,Furniture,Chairs,Standard Class,October,Friday,4.992810709183703,0,10,5,0.6042154566744731,0
251.91,9,0.0,47.8629,19.0,4,West,Corporate,Technology,Accessories,Standard Class,October,Friday,5.533033694214862,0,10,5,0.872,1
12.39,3,0.0,3.717,30.0,4,West,Corporate,Office Supplies,Art,Standard Class,October,Friday,2.5945081597030812,0,10,5,1.0,1
199.96,4,0.0,69.986,35.0,6,West,Consumer,Technology,Accessories,Standard Class,April,Monday,5.303105883279834,0,4,1,0.872,1
710.83,3,0.2,-97.7394,-13.75003868716852,6,West,Consumer,Furniture,Tables,Standard Class,April,Monday,6.56783911885836,0,4,1,0.3627906976744186,0
1.94,1,0.7,-1.294,-66.70103092783506,2,East,Corporate,Office Supplies,Binders,Second Class,July,Thursday,1.0784095813505903,1,7,4,0.6011730205278593,0
7.31,2,0.2,2.5592,35.00957592339262,6,West,Corporate,Office Supplies,Binders,Standard Class,November,Saturday,2.1174596088673567,0,11,6,0.6011730205278593,1
58.2,3,0.0,28.518,49.0,4,West,Consumer,Furniture,Furnishings,Standard Class,December,Monday,4.0809215418899605,0,12,1,0.8065522620904836,1
106.23,7,0.2,37.1812,35.0006589475666,5,West,Consumer,Office Supplies,Paper,Standard Class,December,Thursday,4.674976060232054,0,12,4,1.0,1
111.98,2,0.2,11.1984,10.000357206644042,5,West,Consumer,Technology,Phones,Standard Class,December,Thursday,4.727210811897116,0,12,4,0.8521008403361344,1
7.71,2,0.2,1.7352,22.505836575875488,5,West,Consumer,Furniture,Furnishings,Standard Class,December,Thursday,2.1644717908644115,0,12,4,0.8065522620904836,1
23.68,2,0.2,8.88,37.50000000000001,6,Central,Home Office,Office Supplies,Labels,Standard Class,November,Sunday,3.205993199037187,0,11,7,1.0,1
122.12,4,0.0,56.1752,46.0,5,East,Consumer,Office Supplies,Labels,Standard Class,June,Thursday,4.813159489530624,0,6,4,1.0,1
18.45,5,0.0,8.6715,47.0,5,East,Consumer,Office Supplies,Labels,Standard Class,June,Thursday,2.9678470700644555,0,6,4,1.0,1
324.9,5,0.0,38.988,12.000000000000002,5,East,Consumer,Office Supplies,Storage,Standard Class,June,Thursday,5.786590585843515,0,6,4,0.7795698924731183,1
146.73,3,0.0,68.9631,47.0,5,East,Consumer,Office Supplies,Paper,Standard Class,June,Thursday,4.9953862833335165,0,6,4,1.0,1
3.96,2,0.0,1.4652,37.0,5,East,Consumer,Office Supplies,Fasteners,Standard Class,June,Thursday,1.601405740736836,0,6,4,0.9019607843137255,1
5.76,2,0.0,2.6496,46.0,4,West,Corporate,Office Supplies,Labels,Standard Class,October,Monday,1.9110228900548727,0,10,1,1.0,1
479.9,5,0.0,81.583,17.0,4,Central,Home Office,Furniture,Chairs,Standard Class,November,Monday,6.175659348283617,0,11,1,0.6042154566744731,1
12.88,1,0.0,0.3864,3.0,2,West,Consumer,Office Supplies,Supplies,Second Class,April,Monday,2.6304489550786583,0,4,1,0.816793893129771,1
13.12,5,0.2,1.476,11.25,4,South,Consumer,Office Supplies,Art,Standard Class,November,Wednesday,2.647592232065096,0,11,3,1.0,1
511.84,8,0.0,240.5648,47.0,5,South,Home Office,Office Supplies,Binders,Standard Class,May,Sunday,6.239963905684499,0,5,7,0.6011730205278593,1
91.96,4,0.0,25.7488,28.000000000000004,5,South,Home Office,Office Supplies,Art,Standard Class,May,Sunday,4.532169293103601,0,5,7,1.0,1
8.34,3,0.0,2.1684,26.0,5,South,Home Office,Office Supplies,Art,Standard Class,May,Sunday,2.234306252240751,0,5,7,1.0,1
636.41,3,0.2,-15.9102,-2.4999921434295502,7,West,Consumer,Office Supplies,Storage,Standard Class,March,Monday,6.457413090595657,0,3,1,0.7795698924731183,0
83.17,4,0.2,9.3564,11.249729469760732,7,West,Consumer,Office Supplies,Art,Standard Class,March,Monday,4.432838563223485,0,3,1,1.0,1
259.14,4,0.2,-25.9136,-9.999845643281624,0,West,Home Office,Furniture,Chairs,Same Day,July,Friday,5.561219947635594,0,7,5,0.6042154566744731,0
15.55,3,0.2,5.4432,35.004501607717046,5,South,Consumer,Office Supplies,Paper,Standard Class,September,Tuesday,2.806386101823072,0,9,2,1.0,1
0.88,1,0.8,-1.4016,-159.27272727272728,0,Central,Corporate,Office Supplies,Binders,Same Day,September,Friday,0.6312717768418579,1,9,5,0.6011730205278593,0
19.98,1,0.0,9.3906,47.0,0,West,Consumer,Office Supplies,Paper,Same Day,October,Saturday,3.043569602968151,0,10,6,1.0,1
398.35,3,0.2,124.485,31.250156897200952,0,West,Consumer,Office Supplies,Binders,Same Day,October,Saturday,5.989838225363398,0,10,6,0.6011730205278593,1
5.04,3,0.0,1.26,25.0,0,West,Consumer,Office Supplies,Art,Same Day,October,Saturday,1.7984040119467235,0,10,6,1.0,1
17.45,5,0.0,8.027,46.0,0,West,Consumer,Office Supplies,Fasteners,Same Day,October,Saturday,2.915064370486536,0,10,6,0.9019607843137255,1
323.14,4,0.2,20.196,6.249922634152381,0,West,Consumer,Furniture,Chairs,Same Day,October,Saturday,5.781175521229973,0,10,6,0.6042154566744731,1
29.7,3,0.0,8.019,27.0,0,West,Consumer,Office Supplies,Supplies,Same Day,October,Saturday,3.4242626545931514,0,10,6,0.816793893129771,1
1295.84,4,0.2,145.782,11.250000000000002,0,West,Consumer,Technology,Phones,Same Day,October,Saturday,7.1676858151030745,0,10,6,0.8521008403361344,1
46.84,2,0.0,12.6468,27.0,0,West,Consumer,Office Supplies,Storage,Same Day,October,Saturday,3.867862109642376,0,10,6,0.7795698924731183,1
425.83,1,0.15,20.0392,4.705915506187916,0,West,Consumer,Furniture,Bookcases,Same Day,October,Saturday,6.056385807491543,0,10,6,0.5263157894736842,1
209.67,1,0.4,-13.978,-6.666666666666667,5,East,Consumer,Furniture,Tables,Second Class,October,Monday,5.350292928138379,1,10,1,0.3627906976744186,0
159.88,7,0.0,73.5448,46.0,4,West,Consumer,Office Supplies,Paper,Standard Class,September,Monday,5.0806587454643966,0,9,1,1.0,1
86.38,3,0.2,1.0797,1.249942116230609,5,East,Consumer,Technology,Accessories,Standard Class,June,Monday,4.47026642352329,0,6,1,0.872,1
64.94,3,0.2,6.4944,10.000615953187559,5,East,Home Office,Furniture,Furnishings,Standard Class,October,Sunday,4.188745237643585,0,10,7,0.8065522620904836,1
20.74,4,0.2,7.2576,34.993249758919966,5,East,Home Office,Office Supplies,Paper,Standard Class,October,Sunday,3.0791538816930633,0,10,7,1.0,1
33.28,4,0.0,9.3184,28.000000000000004,2,East,Corporate,Office Supplies,Appliances,Second Class,May,Tuesday,3.534562093729579,0,5,2,0.867109634551495,1
38.52,9,0.0,11.9412,31.0,2,East,Corporate,Office Supplies,Art,Second Class,May,Tuesday,3.6768068728796672,0,5,2,1.0,1
139.86,7,0.0,60.1398,42.99999999999999,2,East,Corporate,Furniture,Furnishings,Second Class,May,Tuesday,4.947766489317265,0,5,2,0.8065522620904836,1
19.65,3,0.0,9.039,46.0,6,East,Consumer,Office Supplies,Paper,Standard Class,November,Friday,3.027715319407042,0,11,5,1.0,1
152.99,3,0.7,-122.3928,-80.0005229099941,4,East,Consumer,Office Supplies,Binders,Standard Class,November,Monday,5.036887665240322,1,11,1,0.6011730205278593,0
10.58,7,0.2,-2.3814,-22.50850661625709,4,East,Consumer,Office Supplies,Fasteners,Standard Class,November,Monday,2.449279472144849,0,11,1,0.9019607843137255,0
94.92,4,0.4,15.82,16.666666666666664,4,East,Consumer,Technology,Phones,Standard Class,November,Monday,4.5635145107192585,1,11,1,0.8521008403361344,1
14.76,5,0.6,-11.439,-77.5,5,Central,Consumer,Furniture,Furnishings,Standard Class,December,Thursday,2.757475084429733,1,12,4,0.8065522620904836,0
3.66,4,0.8,-5.8496,-159.82513661202185,5,Central,Consumer,Office Supplies,Binders,Standard Class,December,Thursday,1.5390154481375546,1,12,4,0.6011730205278593,0
149.54,9,0.2,50.4711,33.750902768490036,5,East,Corporate,Office Supplies,Binders,Standard Class,June,Friday,5.0142288296063855,0,6,5,0.6011730205278593,1
17.14,2,0.0,4.4564,26.0,5,East,Corporate,Office Supplies,Supplies,Standard Class,June,Friday,2.8981194446869907,0,6,5,0.816793893129771,1
991.76,3,0.4,-347.1174,-35.00014116318464,5,East,Corporate,Furniture,Tables,Standard Class,June,Friday,6.9004889429900915,1,6,5,0.3627906976744186,0
30.48,6,0.2,9.906,32.5,4,East,Corporate,Office Supplies,Paper,Standard Class,September,Thursday,3.4493524235492026,0,9,4,1.0,1
23.99,2,0.4,-4.7976,-19.99833263859942,4,East,Corporate,Technology,Phones,Standard Class,September,Thursday,3.218475744846861,1,9,4,0.8521008403361344,0
16.69,7,0.2,5.4236,32.496105452366685,4,East,Corporate,Office Supplies,Fasteners,Standard Class,September,Thursday,2.872999508171694,0,9,4,0.9019607843137255,1
422.06,3,0.3,-18.0882,-4.285693977159646,4,East,Corporate,Furniture,Chairs,Standard Class,June,Saturday,6.047514012959004,1,6,6,0.6042154566744731,0
38.09,4,0.7,-27.9312,-73.32948280388553,4,East,Corporate,Office Supplies,Binders,Standard Class,June,Saturday,3.6658666798048634,1,6,6,0.6011730205278593,0
254.35,6,0.2,-50.8704,-20.00015726361313,4,East,Corporate,Office Supplies,Storage,Standard Class,June,Saturday,5.542635153093653,0,6,6,0.7795698924731183,0
43.31,1,0.0,4.331,10.0,5,West,Consumer,Furniture,Furnishings,Standard Class,December,Friday,3.7912103852113983,0,12,5,0.8065522620904836,1
111.79,7,0.0,43.5981,39.0,5,Central,Consumer,Technology,Accessories,Second Class,November,Monday,4.725527682651825,0,11,1,0.872,1
14.94,3,0.0,7.0218,47.0,4,East,Consumer,Office Supplies,Paper,Standard Class,November,Sunday,2.768831673362069,0,11,7,1.0,1
14.16,2,0.2,5.133,36.25,4,East,Corporate,Office Supplies,Binders,Standard Class,July,Thursday,2.7186603802142257,0,7,4,0.6011730205278593,1
22.61,3,0.6,-10.1736,-44.996019460415745,5,Central,Home Office,Furniture,Furnishings,Standard Class,April,Saturday,3.1616703510974213,1,4,6,0.8065522620904836,0
21.48,6,0.0,10.74,50.0,2,West,Consumer,Office Supplies,Fasteners,Second Class,July,Monday,3.1126260250254902,0,7,1,0.9019607843137255,1
501.81,3,0.0,0.0,0.0,2,Central,Consumer,Office Supplies,Storage,First Class,June,Sunday,6.220212365142023,0,6,7,0.7795698924731183,0
161.94,3,0.0,9.7164,6.000000000000001,2,Central,Consumer,Office Supplies,Storage,First Class,June,Sunday,5.093382034882496,0,6,7,0.7795698924731183,1
8.81,3,0.8,-14.9736,-169.96140749148694,6,Central,Consumer,Office Supplies,Binders,Standard Class,September,Saturday,2.2834022735772717,1,9,6,0.6011730205278593,0
79.38,1,0.2,29.769,37.50188964474679,0,East,Consumer,Furniture,Furnishings,Same Day,May,Saturday,4.386765389021055,0,5,6,0.8065522620904836,1
34.58,1,0.0,10.0282,29.000000000000004,5,West,Home Office,Office Supplies,Art,Standard Class,January,Thursday,3.571783682237689,0,1,4,1.0,1
191.98,3,0.2,23.997,12.499739556203773,6,Central,Consumer,Technology,Accessories,Standard Class,October,Thursday,5.262586556592238,0,10,4,0.872,1
8.29,2,0.2,3.0044,36.24125452352232,6,Central,Consumer,Office Supplies,Paper,Standard Class,October,Thursday,2.2289385528257473,0,10,4,1.0,1
139.92,5,0.6,-150.414,-107.5,6,Central,Consumer,Furniture,Furnishings,Standard Class,October,Thursday,4.948192353473037,1,10,4,0.8065522620904836,0
15.87,1,0.2,1.1904,7.500945179584121,6,Central,Consumer,Office Supplies,Art,Standard Class,October,Thursday,2.825536896557877,0,10,4,1.0,1
6.29,7,0.8,-11.0005,-174.88871224165342,6,Central,Consumer,Office Supplies,Binders,Standard Class,October,Thursday,1.986503546020567,1,10,4,0.6011730205278593,0
19.75,3,0.2,6.9132,35.00354430379747,2,West,Consumer,Office Supplies,Binders,First Class,August,Friday,3.0325462466767075,0,8,5,0.6011730205278593,1
9.26,3,0.8,-13.896,-150.0647948164147,5,Central,Home Office,Office Supplies,Binders,Standard Class,July,Saturday,2.3282528397426234,1,7,6,0.6011730205278593,0
61.79,4,0.2,6.1792,10.000323676970384,4,Central,Corporate,Office Supplies,Storage,Second Class,July,Thursday,4.139795825126018,0,7,4,0.7795698924731183,1
45.68,2,0.0,21.0128,46.0,6,West,Home Office,Office Supplies,Paper,Standard Class,October,Saturday,3.8433158074183553,0,10,6,1.0,1
60.12,9,0.0,28.8576,48.00000000000001,6,West,Home Office,Office Supplies,Paper,Standard Class,October,Saturday,4.112839144858265,0,10,6,1.0,1
41.72,5,0.2,13.0375,31.25,6,West,Home Office,Office Supplies,Binders,Standard Class,October,Saturday,3.7546671946519394,0,10,6,0.6011730205278593,1
71.6,8,0.0,32.936,46.0,6,West,Home Office,Office Supplies,Paper,Standard Class,October,Saturday,4.28496492183075,0,10,6,1.0,1
85.23,7,0.2,30.8966,36.250850639446206,4,East,Consumer,Office Supplies,Binders,Standard Class,May,Saturday,4.457018144964233,0,5,6,0.6011730205278593,1
44.4,3,0.0,22.2,50.0,4,East,Consumer,Office Supplies,Labels,Standard Class,May,Saturday,3.8155121050473024,0,5,6,1.0,1
442.76,4,0.1,59.0352,13.333453789863583,4,East,Consumer,Furniture,Chairs,Standard Class,May,Saturday,6.095283875746979,0,5,6,0.6042154566744731,1
3999.95,5,0.0,1159.9855,29.000000000000004,4,East,Consumer,Technology,Machines,Standard Class,May,Saturday,8.294287111903367,0,5,6,0.5975609756097561,1
199.95,5,0.0,21.9945,11.0,4,East,Consumer,Technology,Accessories,Standard Class,May,Saturday,5.30305612089521,0,5,6,0.872,1
63.68,8,0.0,28.0192,44.0,4,East,Consumer,Furniture,Furnishings,Standard Class,May,Saturday,4.169452034708907,0,5,6,0.8065522620904836,1
29.0,2,0.0,7.25,25.0,0,South,Consumer,Technology,Accessories,Same Day,July,Thursday,3.4011973816621555,0,7,4,0.872,1
60.81,3,0.0,17.0268,28.000000000000004,4,West,Consumer,Office Supplies,Appliances,Standard Class,June,Saturday,4.124065163671182,0,6,6,0.867109634551495,1
153.55,3,0.2,51.8238,33.750439596222726,7,West,Consumer,Office Supplies,Binders,Standard Class,December,Saturday,5.040517668578126,0,12,6,0.6011730205278593,1
65.34,3,0.0,22.869,35.0,7,West,Consumer,Office Supplies,Appliances,Standard Class,December,Saturday,4.1947930335189065,0,12,6,0.867109634551495,1
123.92,4,0.0,55.764,45.0,7,West,Consumer,Office Supplies,Paper,Standard Class,December,Saturday,4.827673532414877,0,12,6,1.0,1
35.1,3,0.0,12.285,35.0,7,West,Consumer,Office Supplies,Appliances,Standard Class,December,Saturday,3.586292865338835,0,12,6,0.867109634551495,1
44.75,5,0.0,8.5025,19.0,7,West,Consumer,Technology,Accessories,Standard Class,December,Saturday,3.82319179172153,0,12,6,0.872,1
4.7,2,0.2,0.4116,8.757446808510638,5,South,Consumer,Office Supplies,Art,Standard Class,December,Thursday,1.7404661748405046,0,12,4,1.0,1
14.67,3,0.0,3.9609,27.0,6,South,Consumer,Office Supplies,Art,Standard Class,November,Friday,2.7517480563679295,0,11,5,1.0,1
15.55,3,0.2,5.4432,35.004501607717046,5,East,Consumer,Office Supplies,Paper,Standard Class,March,Saturday,2.806386101823072,0,3,6,1.0,1
5.23,1,0.2,1.7004,32.512428298279154,5,East,Consumer,Office Supplies,Paper,Standard Class,March,Saturday,1.8293763327993617,0,3,6,1.0,1
22.2,6,0.0,9.102,41.0,5,South,Consumer,Furniture,Furnishings,Standard Class,June,Sunday,3.1441522786722644,0,6,7,0.8065522620904836,1
881.93,7,0.0,229.3018,26.0,5,South,Consumer,Technology,Phones,Standard Class,June,Sunday,6.783245922263327,0,6,7,0.8521008403361344,1
6.1,2,0.2,2.1336,34.97704918032787,6,West,Home Office,Office Supplies,Binders,Standard Class,September,Sunday,1.9600947840472698,0,9,7,0.6011730205278593,1
191.82,3,0.0,74.8098,39.0,6,West,Home Office,Furniture,Furnishings,Standard Class,September,Sunday,5.261757111236235,0,9,7,0.8065522620904836,1
20.1,1,0.2,1.7591,8.751741293532337,6,East,Consumer,Furniture,Furnishings,Standard Class,June,Monday,3.0492730404820207,0,6,1,0.8065522620904836,1
67.56,3,0.2,8.445,12.5,2,South,Home Office,Office Supplies,Art,Second Class,September,Saturday,4.227709274289524,0,9,6,1.0,1
29.93,7,0.8,-46.3946,-155.01035750083528,6,Central,Home Office,Office Supplies,Binders,Standard Class,July,Monday,3.4317265866969784,1,7,1,0.6011730205278593,0
38.27,4,0.2,3.8272,10.000522602560752,6,Central,Home Office,Technology,Phones,Standard Class,July,Monday,3.6704608685899185,0,7,1,0.8521008403361344,1
16.52,4,0.0,7.5992,46.0,4,East,Home Office,Office Supplies,Art,Standard Class,August,Saturday,2.8633430855082453,0,8,6,1.0,1
832.93,7,0.0,233.2204,28.000000000000004,2,East,Consumer,Technology,Phones,Second Class,November,Friday,6.726149465982471,0,11,5,0.8521008403361344,1
43.8,10,0.0,21.024,48.00000000000001,2,East,Consumer,Office Supplies,Binders,Second Class,November,Friday,3.8022081394209395,0,11,5,0.6011730205278593,1
167.29,6,0.1,29.7408,17.77799031621735,3,Central,Corporate,Office Supplies,Appliances,First Class,November,Sunday,5.125688681724982,0,11,7,0.867109634551495,1
2.82,2,0.2,0.9856,34.95035460992908,5,South,Corporate,Office Supplies,Art,Standard Class,September,Saturday,1.3402504226184837,0,9,6,1.0,1
485.94,2,0.4,-89.089,-18.333333333333332,0,East,Consumer,Technology,Phones,Same Day,December,Sunday,6.188140912207021,1,12,7,0.8521008403361344,0
37.38,8,0.2,4.672,12.498662386302833,0,East,Consumer,Office Supplies,Art,Same Day,December,Sunday,3.647536490579554,0,12,7,1.0,1
70.69,1,0.3,-24.2352,-34.283774225491584,0,East,Consumer,Furniture,Chairs,Same Day,December,Sunday,4.272351267864781,1,12,7,0.6042154566744731,0
72.29,1,0.7,-98.8018,-136.67422880066397,2,West,Consumer,Furniture,Bookcases,Second Class,March,Saturday,4.294424173937759,1,3,6,0.5263157894736842,0
330.59,1,0.4,-115.7058,-34.99978825735806,4,East,Consumer,Furniture,Tables,Standard Class,October,Saturday,5.803899265990974,1,10,6,0.3627906976744186,0
673.57,2,0.2,252.588,37.499888652998195,5,West,Consumer,Office Supplies,Binders,Standard Class,March,Monday,6.514075450841185,0,3,1,0.6011730205278593,1
52.98,2,0.0,14.8344,28.000000000000004,5,West,Consumer,Office Supplies,Appliances,Standard Class,March,Monday,3.9886136075898584,0,3,1,0.867109634551495,1
319.97,4,0.2,35.9964,11.249929680907584,2,West,Consumer,Technology,Phones,Second Class,December,Monday,5.771347660818625,0,12,1,0.8521008403361344,1
190.86,2,0.0,11.4516,5.999999999999999,2,Central,Consumer,Office Supplies,Storage,Second Class,September,Tuesday,5.256765939389801,0,9,2,0.7795698924731183,1
24.32,8,0.0,8.2688,34.0,2,Central,Consumer,Office Supplies,Art,Second Class,September,Tuesday,3.2315945972759756,0,9,2,1.0,1
44.4,5,0.0,12.432,28.000000000000004,6,West,Home Office,Office Supplies,Supplies,Standard Class,July,Friday,3.8155121050473024,0,7,5,0.816793893129771,1
1016.79,1,0.2,381.297,37.50007376154368,2,West,Consumer,Office Supplies,Binders,Second Class,November,Tuesday,6.925388888993477,0,11,2,0.6011730205278593,1
38.14,7,0.2,13.3476,34.99632931305715,2,West,Consumer,Office Supplies,Binders,Second Class,November,Tuesday,3.66714496196793,0,11,2,0.6011730205278593,1
494.98,3,0.4,-115.4958,-23.3334276132369,5,East,Consumer,Technology,Phones,Standard Class,November,Saturday,6.2065356033313055,1,11,6,0.8521008403361344,0
13.36,2,0.0,6.4128,48.0,3,West,Consumer,Office Supplies,Paper,Second Class,February,Sunday,2.664446563620078,0,2,7,1.0,1
41.72,5,0.2,13.0375,31.25,3,West,Consumer,Office Supplies,Binders,Second Class,February,Sunday,3.7546671946519394,0,2,7,0.6011730205278593,1
11.52,5,0.2,4.176,36.25000000000001,3,West,Consumer,Office Supplies,Binders,Second Class,February,Sunday,2.5273273656719524,0,2,7,0.6011730205278593,1
541.44,6,0.0,157.0176,28.999999999999993,3,West,Consumer,Office Supplies,Appliances,Second Class,February,Sunday,6.296077480219744,0,2,7,0.867109634551495,1
19.44,3,0.0,9.3312,48.00000000000001,3,West,Consumer,Office Supplies,Paper,Second Class,February,Sunday,3.017493765335504,0,2,7,1.0,1
143.7,3,0.0,68.976,48.00000000000001,2,West,Home Office,Office Supplies,Paper,Second Class,April,Friday,4.974662633637438,0,4,5,1.0,1
43.26,3,0.0,14.2758,33.0,3,West,Corporate,Office Supplies,Appliances,First Class,September,Monday,3.7900813346229034,0,9,1,0.867109634551495,1
43.56,2,0.0,15.246,35.0,3,West,Corporate,Office Supplies,Appliances,First Class,September,Monday,3.7968365956190286,0,9,1,0.867109634551495,1
437.85,3,0.0,131.355,29.999999999999993,5,East,Corporate,Technology,Phones,Standard Class,September,Saturday,6.0841576690381265,0,9,6,0.8521008403361344,1
109.48,2,0.0,33.9388,31.0,5,East,Corporate,Furniture,Furnishings,Standard Class,September,Saturday,4.704834509101037,0,9,6,0.8065522620904836,1
5.0,1,0.0,2.4,48.0,2,West,Home Office,Office Supplies,Fasteners,Second Class,November,Sunday,1.791759469228055,0,11,7,0.9019607843137255,1
371.97,3,0.0,66.9546,18.0,2,West,Home Office,Technology,Accessories,Second Class,November,Sunday,5.92149798745481,0,11,7,0.872,1
166.24,1,0.0,24.936,15.0,0,East,Consumer,Technology,Accessories,Same Day,December,Friday,5.119429906488365,0,12,5,0.872,1
499.98,2,0.0,114.9954,23.0,2,South,Consumer,Technology,Accessories,Second Class,November,Monday,6.216566180128353,0,11,1,0.872,1
5.28,1,0.0,2.376,44.99999999999999,2,South,Consumer,Office Supplies,Paper,Second Class,November,Monday,1.8373699804801074,0,11,1,1.0,1
8.26,2,0.0,3.8822,47.0,2,South,Consumer,Office Supplies,Binders,Second Class,November,Monday,2.225704048658088,0,11,1,0.6011730205278593,1
199.74,6,0.0,47.9376,24.000000000000004,6,West,Consumer,Office Supplies,Storage,Standard Class,September,Monday,5.302010538385654,0,9,1,0.7795698924731183,1
435.26,7,0.0,95.7572,22.0,5,West,Consumer,Furniture,Furnishings,Standard Class,March,Friday,6.07823839589002,0,3,5,0.8065522620904836,1
1119.98,2,0.2,377.9946,33.75012053786675,5,West,Consumer,Technology,Copiers,Standard Class,March,Friday,7.021958581699801,0,3,5,1.0,1
143.43,1,0.2,3.5858,2.5000348602105555,5,West,Corporate,Furniture,Tables,Second Class,October,Friday,4.972794961113076,0,10,5,0.3627906976744186,1
122.35,3,0.2,13.7646,11.250183898651409,5,West,Corporate,Furniture,Chairs,Second Class,October,Friday,4.815025842975365,0,10,5,0.6042154566744731,1
306.2,5,0.0,0.0,0.0,4,South,Consumer,Office Supplies,Storage,Standard Class,June,Friday,5.727499001273517,0,6,5,0.7795698924731183,0
85.98,1,0.0,22.3548,26.0,4,South,Consumer,Furniture,Tables,Standard Class,June,Friday,4.465678207169493,0,6,5,0.3627906976744186,1
223.96,4,0.0,53.7504,24.0,4,South,Consumer,Technology,Accessories,Standard Class,June,Friday,5.4159226086223,0,6,5,0.872,1
48.16,7,0.0,22.1536,46.00000000000001,2,East,Corporate,Office Supplies,Paper,First Class,September,Saturday,3.895080284697834,0,9,6,1.0,1
23.92,2,0.0,6.6976,27.999999999999996,4,Central,Consumer,Technology,Phones,Standard Class,March,Thursday,3.2156706939192525,0,3,4,0.8521008403361344,1
60.69,7,0.0,16.3863,26.999999999999996,4,Central,Consumer,Office Supplies,Appliances,Standard Class,March,Thursday,4.122121843221548,0,3,4,0.867109634551495,1
14.35,3,0.2,5.2026,36.25505226480836,3,South,Corporate,Office Supplies,Paper,First Class,May,Thursday,2.731115474033206,0,5,4,1.0,1
287.97,3,0.0,77.7519,27.0,5,South,Corporate,Technology,Phones,Standard Class,April,Monday,5.666322876495819,0,4,1,0.8521008403361344,1
595.38,6,0.0,297.69,50.0,5,South,Corporate,Furniture,Furnishings,Standard Class,April,Monday,6.390878047787711,0,4,1,0.8065522620904836,1
12.96,2,0.0,6.2208,47.99999999999999,5,South,Corporate,Office Supplies,Paper,Standard Class,April,Monday,2.6361960973342264,0,4,1,1.0,1
4.95,1,0.0,1.3365,27.0,5,East,Corporate,Technology,Phones,Standard Class,November,Sunday,1.7833912195575383,0,11,7,0.8521008403361344,1
13.52,4,0.0,6.2192,46.0,4,East,Consumer,Office Supplies,Paper,Standard Class,November,Sunday,2.67552700939665,0,11,7,1.0,1
259.7,5,0.0,106.477,41.0,4,East,Consumer,Furniture,Furnishings,Standard Class,November,Sunday,5.563370320939456,0,11,7,0.8065522620904836,1
42.95,1,0.0,1.2885,3.0,4,East,Consumer,Technology,Phones,Standard Class,November,Sunday,3.783052624131186,0,11,7,0.8521008403361344,1
1399.93,7,0.0,601.9699,43.0,4,East,Consumer,Technology,Accessories,Standard Class,November,Sunday,7.244891580777543,0,11,7,0.872,1
503.96,4,0.0,125.99,25.0,4,East,Consumer,Technology,Phones,Standard Class,November,Sunday,6.224479218217454,0,11,7,0.8521008403361344,1
12.72,3,0.0,6.36,50.0,4,Central,Consumer,Office Supplies,Binders,Standard Class,November,Friday,2.6188546222977394,0,11,5,0.6011730205278593,1
11.52,4,0.0,5.6448,49.00000000000001,4,Central,Consumer,Office Supplies,Binders,Standard Class,November,Friday,2.5273273656719524,0,11,5,0.6011730205278593,1
316.0,4,0.0,31.6,10.0,4,South,Corporate,Technology,Accessories,Standard Class,January,Sunday,5.75890177387728,0,1,7,0.872,1
141.37,2,0.3,-14.1372,-10.00014147273113,1,Central,Corporate,Furniture,Bookcases,First Class,December,Friday,4.958429302625654,1,12,5,0.5263157894736842,0
27.22,3,0.2,9.8658,36.244673034533434,2,Central,Corporate,Office Supplies,Paper,First Class,August,Thursday,3.340030946424668,0,8,4,1.0,1
194.32,4,0.0,56.3528,29.000000000000004,3,South,Consumer,Office Supplies,Appliances,First Class,December,Wednesday,5.274639239193459,0,12,3,0.867109634551495,1
94.74,3,0.0,44.5278,47.0,3,South,Corporate,Office Supplies,Binders,Second Class,December,Thursday,4.561636183964363,0,12,4,0.6011730205278593,1
60.64,4,0.0,27.8944,46.0,3,South,Corporate,Office Supplies,Binders,Second Class,December,Thursday,4.121311010451915,0,12,4,0.6011730205278593,1
76.3,5,0.0,38.15,50.0,3,South,Corporate,Office Supplies,Binders,Second Class,December,Thursday,4.3476939555933765,0,12,4,0.6011730205278593,1
364.8,12,0.0,167.808,46.0,3,South,Corporate,Office Supplies,Binders,Second Class,December,Thursday,5.9020867359567655,0,12,4,0.6011730205278593,1
79.87,3,0.2,29.952,37.50093902591711,4,East,Corporate,Office Supplies,Binders,Second Class,September,Tuesday,4.392842927107731,0,9,2,0.6011730205278593,1
46.38,1,0.2,1.1596,2.5002156101768,4,East,Corporate,Furniture,Bookcases,Second Class,September,Tuesday,3.8582001987306396,0,9,2,0.5263157894736842,1
12.96,2,0.0,6.2208,47.99999999999999,4,East,Corporate,Office Supplies,Paper,Second Class,September,Tuesday,2.6361960973342264,0,9,2,1.0,1
547.14,4,0.2,-68.392,-12.499908615710787,4,East,Corporate,Furniture,Furnishings,Standard Class,December,Friday,6.306530728772529,0,12,5,0.8065522620904836,0
41.96,2,0.0,2.9372,6.999999999999999,2,West,Corporate,Office Supplies,Storage,Second Class,September,Saturday,3.7602694502006093,0,9,6,0.7795698924731183,1
41.7,5,0.0,20.85,50.0,2,West,Corporate,Office Supplies,Paper,Second Class,September,Saturday,3.754198920234579,0,9,6,1.0,1
69.22,6,0.2,11.2476,16.249060965039007,4,South,Consumer,Office Supplies,Appliances,Standard Class,September,Tuesday,4.251633170740286,0,9,2,0.867109634551495,1
25.92,4,0.0,12.4416,47.99999999999999,0,East,Consumer,Office Supplies,Paper,Same Day,August,Saturday,3.2928695047765273,0,8,6,1.0,1
45.92,4,0.0,22.5008,49.0,0,East,Consumer,Office Supplies,Paper,Same Day,August,Saturday,3.848444023785275,0,8,6,1.0,1
10.72,2,0.2,1.742,16.249999999999996,5,East,Consumer,Office Supplies,Art,Standard Class,August,Tuesday,2.4612967841488667,0,8,2,1.0,1
41.86,7,0.0,10.465,25.0,5,South,Consumer,Office Supplies,Art,Standard Class,November,Thursday,3.7579389900454307,0,11,4,1.0,1
63.2,5,0.0,23.384,37.0,3,East,Home Office,Furniture,Furnishings,First Class,December,Wednesday,4.162003210695915,0,12,3,0.8065522620904836,1
113.97,3,0.0,27.3528,24.0,3,East,Home Office,Technology,Accessories,First Class,December,Wednesday,4.744671224765649,0,12,3,0.872,1
123.55,3,0.2,-29.3436,-23.750384459732903,4,Central,Consumer,Office Supplies,Storage,Second Class,July,Saturday,4.8247072417081895,0,7,6,0.7795698924731183,0
490.32,9,0.0,137.2896,28.000000000000004,6,Central,Home Office,Office Supplies,Appliances,Standard Class,February,Monday,6.197095646670894,0,2,1,0.867109634551495,1
70.08,5,0.2,24.528,35.0,5,Central,Consumer,Office Supplies,Paper,Standard Class,March,Sunday,4.263806003286451,0,3,7,1.0,1
1.27,2,0.8,-2.1624,-170.26771653543307,5,Central,Consumer,Office Supplies,Binders,Standard Class,March,Sunday,0.8197798314933114,1,3,7,0.6011730205278593,0
557.59,5,0.3,0.0,0.0,5,Central,Consumer,Furniture,Tables,Standard Class,March,Sunday,6.325415751453234,1,3,7,0.3627906976744186,0
1552.83,7,0.15,200.9546,12.941184804518201,2,West,Corporate,Furniture,Bookcases,First Class,August,Monday,7.348478129834116,0,8,1,0.5263157894736842,1
137.24,5,0.2,46.3185,33.75,2,West,Corporate,Office Supplies,Binders,First Class,August,Monday,4.928991305055746,0,8,1,0.6011730205278593,1
36.51,1,0.0,15.6993,43.0,2,West,Corporate,Technology,Accessories,First Class,August,Monday,3.624607564093796,0,8,1,0.872,1
239.98,3,0.2,80.9919,33.7494374531211,2,West,Corporate,Technology,Machines,First Class,August,Monday,5.48471394249513,0,8,1,0.5975609756097561,1
1579.75,7,0.4,-447.5947,-28.333261592024055,4,East,Corporate,Furniture,Tables,Standard Class,March,Monday,7.365654696938723,1,3,1,0.3627906976744186,0
1071.58,4,0.4,-553.6476,-51.666473805035565,4,East,Corporate,Furniture,Tables,Standard Class,March,Monday,6.9778222400949135,1,3,1,0.3627906976744186,0
613.91,3,0.4,-122.7816,-19.999934843869625,4,East,Corporate,Furniture,Tables,Standard Class,March,Monday,6.421475915634146,1,3,1,0.3627906976744186,0
34.86,7,0.0,16.3842,47.0,4,East,Corporate,Office Supplies,Paper,Standard Class,March,Monday,3.5796224681769866,0,3,1,1.0,1
155.04,4,0.0,75.9696,49.00000000000001,4,East,Corporate,Office Supplies,Paper,Standard Class,March,Monday,5.050112384638456,0,3,1,1.0,1
127.88,2,0.0,40.9216,32.0,5,South,Home Office,Furniture,Furnishings,Standard Class,March,Sunday,4.858881738868719,0,3,7,0.8065522620904836,1
160.32,2,0.0,44.8896,28.000000000000004,5,South,Home Office,Office Supplies,Appliances,Standard Class,March,Sunday,5.083389970005167,0,3,7,0.867109634551495,1
46.0,4,0.0,20.7,45.0,5,South,Home Office,Office Supplies,Binders,Standard Class,March,Sunday,3.8501476017100584,0,3,7,0.6011730205278593,1
120.71,1,0.2,-18.1068,-15.000248529533595,2,West,Consumer,Furniture,Chairs,Second Class,November,Monday,4.8016411658864655,0,11,1,0.6042154566744731,0
532.7,6,0.2,-26.6352,-5.000037544584194,4,East,Corporate,Furniture,Furnishings,Standard Class,September,Friday,6.279833883339899,0,9,5,0.8065522620904836,0
4.91,2,0.2,0.307,6.25254582484725,4,East,Corporate,Office Supplies,Art,Standard Class,September,Friday,1.776645831418007,0,9,5,1.0,1
60.29,8,0.6,-27.1296,-44.998507215126885,4,Central,Corporate,Furniture,Furnishings,Second Class,July,Thursday,4.11561669749764,1,7,4,0.8065522620904836,0
2.63,1,0.2,0.8225,31.273764258555136,4,Central,Corporate,Office Supplies,Fasteners,Second Class,July,Thursday,1.2892326482767593,0,7,4,0.9019607843137255,1
23.69,9,0.2,7.6986,32.4972562262558,4,Central,Corporate,Office Supplies,Paper,Second Class,July,Thursday,3.206398303357088,0,7,4,1.0,1
253.37,2,0.3,-14.4784,-5.714330820539133,4,Central,Corporate,Furniture,Chairs,Second Class,July,Thursday,5.538789899984021,1,7,4,0.6042154566744731,0
76.78,4,0.7,-58.8616,-76.66267257098202,2,East,Consumer,Office Supplies,Binders,Second Class,August,Tuesday,4.3538843287276014,1,8,2,0.6011730205278593,0
9.18,2,0.2,1.148,12.50544662309368,2,East,Consumer,Office Supplies,Supplies,Second Class,August,Tuesday,2.3204250111223765,0,8,2,0.816793893129771,1
32.75,5,0.0,15.065,46.0,5,West,Home Office,Office Supplies,Paper,Standard Class,December,Sunday,3.518980417318539,0,12,7,1.0,1
7.22,2,0.2,1.7138,23.736842105263158,4,East,Home Office,Office Supplies,Fasteners,Standard Class,May,Friday,2.1065702090680882,0,5,5,0.9019607843137255,1
49.57,2,0.2,15.49,31.248739156748034,4,East,Home Office,Office Supplies,Paper,Standard Class,May,Friday,3.9233585150918917,0,5,5,1.0,1
54.71,7,0.2,11.6263,21.250776823249865,4,East,Home Office,Furniture,Furnishings,Standard Class,May,Friday,4.020159664032724,0,5,5,0.8065522620904836,1
7.86,2,0.0,3.6156,46.0,3,West,Consumer,Office Supplies,Fasteners,First Class,December,Saturday,2.1815467646169897,0,12,6,0.9019607843137255,1
24.45,2,0.2,8.8624,36.247034764826175,3,West,Consumer,Office Supplies,Binders,First Class,December,Saturday,3.2367157429965316,0,12,6,0.6011730205278593,1
6.48,1,0.0,3.1104,47.99999999999999,4,East,Consumer,Office Supplies,Paper,Standard Class,December,Sunday,2.012232791986386,0,12,7,1.0,1
41.86,7,0.0,20.5114,49.0,4,East,Consumer,Office Supplies,Paper,Standard Class,December,Sunday,3.7579389900454307,0,12,7,1.0,1
1619.91,9,0.0,97.1946,5.999999999999999,4,East,Consumer,Technology,Accessories,Standard Class,December,Sunday,7.390742998911154,0,12,7,0.872,1
113.92,4,0.0,42.1504,37.0,4,East,Consumer,Furniture,Furnishings,Standard Class,December,Sunday,4.744236234111089,0,12,7,0.8065522620904836,1
39.68,2,0.0,10.3168,26.0,6,East,Consumer,Office Supplies,Art,Standard Class,March,Thursday,3.7057365711803594,0,3,4,1.0,1
37.6,2,0.0,2.256,5.999999999999999,5,East,Corporate,Technology,Accessories,Standard Class,November,Saturday,3.653252276470785,0,11,6,0.872,1
59.9,2,0.0,23.96,40.0,5,East,Corporate,Technology,Accessories,Standard Class,November,Saturday,4.109233174715851,0,11,6,0.872,1
37.0,5,0.0,16.65,44.99999999999999,5,East,Corporate,Office Supplies,Paper,Standard Class,November,Saturday,3.6375861597263857,0,11,6,1.0,1
956.66,7,0.32,-225.0976,-23.529529822507474,6,Central,Corporate,Furniture,Bookcases,Standard Class,September,Tuesday,6.864492808922522,1,9,2,0.5263157894736842,0
5.68,2,0.2,1.917,33.75,5,East,Home Office,Office Supplies,Fasteners,Standard Class,August,Friday,1.8991179875485542,0,8,5,0.9019607843137255,1
7.52,5,0.2,2.632,35.0,2,West,Corporate,Office Supplies,Binders,Second Class,June,Sunday,2.1424163408412245,0,6,7,0.6011730205278593,1
11.96,2,0.0,5.8604,49.0,4,West,Consumer,Office Supplies,Paper,Standard Class,November,Wednesday,2.561867690924129,0,11,3,1.0,1
629.06,3,0.2,31.4532,5.0000317934696215,4,West,Consumer,Furniture,Tables,Standard Class,November,Wednesday,6.445815052945957,0,11,3,0.3627906976744186,1
754.45,5,0.0,60.356,8.0,4,Central,Consumer,Furniture,Chairs,Standard Class,December,Thursday,6.62731359818585,0,12,4,0.6042154566744731,1
301.96,2,0.0,60.392,20.0,5,East,Home Office,Furniture,Bookcases,Standard Class,July,Monday,5.713600783593539,0,7,1,0.5263157894736842,1
2396.4,10,0.2,179.73,7.5,7,West,Corporate,Technology,Machines,Standard Class,May,Saturday,7.782140095772999,0,5,6,0.5975609756097561,1
230.38,3,0.2,-48.9549,-21.249631044361493,5,Central,Home Office,Office Supplies,Storage,Standard Class,April,Monday,5.4440613806007425,0,4,1,0.7795698924731183,0
9.66,2,0.2,3.2616,33.7639751552795,5,Central,Home Office,Office Supplies,Paper,Standard Class,April,Monday,2.3664984187376983,0,4,1,1.0,1
1.34,4,0.8,-2.1504,-160.4776119402985,6,Central,Corporate,Office Supplies,Binders,Standard Class,June,Saturday,0.8501509293696101,1,6,6,0.6011730205278593,0
8.27,4,0.8,-13.6488,-165.03990326481258,6,Central,Corporate,Office Supplies,Binders,Standard Class,June,Saturday,2.2267833795777636,1,6,6,0.6011730205278593,0
12.54,7,0.6,-9.0944,-72.52312599681021,6,Central,Corporate,Furniture,Furnishings,Standard Class,June,Saturday,2.605648267484129,1,6,6,0.8065522620904836,0
366.79,7,0.1,65.2064,17.77758390359606,7,East,Consumer,Furniture,Chairs,Standard Class,March,Tuesday,5.907512123111096,0,3,2,0.6042154566744731,1
33.96,2,0.0,16.98,50.0,3,South,Corporate,Office Supplies,Envelopes,First Class,November,Saturday,3.5542045507873348,0,11,6,1.0,1
826.11,3,0.0,322.1829,39.0,3,South,Corporate,Office Supplies,Appliances,First Class,November,Saturday,6.717937697061237,0,11,6,0.867109634551495,1
145.98,2,0.5,-99.2664,-68.0,2,West,Consumer,Furniture,Tables,Second Class,November,Tuesday,4.990296523100725,1,11,2,0.3627906976744186,0
35.81,4,0.2,12.5328,34.99804523876012,2,West,Consumer,Office Supplies,Paper,Second Class,November,Tuesday,3.60576954739093,0,11,2,1.0,1
345.0,5,0.0,86.25,25.0,5,East,Consumer,Technology,Phones,Standard Class,May,Sunday,5.846438775057725,0,5,7,0.8521008403361344,1
174.29,2,0.3,-19.9184,-11.42830913993918,5,East,Consumer,Furniture,Tables,Standard Class,May,Sunday,5.166441745234455,1,5,7,0.3627906976744186,0
662.84,4,0.0,172.3384,26.0,5,East,Consumer,Office Supplies,Appliances,Standard Class,May,Sunday,6.4980411565845575,0,5,7,0.867109634551495,1
95.1,5,0.0,30.432,32.0,5,East,Consumer,Technology,Accessories,Standard Class,May,Sunday,4.565389315976247,0,5,7,0.872,1
26.88,6,0.0,12.9024,48.00000000000001,5,East,Consumer,Office Supplies,Envelopes,Standard Class,May,Sunday,3.327909585892323,0,5,7,1.0,1
257.98,2,0.0,74.8142,28.999999999999996,5,East,Consumer,Technology,Phones,Standard Class,May,Sunday,5.556750838640694,0,5,7,0.8521008403361344,1
17.48,2,0.0,8.2156,47.0,6,West,Consumer,Office Supplies,Envelopes,Standard Class,September,Friday,2.916689066213538,0,9,5,1.0,1
492.84,5,0.3,-14.081,-2.857113870627384,6,East,Consumer,Furniture,Chairs,Standard Class,October,Monday,6.202211578085641,1,10,1,0.6042154566744731,0
269.49,3,0.0,5.3898,2.0,3,South,Consumer,Office Supplies,Storage,Second Class,September,Monday,5.600235129026472,0,9,1,0.7795698924731183,1
29.12,5,0.2,9.828,33.75,5,West,Home Office,Office Supplies,Binders,Standard Class,November,Saturday,3.405189402931693,0,11,6,0.6011730205278593,1
29.97,3,0.0,13.4865,45.0,2,West,Consumer,Office Supplies,Paper,Second Class,July,Saturday,3.4330189939851112,0,7,6,1.0,1
98.35,3,0.2,34.4232,35.00071174377224,2,West,Consumer,Office Supplies,Binders,Second Class,July,Saturday,4.598648968997826,0,7,6,0.6011730205278593,1
14.27,8,0.2,4.2816,30.0042046250876,6,South,Consumer,Furniture,Furnishings,Standard Class,January,Friday,2.725890119230541,0,1,5,0.8065522620904836,1
451.14,4,0.2,-67.6704,-14.999867003590902,6,South,Consumer,Furniture,Bookcases,Standard Class,January,Friday,6.113991866387674,0,1,5,0.5263157894736842,0
64.86,4,0.2,6.4864,10.000616712920134,6,South,Consumer,Office Supplies,Appliances,Standard Class,January,Friday,4.187531276948218,0,1,5,0.867109634551495,1
217.58,2,0.2,-29.9178,-13.75025278058645,3,West,Consumer,Furniture,Chairs,First Class,November,Thursday,5.387152080248527,0,11,4,0.6042154566744731,0
82.95,5,0.0,29.0325,35.0,3,West,Consumer,Technology,Accessories,First Class,November,Thursday,4.43022138352355,0,11,4,0.872,1
87.71,7,0.0,41.2237,47.0,3,West,Consumer,Office Supplies,Labels,First Class,November,Thursday,4.485372622532496,0,11,4,1.0,1
1101.48,4,0.0,429.5772,39.0,3,West,Consumer,Office Supplies,Appliances,First Class,November,Thursday,7.00531746656689,0,11,4,0.867109634551495,1
5.46,3,0.0,1.4742,27.0,6,East,Consumer,Office Supplies,Art,Standard Class,September,Saturday,1.8656293177945105,0,9,6,1.0,1
85.52,2,0.0,22.2352,26.0,2,East,Corporate,Office Supplies,Storage,Second Class,January,Friday,4.460375601084858,0,1,5,0.7795698924731183,1
9.84,3,0.0,2.6568,27.0,2,East,Corporate,Office Supplies,Art,Second Class,January,Friday,2.3832429960115,0,1,5,1.0,1
20.04,3,0.0,9.6192,48.0,2,East,Corporate,Office Supplies,Paper,Second Class,January,Friday,3.046425387869509,0,1,5,1.0,1
631.96,4,0.0,303.3408,48.0,4,East,Consumer,Technology,Phones,Second Class,October,Friday,6.450407228994293,0,10,5,0.8521008403361344,1
23.92,4,0.0,10.764,44.99999999999999,4,East,Consumer,Office Supplies,Paper,Second Class,October,Friday,3.2156706939192525,0,10,5,1.0,1
90.24,6,0.0,41.5104,46.0,2,West,Consumer,Office Supplies,Paper,Second Class,December,Saturday,4.5134933974161875,0,12,6,1.0,1
4548.81,7,0.0,1228.1787,26.999999999999996,4,East,Consumer,Technology,Phones,Standard Class,November,Wednesday,8.422840752831338,0,11,3,0.8521008403361344,1
300.93,5,0.3,-34.392,-11.428571428571429,4,Central,Consumer,Furniture,Tables,Second Class,September,Saturday,5.710195202428391,1,9,6,0.3627906976744186,0
719.96,5,0.2,53.997,7.5,4,Central,Consumer,Technology,Phones,Second Class,September,Saturday,6.58058365724388,0,9,6,0.8521008403361344,1
647.84,8,0.0,32.392,5.0,6,Central,Consumer,Furniture,Chairs,Standard Class,June,Monday,6.475186153181914,0,6,1,0.6042154566744731,1
64.17,3,0.0,18.6093,29.000000000000004,5,West,Home Office,Office Supplies,Storage,Standard Class,September,Saturday,4.176999240344289,0,9,6,0.7795698924731183,1
124.46,2,0.0,58.4962,47.0,5,West,Home Office,Office Supplies,Envelopes,Standard Class,September,Saturday,4.831986982668597,0,9,6,1.0,1
9.58,1,0.2,3.3544,35.01461377870564,5,West,Corporate,Office Supplies,Binders,Standard Class,May,Thursday,2.3589654264301534,0,5,4,0.6011730205278593,1
7.38,2,0.0,3.4686,47.0,5,West,Consumer,Office Supplies,Labels,Standard Class,November,Monday,2.1258479144939915,0,11,1,1.0,1
53.72,4,0.0,15.0416,28.000000000000004,2,West,Consumer,Office Supplies,Storage,Second Class,July,Friday,4.002229273314295,0,7,5,0.7795698924731183,1
8187.65,5,0.0,327.506,4.0,2,West,Consumer,Office Supplies,Supplies,Second Class,July,Friday,9.010504328095472,0,7,5,0.816793893129771,1
77.92,8,0.0,34.2848,43.99999999999999,2,West,Consumer,Furniture,Furnishings,Second Class,July,Friday,4.368434681154414,0,7,5,0.8065522620904836,1
32.78,4,0.8,-85.2384,-260.03172666259917,0,Central,Consumer,Office Supplies,Appliances,Same Day,July,Thursday,3.519868911379654,1,7,4,0.867109634551495,0
1117.92,4,0.0,55.896,5.0,5,Central,Home Office,Office Supplies,Storage,Standard Class,November,Friday,7.02011921335229,0,11,5,0.7795698924731183,1
106.5,6,0.0,41.535,38.99999999999999,1,South,Consumer,Technology,Accessories,First Class,April,Saturday,4.677490847567717,0,4,6,0.872,1
95.97,4,0.2,1.1996,1.2499739501927687,6,Central,Corporate,Technology,Accessories,Standard Class,November,Friday,4.574401652316455,0,11,5,0.872,1
47.99,2,0.3,-2.0568,-4.2858928943529895,6,Central,Corporate,Furniture,Chairs,Standard Class,November,Friday,3.8916161956504833,1,11,5,0.6042154566744731,0
264.32,2,0.2,19.824,7.500000000000001,5,East,Consumer,Office Supplies,Storage,Standard Class,September,Friday,5.580936644657355,0,9,5,0.7795698924731183,1
604.66,9,0.2,204.0714,33.74977673403235,7,Central,Consumer,Office Supplies,Envelopes,Standard Class,November,Saturday,6.406318772512832,0,11,6,1.0,1
20.16,7,0.0,9.8784,48.99999999999999,6,Central,Home Office,Office Supplies,Labels,Standard Class,October,Saturday,3.052112606990099,0,10,6,1.0,1
29.46,6,0.0,14.4354,49.0,6,Central,Home Office,Office Supplies,Labels,Standard Class,October,Saturday,3.4164143474670157,0,10,6,1.0,1
868.59,3,0.0,251.8911,28.999999999999996,6,Central,Home Office,Office Supplies,Appliances,Standard Class,October,Saturday,6.7680218362008615,0,10,6,0.867109634551495,1
12.96,2,0.0,6.2208,47.99999999999999,6,Central,Home Office,Office Supplies,Paper,Standard Class,October,Saturday,2.6361960973342264,0,10,6,1.0,1
5.5,1,0.0,1.375,25.0,6,Central,Home Office,Technology,Phones,Standard Class,October,Saturday,1.8718021769015913,0,10,6,0.8521008403361344,1
121.6,4,0.0,55.936,46.0,6,Central,Home Office,Office Supplies,Binders,Standard Class,October,Saturday,4.808927023502111,0,10,6,0.6011730205278593,1
42.05,9,0.2,5.256,12.499405469678955,4,Central,Consumer,Office Supplies,Art,Standard Class,April,Monday,3.7623622308737397,0,4,1,1.0,1
25.49,2,0.2,4.4604,17.498626912514712,4,Central,Consumer,Technology,Accessories,Standard Class,April,Monday,3.2767673032839784,0,4,1,0.872,1
6.9,3,0.8,-12.075,-174.99999999999997,4,Central,Consumer,Office Supplies,Binders,Standard Class,April,Monday,2.066862759472976,1,4,1,0.6011730205278593,0
9.65,6,0.8,-16.884,-174.96373056994818,4,Central,Consumer,Office Supplies,Binders,Standard Class,April,Monday,2.365559892155434,1,4,1,0.6011730205278593,0
7.97,2,0.2,2.8884,36.24090338770389,4,Central,Consumer,Office Supplies,Paper,Standard Class,April,Monday,2.1938856760707046,0,4,1,1.0,1
10.37,2,0.2,3.6288,34.993249758919966,5,South,Home Office,Office Supplies,Paper,Standard Class,October,Friday,2.4309783077624445,0,10,5,1.0,1
114.2,5,0.0,52.532,46.0,4,South,Corporate,Office Supplies,Paper,Standard Class,August,Sunday,4.746669748261791,0,8,7,1.0,1
17.96,4,0.0,8.2616,46.0,4,South,Corporate,Office Supplies,Binders,Standard Class,August,Sunday,2.942331496826876,0,8,7,0.6011730205278593,1
12.67,7,0.0,4.5612,36.00000000000001,4,South,Corporate,Office Supplies,Fasteners,Standard Class,August,Sunday,2.6152036507358583,0,8,7,0.9019607843137255,1
339.96,4,0.0,122.3856,36.0,4,South,Corporate,Technology,Accessories,Standard Class,August,Sunday,5.831765168350307,0,8,7,0.872,1
46.32,4,0.0,18.0648,39.0,2,West,Corporate,Technology,Accessories,First Class,September,Sunday,3.856933039110186,0,9,7,0.872,1
181.99,2,0.3,-54.5958,-29.99934062311116,2,East,Consumer,Furniture,Chairs,Second Class,January,Tuesday,5.2094315065395955,1,1,2,0.6042154566744731,0
431.98,4,0.4,-100.7944,-23.333117273947863,2,East,Consumer,Technology,Phones,Second Class,January,Tuesday,6.070691537559284,1,1,2,0.8521008403361344,0
155.37,1,0.4,-36.253,-23.333333333333332,2,East,Consumer,Technology,Phones,Second Class,January,Tuesday,5.052224993855419,1,1,2,0.8521008403361344,0
1348.7,6,0.2,-219.1644,-16.250048194557724,0,West,Corporate,Furniture,Chairs,Same Day,July,Thursday,7.207637624515236,0,7,4,0.6042154566744731,0
700.15,3,0.2,78.7671,11.250032135970864,0,West,Corporate,Furniture,Chairs,Same Day,July,Thursday,6.55272184417266,0,7,4,0.6042154566744731,1
111.89,7,0.2,22.3776,19.99964250603271,4,West,Corporate,Furniture,Furnishings,Standard Class,April,Saturday,4.726413893273455,0,4,6,0.8065522620904836,1
143.95,3,0.2,14.3952,10.000138937130949,5,East,Corporate,Office Supplies,Appliances,Second Class,September,Friday,4.976388855367665,0,9,5,0.867109634551495,1
173.94,3,0.0,13.9152,8.0,6,East,Home Office,Furniture,Bookcases,Standard Class,September,Thursday,5.164443057991709,0,9,4,0.5263157894736842,1
14.76,4,0.0,6.9372,47.0,6,East,Home Office,Office Supplies,Labels,Standard Class,September,Thursday,2.757475084429733,0,9,4,1.0,1
2.3,1,0.2,0.2592,11.269565217391305,6,West,Consumer,Office Supplies,Art,Standard Class,August,Sunday,1.1939224684724346,0,8,7,1.0,1
1879.96,5,0.2,211.4955,11.249999999999998,6,West,Consumer,Technology,Phones,Standard Class,August,Sunday,7.539537563790498,0,8,7,0.8521008403361344,1
313.02,8,0.2,105.6456,33.75043128234618,6,West,Consumer,Office Supplies,Paper,Standard Class,August,Sunday,5.749456678147376,0,8,7,1.0,1
5.04,2,0.2,1.764,35.0,6,West,Consumer,Office Supplies,Labels,Standard Class,August,Sunday,1.7984040119467235,0,8,7,1.0,1
25.92,4,0.0,12.4416,47.99999999999999,4,South,Home Office,Office Supplies,Paper,Standard Class,September,Wednesday,3.2928695047765273,0,9,3,1.0,1
705.54,7,0.2,70.5544,10.000056694163337,5,South,Consumer,Technology,Phones,Standard Class,August,Monday,6.560379817648574,0,8,1,0.8521008403361344,1
50.0,2,0.0,12.0,24.0,4,East,Consumer,Technology,Accessories,Standard Class,September,Saturday,3.9318256327243257,0,9,6,0.872,1
51.71,8,0.6,-32.32,-62.502417327402824,6,Central,Corporate,Furniture,Furnishings,Standard Class,October,Saturday,3.9648051908671156,1,10,6,0.8065522620904836,0
6.99,2,0.2,0.5244,7.502145922746781,6,South,Corporate,Office Supplies,Appliances,Standard Class,March,Tuesday,2.0781907597781832,0,3,2,0.867109634551495,1
1406.86,7,0.0,140.686,10.0,4,West,Consumer,Furniture,Bookcases,Standard Class,May,Sunday,7.249826099956135,0,5,7,0.5263157894736842,1
15.75,5,0.0,7.56,48.0,4,West,Consumer,Office Supplies,Labels,Standard Class,May,Sunday,2.8183982582710754,0,5,7,1.0,1
323.1,2,0.0,61.389,19.0,4,West,Consumer,Office Supplies,Storage,Standard Class,May,Sunday,5.781052110147502,0,5,7,0.7795698924731183,1
9.22,4,0.2,3.3408,36.23427331887202,6,South,Consumer,Office Supplies,Labels,Standard Class,December,Friday,2.3243465847755584,0,12,5,1.0,1
10.37,2,0.2,3.6288,34.993249758919966,6,South,Consumer,Office Supplies,Paper,Standard Class,December,Friday,2.4309783077624445,0,12,5,1.0,1
15.02,1,0.0,2.7036,18.0,5,East,Corporate,Technology,Accessories,Second Class,March,Tuesday,2.7738379416402132,0,3,2,0.872,1
33.82,2,0.0,9.1314,26.999999999999996,5,East,Corporate,Office Supplies,Storage,Second Class,March,Tuesday,3.550191934340043,0,3,2,0.7795698924731183,1
1399.94,7,0.2,52.4979,3.7500107147449175,3,Central,Consumer,Technology,Accessories,Second Class,August,Friday,7.244898718867462,0,8,5,0.872,1
16.23,3,0.0,7.9527,49.0,5,South,Corporate,Office Supplies,Envelopes,Standard Class,November,Saturday,2.8466520505398383,0,11,6,1.0,1
319.9,5,0.0,156.751,49.00000000000001,5,South,Corporate,Office Supplies,Binders,Standard Class,November,Saturday,5.771129548115811,0,11,6,0.6011730205278593,1
11.36,2,0.0,5.3392,47.0,5,South,Corporate,Office Supplies,Envelopes,Standard Class,November,Saturday,2.514465452029545,0,11,6,1.0,1
675.12,3,0.0,290.3016,43.0,5,South,Corporate,Office Supplies,Appliances,Standard Class,November,Saturday,6.516370575081977,0,11,6,0.867109634551495,1
62.82,3,0.0,30.7818,49.0,5,South,Home Office,Furniture,Furnishings,Standard Class,January,Sunday,4.156066620850098,0,1,7,0.8065522620904836,1
489.92,8,0.0,0.0,0.0,5,South,Home Office,Office Supplies,Storage,Standard Class,January,Sunday,6.196281181729308,0,1,7,0.7795698924731183,0
19.44,3,0.0,9.3312,48.00000000000001,5,South,Home Office,Office Supplies,Paper,Standard Class,January,Sunday,3.017493765335504,0,1,7,1.0,1
16.68,2,0.0,8.34,50.0,5,South,Home Office,Office Supplies,Paper,Standard Class,January,Sunday,2.8724340572094973,0,1,7,1.0,1
155.35,13,0.0,0.0,0.0,5,South,Home Office,Technology,Phones,Standard Class,January,Sunday,5.05209708390385,0,1,7,0.8521008403361344,0
12.42,3,0.0,4.4712,36.0,5,South,Home Office,Furniture,Furnishings,Standard Class,January,Sunday,2.5967461315435356,0,1,7,0.8065522620904836,1
187.98,2,0.0,52.6344,28.000000000000004,5,South,Home Office,Technology,Phones,Standard Class,January,Sunday,5.24164118935448,0,1,7,0.8521008403361344,1
6.61,2,0.2,2.1476,32.49016641452345,7,Central,Corporate,Office Supplies,Envelopes,Standard Class,November,Tuesday,2.0294631718735947,0,11,2,1.0,1
5.98,1,0.0,1.0166,17.0,4,West,Home Office,Office Supplies,Storage,Standard Class,May,Thursday,1.9430489167742813,0,5,4,0.7795698924731183,1
246.17,3,0.2,21.5397,8.749928910915221,4,West,Home Office,Technology,Phones,Standard Class,May,Thursday,5.510076358995608,0,5,4,0.8521008403361344,1
14.14,2,0.6,-7.7748,-54.98444130127298,6,Central,Consumer,Furniture,Furnishings,Standard Class,September,Thursday,2.717340248009303,1,9,4,0.8065522620904836,0
601.47,3,0.5,-300.735,-50.0,6,Central,Consumer,Furniture,Tables,Standard Class,September,Thursday,6.401037871594,1,9,4,0.3627906976744186,0
14.94,3,0.0,7.0218,47.0,0,East,Consumer,Office Supplies,Paper,Same Day,June,Saturday,2.768831673362069,0,6,6,1.0,1
1349.85,3,0.0,364.4595,27.0,0,East,Consumer,Technology,Machines,Same Day,June,Saturday,7.208489302928532,0,6,6,0.5975609756097561,1
136.78,1,0.2,5.1294,3.750109665155725,0,East,Consumer,Furniture,Bookcases,Same Day,June,Saturday,4.92565821016505,0,6,6,0.5263157894736842,1
61.12,4,0.0,20.7808,34.0,0,East,Consumer,Furniture,Furnishings,Same Day,June,Saturday,4.129067998280486,0,6,6,0.8065522620904836,1
1.17,1,0.7,-0.8558,-73.14529914529915,5,South,Corporate,Office Supplies,Binders,Standard Class,December,Tuesday,0.7747271675523681,1,12,2,0.6011730205278593,0
16.99,1,0.0,4.9271,29.000000000000004,6,West,Home Office,Office Supplies,Art,Standard Class,March,Friday,2.8898160479624417,0,3,5,1.0,1
24.67,3,0.2,0.0,0.0,5,Central,Corporate,Technology,Accessories,Standard Class,November,Tuesday,3.245322994883049,0,11,2,0.872,0
2.52,1,0.2,0.882,35.0,5,Central,Corporate,Office Supplies,Labels,Standard Class,November,Tuesday,1.2584609896100056,0,11,2,1.0,1
1218.74,5,0.3,-121.8735,-9.999958974022352,5,Central,Corporate,Furniture,Tables,Standard Class,November,Tuesday,7.106393000261027,1,11,2,0.3627906976744186,0
5.9,2,0.2,1.9926,33.7728813559322,5,Central,Corporate,Office Supplies,Labels,Standard Class,November,Tuesday,1.9315214116032138,0,11,2,1.0,1
15.7,3,0.2,5.1012,32.49171974522294,5,Central,Corporate,Office Supplies,Paper,Standard Class,November,Tuesday,2.8154087194227095,0,11,2,1.0,1
6.1,3,0.6,-3.9624,-64.95737704918034,5,Central,Corporate,Furniture,Furnishings,Standard Class,November,Tuesday,1.9600947840472698,1,11,2,0.8065522620904836,0
41.57,2,0.2,2.598,6.249699302381525,7,West,Corporate,Furniture,Chairs,Standard Class,April,Thursday,3.751149779840061,0,4,4,0.6042154566744731,1
230.28,3,0.2,23.028,10.0,7,West,Corporate,Furniture,Chairs,Standard Class,April,Saturday,5.443629097708091,0,4,6,0.6042154566744731,1
18.29,6,0.2,5.715,31.246582832148718,7,West,Corporate,Office Supplies,Binders,Standard Class,April,Saturday,2.9595868269176377,0,4,6,0.6011730205278593,1
25.92,4,0.0,12.4416,47.99999999999999,3,Central,Corporate,Office Supplies,Paper,Second Class,December,Wednesday,3.2928695047765273,0,12,3,1.0,1
14.94,3,0.0,7.0218,47.0,5,Central,Consumer,Office Supplies,Paper,Standard Class,September,Thursday,2.768831673362069,0,9,4,1.0,1
4.93,2,0.2,0.7392,14.99391480730223,5,South,Corporate,Furniture,Furnishings,Second Class,July,Sunday,1.780024213009634,0,7,7,0.8065522620904836,1
7.23,5,0.7,-5.784,-80.0,5,South,Corporate,Office Supplies,Binders,Second Class,July,Sunday,2.1077860146889784,1,7,7,0.6011730205278593,0
323.1,2,0.0,61.389,19.0,4,West,Corporate,Office Supplies,Storage,Standard Class,August,Saturday,5.781052110147502,0,8,6,0.7795698924731183,1
29.99,1,0.0,2.999,10.0,5,South,Consumer,Technology,Accessories,Standard Class,February,Friday,3.433664571799657,0,2,5,0.872,1
186.05,6,0.2,67.4424,36.2496103198065,1,Central,Consumer,Office Supplies,Paper,First Class,December,Thursday,5.231375960794155,0,12,4,1.0,1
36.79,1,0.2,4.1391,11.250611579233489,4,South,Home Office,Technology,Phones,Second Class,April,Sunday,3.6320445173613978,0,4,7,0.8521008403361344,1
18.62,8,0.2,6.2856,33.75725026852846,4,South,Home Office,Furniture,Furnishings,Second Class,April,Sunday,2.976549454137217,0,4,7,0.8065522620904836,1
57.69,3,0.0,23.6529,41.0,5,Central,Consumer,Furniture,Furnishings,Second Class,September,Sunday,4.072269354570243,0,9,7,0.8065522620904836,1
42.81,3,0.0,20.1207,47.0,5,Central,Consumer,Office Supplies,Binders,Second Class,September,Sunday,3.779862101825807,0,9,7,0.6011730205278593,1
12.96,2,0.0,6.2208,47.99999999999999,5,Central,Consumer,Office Supplies,Paper,Second Class,September,Sunday,2.6361960973342264,0,9,7,1.0,1
821.88,6,0.0,213.6888,26.0,5,Central,Consumer,Furniture,Furnishings,Second Class,September,Sunday,6.712810382026606,0,9,7,0.8065522620904836,1
104.85,3,0.0,28.3095,27.0,5,Central,Consumer,Technology,Phones,Second Class,September,Sunday,4.662022997580874,0,9,7,0.8521008403361344,1
424.96,5,0.15,19.998,4.705854668674699,5,West,Corporate,Furniture,Bookcases,Standard Class,September,Monday,6.054345445147183,0,9,1,0.5263157894736842,1
10.86,3,0.0,5.1042,47.0,4,West,Consumer,Office Supplies,Envelopes,Standard Class,August,Tuesday,2.4731713935695794,0,8,2,1.0,1
883.84,4,0.2,99.432,11.25,4,West,Corporate,Furniture,Chairs,Standard Class,December,Thursday,6.785406837702822,0,12,4,0.6042154566744731,1
3.98,1,0.2,1.2948,32.53266331658292,3,South,Consumer,Office Supplies,Labels,First Class,May,Sunday,1.6054298910365616,0,5,7,1.0,1
370.62,3,0.4,-142.071,-38.33333333333333,3,South,Consumer,Furniture,Tables,First Class,May,Sunday,5.917871826804609,1,5,7,0.3627906976744186,0
2.74,2,0.7,-2.0108,-73.38686131386861,3,South,Consumer,Office Supplies,Binders,First Class,May,Sunday,1.3190856114264407,1,5,7,0.6011730205278593,0
79.51,3,0.2,20.8719,26.2506602943026,0,Central,Consumer,Technology,Accessories,Same Day,October,Saturday,4.388381400311889,0,10,6,0.872,1
28.35,1,0.2,9.5688,33.75238095238095,0,Central,Consumer,Office Supplies,Paper,Same Day,October,Saturday,3.3792925462741055,0,10,6,1.0,1
40.78,1,0.2,4.5882,11.251103482099067,5,West,Home Office,Furniture,Chairs,Standard Class,August,Tuesday,3.7324177561284198,0,8,2,0.6042154566744731,1
105.96,4,0.0,29.6688,28.000000000000004,5,West,Home Office,Office Supplies,Appliances,Standard Class,August,Tuesday,4.672454932793688,0,8,2,0.867109634551495,1
166.44,3,0.0,79.8912,48.0,3,East,Corporate,Office Supplies,Paper,Second Class,September,Tuesday,5.120625078137745,0,9,2,1.0,1
785.88,6,0.0,212.1876,27.0,3,East,Corporate,Furniture,Chairs,Second Class,September,Tuesday,6.668075759027828,0,9,2,0.6042154566744731,1
26.2,2,0.0,12.838,49.0,3,East,Corporate,Office Supplies,Paper,Second Class,September,Tuesday,3.3032169733019514,0,9,2,1.0,1
1325.85,5,0.0,238.653,18.0,3,East,Corporate,Office Supplies,Storage,Second Class,September,Tuesday,7.190562991017657,0,9,2,0.7795698924731183,1
11.09,7,0.7,-8.1312,-73.32010820559061,0,West,Consumer,Office Supplies,Binders,Same Day,June,Saturday,2.492378664626701,1,6,6,0.6011730205278593,0
25.16,2,0.7,-16.776,-66.67726550079492,0,West,Consumer,Office Supplies,Binders,Same Day,June,Saturday,3.264231526588998,1,6,6,0.6011730205278593,0
95.95,3,0.2,29.985,31.250651380927565,5,South,Consumer,Office Supplies,Envelopes,Standard Class,September,Tuesday,4.574195381688661,0,9,2,1.0,1
3.2,2,0.7,-2.4564,-76.76249999999999,5,South,Consumer,Office Supplies,Binders,Standard Class,September,Tuesday,1.4350845252893227,1,9,2,0.6011730205278593,0
3.98,5,0.8,-6.567,-165.0,1,Central,Consumer,Office Supplies,Binders,First Class,August,Thursday,1.6054298910365616,1,8,4,0.6011730205278593,0
15.7,5,0.0,7.065,45.00000000000001,2,West,Corporate,Office Supplies,Paper,First Class,November,Thursday,2.8154087194227095,0,11,4,1.0,1
5.25,4,0.2,1.64,31.238095238095237,2,Central,Consumer,Office Supplies,Art,First Class,June,Monday,1.8325814637483102,0,6,1,1.0,1
15.48,3,0.2,5.6115,36.25,5,West,Consumer,Office Supplies,Paper,Standard Class,August,Sunday,2.8021475244813256,0,8,7,1.0,1
108.58,3,0.2,8.1432,7.499723706023209,5,West,Consumer,Technology,Phones,Standard Class,August,Sunday,4.696654876110269,0,8,7,0.8521008403361344,1
109.9,5,0.0,37.366,34.0,6,West,Corporate,Furniture,Furnishings,Standard Class,January,Friday,4.7086288943563215,0,1,5,0.8065522620904836,1
15.38,1,0.2,4.0383,26.256827048114427,5,South,Consumer,Furniture,Furnishings,Standard Class,October,Wednesday,2.7960610784249234,0,10,3,0.8065522620904836,1
30.35,2,0.2,10.6232,35.00230642504118,2,East,Consumer,Office Supplies,Paper,First Class,February,Sunday,3.4452142670789296,0,2,7,1.0,1
821.3,4,0.5,-16.426,-2.0,5,South,Home Office,Technology,Machines,Standard Class,March,Tuesday,6.71210529197685,1,3,2,0.5975609756097561,0
22638.48,6,0.5,-1811.0784,-8.0,5,South,Home Office,Technology,Machines,Standard Class,March,Tuesday,10.027450563855465,1,3,2,0.5975609756097561,0
21.38,4,0.2,7.4816,34.99345182413471,5,South,Home Office,Office Supplies,Paper,Standard Class,March,Tuesday,3.108167702883779,0,3,2,1.0,1
8.02,3,0.2,1.002,12.493765586034913,5,South,Home Office,Office Supplies,Art,Standard Class,March,Tuesday,2.199444334074532,0,3,2,1.0,1
30.77,2,0.2,8.0766,26.24829379265518,5,South,Home Office,Furniture,Furnishings,Standard Class,March,Tuesday,3.4585224482814247,0,3,2,0.8065522620904836,1
18.94,3,0.2,5.9175,31.24340021119324,5,South,Home Office,Office Supplies,Fasteners,Standard Class,March,Tuesday,2.9927277645336923,0,3,2,0.9019607843137255,1
122.35,3,0.2,15.294,12.500204331834903,5,South,Home Office,Furniture,Furnishings,Standard Class,March,Tuesday,4.815025842975365,0,3,2,0.8065522620904836,1
116.28,3,0.0,56.9772,49.00000000000001,6,East,Consumer,Office Supplies,Paper,Standard Class,May,Saturday,4.764564238138341,0,5,6,1.0,1
227.36,7,0.0,81.8496,35.99999999999999,7,West,Consumer,Furniture,Furnishings,Standard Class,January,Friday,5.430923331096058,0,1,5,0.8065522620904836,1
1919.98,3,0.2,215.9973,11.249976562255856,7,West,Consumer,Technology,Machines,Standard Class,January,Friday,7.560590751470215,0,1,5,0.5975609756097561,1
12.83,2,0.7,-8.9796,-69.98908807482462,4,South,Consumer,Office Supplies,Binders,Standard Class,December,Friday,2.626840145676667,1,12,5,0.6011730205278593,0
302.38,3,0.2,37.797,12.499834645148487,4,South,Consumer,Technology,Phones,Standard Class,April,Friday,5.714986145163526,0,4,5,0.8521008403361344,1
13.9,5,0.0,5.56,40.0,5,West,Home Office,Office Supplies,Art,Standard Class,December,Tuesday,2.7013612129514133,0,12,2,1.0,1
129.98,2,0.0,62.3904,48.00000000000001,4,East,Corporate,Technology,Phones,Standard Class,December,Thursday,4.875044639789907,0,12,4,0.8521008403361344,1
377.97,3,0.0,109.6113,28.999999999999996,6,East,Consumer,Technology,Phones,Standard Class,September,Sunday,5.937457046276627,0,9,7,0.8521008403361344,1
23.98,3,0.6,-14.3856,-59.98999165971644,2,Central,Consumer,Furniture,Furnishings,Second Class,December,Saturday,3.2180755046974316,1,12,6,0.8065522620904836,0
8.38,3,0.2,2.7222,32.48448687350835,4,South,Corporate,Office Supplies,Fasteners,Second Class,November,Tuesday,2.238579763018133,0,11,2,0.9019607843137255,1
58.24,5,0.2,5.096,8.75,4,South,Corporate,Office Supplies,Appliances,Second Class,November,Tuesday,4.081596989399598,0,11,2,0.867109634551495,1
81.2,5,0.0,12.18,15.0,5,South,Consumer,Office Supplies,Storage,Second Class,April,Thursday,4.409155302062135,0,4,4,0.7795698924731183,1
14.45,5,0.0,6.7915,47.0,4,West,Consumer,Office Supplies,Labels,Standard Class,October,Saturday,2.7376090033437546,0,10,6,1.0,1
95.65,2,0.2,31.0856,32.499320439100885,4,West,Consumer,Office Supplies,Binders,Standard Class,October,Saturday,4.57109620565434,0,10,6,0.6011730205278593,1
73.98,2,0.0,19.9746,26.999999999999996,4,East,Consumer,Technology,Phones,Standard Class,July,Wednesday,4.317221411307766,0,7,3,0.8521008403361344,1
5.58,1,0.0,2.1762,39.0,4,East,Consumer,Office Supplies,Art,Standard Class,July,Wednesday,1.884034745337226,0,7,3,1.0,1
49.12,4,0.0,23.0864,47.0,2,West,Consumer,Office Supplies,Paper,Second Class,February,Saturday,3.9144201300278674,0,2,6,1.0,1
377.97,3,0.0,94.4925,25.0,6,East,Consumer,Technology,Phones,Standard Class,November,Friday,5.937457046276627,0,11,5,0.8521008403361344,1
42.28,7,0.0,19.8716,47.0,6,East,Consumer,Office Supplies,Paper,Standard Class,November,Friday,3.767690634538226,0,11,5,1.0,1
299.97,3,0.0,56.9943,19.0,6,East,Consumer,Furniture,Bookcases,Standard Class,November,Friday,5.707010592007626,0,11,5,0.5263157894736842,1
89.98,2,0.0,43.1904,47.99999999999999,6,East,Consumer,Technology,Phones,Standard Class,November,Friday,4.510639702141858,0,11,5,0.8521008403361344,1
46.72,5,0.2,17.52,37.5,2,East,Consumer,Office Supplies,Envelopes,Second Class,February,Thursday,3.8653505972297153,0,2,4,1.0,1
35.34,2,0.0,13.4292,37.99999999999999,4,West,Consumer,Furniture,Furnishings,Standard Class,November,Tuesday,3.592919062968025,0,11,2,0.8065522620904836,1
257.64,6,0.0,100.4796,39.0,5,West,Corporate,Furniture,Furnishings,Second Class,June,Saturday,5.555437133417177,0,6,6,0.8065522620904836,1
125.98,3,0.2,47.241,37.49880933481505,5,West,Corporate,Technology,Phones,Second Class,June,Saturday,4.844029593742304,0,6,6,0.8521008403361344,1
700.06,3,0.3,-130.0104,-18.571322458075024,5,East,Consumer,Furniture,Tables,Standard Class,May,Monday,6.552593475383215,1,5,1,0.3627906976744186,0
27.17,4,0.2,-1.3584,-4.999631947000368,4,Central,Home Office,Technology,Accessories,Standard Class,November,Sunday,3.338257581888281,0,11,7,0.872,0
8.23,3,0.7,-6.0324,-73.29769137302551,4,South,Consumer,Office Supplies,Binders,Standard Class,December,Friday,2.222459048514761,1,12,5,0.6011730205278593,0
585.55,3,0.2,73.194,12.50004269490223,6,West,Consumer,Furniture,Chairs,Standard Class,June,Sunday,6.37425791595173,0,6,7,0.6042154566744731,1
423.28,11,0.0,110.0528,26.0,3,West,Consumer,Office Supplies,Storage,Second Class,August,Friday,6.05039361463727,0,8,5,0.7795698924731183,1
225.3,2,0.2,22.5296,9.99982245894363,4,West,Consumer,Furniture,Chairs,Standard Class,May,Monday,5.421861552639491,0,5,1,0.6042154566744731,1
5.56,2,0.0,2.224,40.00000000000001,4,West,Consumer,Office Supplies,Art,Standard Class,April,Friday,1.8809906029559975,0,4,5,1.0,1
323.37,3,0.0,129.348,40.0,4,West,Consumer,Technology,Accessories,Standard Class,April,Friday,5.781884839543164,0,4,5,0.872,1
783.96,5,0.2,68.5965,8.75,4,West,Consumer,Technology,Phones,Standard Class,April,Friday,6.665632761070125,0,4,5,0.8521008403361344,1
1447.65,5,0.0,419.8185,28.999999999999996,4,West,Consumer,Office Supplies,Appliances,Standard Class,April,Friday,7.278387367250055,0,4,5,0.867109634551495,1
11.96,2,0.0,5.8604,49.0,4,West,Consumer,Office Supplies,Paper,Standard Class,April,Friday,2.561867690924129,0,4,5,1.0,1
239.97,3,0.0,71.991,30.0,2,East,Consumer,Technology,Accessories,Second Class,June,Saturday,5.484672444414411,0,6,6,0.872,1
76.92,4,0.0,31.5372,41.0,4,South,Home Office,Furniture,Furnishings,Standard Class,March,Friday,4.3556826593342794,0,3,5,0.8065522620904836,1
481.32,4,0.0,125.1432,26.0,4,South,Home Office,Office Supplies,Storage,Standard Class,March,Friday,6.17860779418115,0,3,5,0.7795698924731183,1
48.4,5,0.0,23.232,48.0,3,West,Home Office,Office Supplies,Paper,First Class,May,Monday,3.899950424193877,0,5,1,1.0,1
32.19,2,0.8,-80.48,-250.0155327741535,5,Central,Consumer,Office Supplies,Appliances,Standard Class,April,Thursday,3.502248625731883,1,4,4,0.867109634551495,0
50.12,7,0.2,-0.6265,-1.25,5,Central,Consumer,Technology,Accessories,Standard Class,April,Thursday,3.9341758100692794,0,4,4,0.872,0
47.98,3,0.2,1.7991,3.7496873697373907,5,Central,Consumer,Technology,Accessories,Standard Class,April,Thursday,3.891412051524022,0,4,4,0.872,1
54.5,5,0.0,14.17,26.0,7,Central,Consumer,Office Supplies,Storage,Standard Class,September,Saturday,4.0163830207523885,0,9,6,0.7795698924731183,1
49.44,3,0.0,24.2256,49.00000000000001,4,Central,Consumer,Office Supplies,Binders,Standard Class,November,Tuesday,3.9207845110967185,0,11,2,0.6011730205278593,1
154.44,3,0.0,1.5444,1.0,4,West,Consumer,Office Supplies,Storage,Standard Class,October,Friday,5.046259805069185,0,10,5,0.7795698924731183,1
60.98,7,0.2,4.5738,7.5004919645785515,4,West,Corporate,Office Supplies,Appliances,Standard Class,December,Monday,4.126811752359602,0,12,1,0.867109634551495,1
195.47,2,0.15,-13.7976,-7.058679081188929,2,West,Consumer,Furniture,Bookcases,Second Class,July,Friday,5.280509747898072,0,7,5,0.5263157894736842,0
257.98,2,0.0,74.8142,28.999999999999996,5,Central,Consumer,Technology,Phones,Standard Class,November,Friday,5.556750838640694,0,11,5,0.8521008403361344,1
23.99,2,0.4,-15.992,-66.66110879533139,5,East,Corporate,Technology,Phones,Standard Class,November,Saturday,3.218475744846861,1,11,6,0.8521008403361344,0
23.98,4,0.4,-15.5844,-64.98915763135946,6,East,Corporate,Technology,Phones,Standard Class,October,Sunday,3.2180755046974316,1,10,7,0.8521008403361344,0
601.54,4,0.2,0.0,0.0,2,West,Home Office,Furniture,Chairs,First Class,September,Monday,6.401154053202583,0,9,1,0.6042154566744731,0
7.9,2,0.0,2.528,32.0,2,West,Home Office,Office Supplies,Fasteners,First Class,September,Monday,2.186051276738094,0,9,1,0.9019607843137255,1
58.36,5,0.6,-24.803,-42.50000000000001,4,Central,Corporate,Furniture,Furnishings,Standard Class,December,Tuesday,4.083620598859125,1,12,2,0.8065522620904836,0
16.46,7,0.2,1.4406,8.752126366950183,4,Central,Corporate,Office Supplies,Art,Standard Class,December,Tuesday,2.859912550411456,0,12,2,1.0,1
39.96,5,0.6,-23.976,-60.0,4,Central,Corporate,Furniture,Furnishings,Standard Class,December,Tuesday,3.7125959807312525,1,12,2,0.8065522620904836,0
25.96,2,0.0,7.5284,28.999999999999996,1,Central,Corporate,Office Supplies,Appliances,First Class,September,Sunday,3.2943542860441064,0,9,7,0.867109634551495,1
36.27,3,0.0,10.881,30.0,1,Central,Corporate,Office Supplies,Appliances,First Class,September,Sunday,3.618188713491167,0,9,7,0.867109634551495,1
6.48,1,0.0,3.1104,47.99999999999999,1,Central,Corporate,Office Supplies,Paper,First Class,September,Sunday,2.012232791986386,0,9,7,1.0,1
1075.09,14,0.2,94.0702,8.749983722293019,5,West,Corporate,Technology,Phones,Standard Class,April,Saturday,6.981089380346515,0,4,6,0.8521008403361344,1
438.37,4,0.2,38.3572,8.749960079384994,5,West,Corporate,Technology,Phones,Standard Class,April,Saturday,6.085341882699326,0,4,6,0.8521008403361344,1
18.09,7,0.2,6.5569,36.24599226091763,5,West,Corporate,Office Supplies,Binders,Standard Class,April,Saturday,2.949164637737656,0,4,6,0.6011730205278593,1
308.5,3,0.15,-18.147,-5.882333873581847,5,West,Corporate,Furniture,Bookcases,Standard Class,April,Saturday,5.734958092124651,0,4,6,0.5263157894736842,0
783.96,5,0.2,78.396,10.0,3,South,Corporate,Technology,Phones,First Class,October,Tuesday,6.665632761070125,0,10,2,0.8521008403361344,1
7.88,1,0.2,1.773,22.499999999999996,3,West,Consumer,Office Supplies,Art,First Class,November,Sunday,2.1838015570040787,0,11,7,1.0,1
12.84,3,0.0,5.778,44.99999999999999,4,West,Consumer,Office Supplies,Paper,Standard Class,May,Tuesday,2.6275629501895237,0,5,2,1.0,1
25.68,6,0.0,11.556,44.99999999999999,4,West,Consumer,Office Supplies,Paper,Standard Class,May,Tuesday,3.283914221047423,0,5,2,1.0,1
47.52,2,0.3,-2.0364,-4.2853535353535355,4,Central,Consumer,Furniture,Chairs,Standard Class,September,Monday,3.8819760840758493,1,9,1,0.6042154566744731,0
9.42,2,0.0,0.471,5.0,2,West,Consumer,Office Supplies,Fasteners,Second Class,July,Saturday,2.343727036325221,0,7,6,0.9019607843137255,1
12.96,2,0.0,6.2208,47.99999999999999,2,West,Consumer,Office Supplies,Paper,Second Class,July,Saturday,2.6361960973342264,0,7,6,1.0,1
704.9,5,0.0,56.392,8.0,2,West,Consumer,Furniture,Bookcases,Second Class,July,Saturday,6.5594735844014265,0,7,6,0.5263157894736842,1
561.57,2,0.2,28.0784,4.999982192780952,2,West,Consumer,Furniture,Chairs,Second Class,July,Saturday,6.332515570780452,0,7,6,0.6042154566744731,1
179.82,9,0.0,84.5154,47.0,2,Central,Home Office,Office Supplies,Paper,Second Class,November,Monday,5.19750206130922,0,11,1,1.0,1
185.58,6,0.0,76.0878,41.0,2,Central,Home Office,Furniture,Furnishings,Second Class,November,Monday,5.228860101532815,0,11,1,0.8065522620904836,1
214.11,3,0.0,36.3987,17.0,2,Central,Home Office,Furniture,Tables,Second Class,November,Monday,5.371149525197707,0,11,1,0.3627906976744186,1
999.96,4,0.0,229.9908,23.0,2,Central,Home Office,Technology,Accessories,Second Class,November,Monday,6.908714818476837,0,11,1,0.872,1
653.55,3,0.0,111.1035,17.0,2,Central,Home Office,Furniture,Tables,Second Class,November,Monday,6.483947976626108,0,11,1,0.3627906976744186,1
114.6,5,0.0,51.57,45.0,7,East,Home Office,Office Supplies,Binders,Standard Class,September,Tuesday,4.750135956238277,0,9,2,0.6011730205278593,1
60.74,1,0.0,15.185,25.0,7,East,Home Office,Furniture,Chairs,Standard Class,September,Tuesday,4.122932019074013,0,9,2,0.6042154566744731,1
124.36,2,0.0,27.3592,22.0,7,East,Home Office,Furniture,Furnishings,Standard Class,September,Tuesday,4.831189598047765,0,9,2,0.8065522620904836,1
1088.76,6,0.0,315.7404,29.000000000000004,7,East,Home Office,Office Supplies,Storage,Standard Class,September,Tuesday,6.993712767493008,0,9,2,0.7795698924731183,1
6.72,5,0.2,2.352,35.0,3,West,Consumer,Office Supplies,Binders,First Class,May,Thursday,2.0438143640366846,0,5,4,0.6011730205278593,1
298.78,3,0.2,7.4694,2.499966530557601,3,West,Consumer,Furniture,Tables,First Class,May,Thursday,5.70304887230245,0,5,4,0.3627906976744186,1
302.38,3,0.2,22.6782,7.499900787089094,5,West,Consumer,Technology,Phones,Standard Class,December,Saturday,5.714986145163526,0,12,6,0.8521008403361344,1
33.79,8,0.2,10.56,31.25184965966262,5,Central,Home Office,Office Supplies,Paper,Standard Class,September,Thursday,3.5493299891638506,0,9,4,1.0,1
300.53,2,0.32,-97.2312,-32.35324260473165,5,Central,Home Office,Furniture,Bookcases,Standard Class,September,Thursday,5.708869513704758,1,9,4,0.5263157894736842,0
2.72,2,0.8,-4.3584,-160.23529411764704,5,Central,Home Office,Office Supplies,Binders,Standard Class,September,Thursday,1.3137236682850553,1,9,4,0.6011730205278593,0
3.26,2,0.2,1.1016,33.79141104294479,5,Central,Home Office,Office Supplies,Envelopes,Standard Class,September,Thursday,1.449269160281279,0,9,4,1.0,1
108.34,6,0.2,37.9176,34.99870777182942,3,East,Consumer,Office Supplies,Paper,First Class,April,Saturday,4.694462293466853,0,4,6,1.0,1
55.92,5,0.2,6.291,11.25,3,East,Consumer,Office Supplies,Storage,First Class,April,Saturday,4.041646773221651,0,4,6,0.7795698924731183,1
78.3,2,0.2,29.364,37.50191570881226,3,East,Consumer,Office Supplies,Paper,First Class,April,Saturday,4.373238128640803,0,4,6,1.0,1
443.92,5,0.2,-94.333,-21.25,4,West,Consumer,Office Supplies,Storage,Standard Class,November,Saturday,6.097894490723829,0,11,6,0.7795698924731183,0
155.98,3,0.2,54.5916,34.99910244903192,4,West,Consumer,Technology,Phones,Standard Class,November,Saturday,5.0561184086986675,0,11,6,0.8521008403361344,1
695.7,2,0.5,-27.828,-3.9999999999999996,3,South,Consumer,Technology,Machines,First Class,June,Thursday,6.546354902036073,1,6,4,0.5975609756097561,0
120.33,1,0.0,31.2858,26.0,5,East,Corporate,Office Supplies,Storage,Second Class,September,Thursday,4.798514106063782,0,9,4,0.7795698924731183,1
1139.92,4,0.0,284.98,25.0,5,South,Home Office,Furniture,Chairs,Standard Class,March,Friday,7.039590233468834,0,3,5,0.6042154566744731,1
845.49,8,0.3,-12.0784,-1.4285680492968573,4,Central,Corporate,Furniture,Chairs,Standard Class,December,Tuesday,6.741098388154327,1,12,2,0.6042154566744731,0
7.43,6,0.7,-5.6994,-76.70794078061911,5,South,Corporate,Office Supplies,Binders,Standard Class,November,Monday,2.131796772013764,1,11,1,0.6011730205278593,0
64.78,1,0.2,-12.9568,-20.00123494905835,3,East,Corporate,Office Supplies,Storage,First Class,June,Thursday,4.186315840760911,0,6,4,0.7795698924731183,0
14.98,1,0.0,6.8908,46.0,2,East,Consumer,Furniture,Furnishings,Second Class,March,Saturday,2.7713379403381286,0,3,6,0.8065522620904836,1
20.32,4,0.0,6.9088,34.0,2,East,Consumer,Furniture,Furnishings,Second Class,March,Saturday,3.0596455992976437,0,3,6,0.8065522620904836,1
1603.14,4,0.2,100.196,6.2499844056040015,3,West,Corporate,Furniture,Chairs,First Class,August,Friday,7.380343066413137,0,8,5,0.6042154566744731,1
225.3,2,0.2,22.5296,9.99982245894363,2,South,Consumer,Furniture,Chairs,Second Class,August,Monday,5.421861552639491,0,8,1,0.6042154566744731,1
14.72,5,0.2,-3.312,-22.499999999999996,2,East,Consumer,Office Supplies,Supplies,Second Class,November,Thursday,2.7549337870010606,0,11,4,0.816793893129771,0
38.98,3,0.2,-2.436,-6.2493586454592105,2,East,Consumer,Office Supplies,Storage,Second Class,November,Thursday,3.6883793290722537,0,11,4,0.7795698924731183,0
74.35,3,0.2,23.235,31.250840618695364,4,West,Corporate,Office Supplies,Paper,Standard Class,March,Saturday,4.3221439250725044,0,3,6,1.0,1
314.35,3,0.2,-35.3646,-11.25007157626849,4,West,Corporate,Furniture,Chairs,Standard Class,March,Saturday,5.753683133109661,0,3,6,0.6042154566744731,0
153.57,2,0.2,-5.7588,-3.7499511623363935,2,West,Consumer,Furniture,Chairs,Second Class,January,Thursday,5.040647068164227,0,1,4,0.6042154566744731,0
1013.49,7,0.2,76.0116,7.499985199656632,2,West,Consumer,Furniture,Chairs,Second Class,January,Thursday,6.922141302144839,0,1,4,0.6042154566744731,1
52.34,2,0.0,24.5998,46.99999999999999,4,East,Home Office,Office Supplies,Envelopes,Standard Class,January,Friday,3.9766865187538682,0,1,5,1.0,1
4.66,2,0.0,1.3514,28.999999999999996,4,East,Home Office,Office Supplies,Art,Standard Class,January,Friday,1.7334238922150915,0,1,5,1.0,1
254.97,3,0.0,91.7892,36.0,4,East,Home Office,Technology,Accessories,Standard Class,January,Friday,5.545060250112571,0,1,5,0.872,1
25.44,6,0.0,12.72,50.0,4,East,Home Office,Office Supplies,Binders,Second Class,September,Monday,3.2748780149834857,0,9,1,0.6011730205278593,1
27.93,3,0.0,8.0997,29.000000000000004,4,East,Home Office,Office Supplies,Supplies,Second Class,September,Monday,3.3648791189880436,0,9,1,0.816793893129771,1
8.85,5,0.8,-13.7175,-155.0,4,Central,Consumer,Office Supplies,Binders,Standard Class,February,Friday,2.2874714551839976,1,2,5,0.6011730205278593,0
6.96,4,0.0,2.2272,32.0,5,West,Consumer,Furniture,Furnishings,Second Class,November,Friday,2.0744289998562917,0,11,5,0.8065522620904836,1
17.46,2,0.2,5.8914,33.74226804123711,4,West,Consumer,Office Supplies,Binders,Standard Class,January,Saturday,2.9156062290747062,0,1,6,0.6011730205278593,1
307.92,5,0.2,-34.641,-11.249999999999998,4,West,Consumer,Furniture,Chairs,Standard Class,October,Tuesday,5.733082343701063,0,10,2,0.6042154566744731,0
51.96,2,0.0,12.99,25.0,2,South,Consumer,Furniture,Chairs,Second Class,April,Tuesday,3.9695369116287527,0,4,2,0.6042154566744731,1
17.94,3,0.0,8.6112,48.0,2,South,Consumer,Office Supplies,Binders,Second Class,April,Tuesday,2.9412760877579323,0,4,2,0.6011730205278593,1
49.65,5,0.0,20.853,42.00000000000001,4,East,Consumer,Office Supplies,Art,Standard Class,March,Sunday,3.9249392306946924,0,3,7,1.0,1
959.97,4,0.2,119.996,12.499973957519504,5,South,Corporate,Technology,Copiers,Standard Class,January,Monday,6.867943191001227,0,1,1,1.0,1
408.42,2,0.3,-5.8346,-1.4285784241711963,4,Central,Consumer,Furniture,Chairs,Standard Class,April,Sunday,6.014741524012475,1,4,7,0.6042154566744731,0
479.98,2,0.2,59.998,12.500104171007123,5,East,Consumer,Technology,Copiers,Standard Class,September,Saturday,6.175825689199708,0,9,6,1.0,1
12.6,4,0.0,6.048,48.00000000000001,5,East,Consumer,Office Supplies,Labels,Standard Class,September,Saturday,2.6100697927420065,0,9,6,1.0,1
23.12,5,0.2,8.381,36.25,5,Central,Consumer,Office Supplies,Paper,Standard Class,June,Sunday,3.1830413718589847,0,6,7,1.0,1
37.46,7,0.2,12.1758,32.503470368392954,4,Central,Corporate,Office Supplies,Paper,Standard Class,June,Monday,3.6496187401606335,0,6,1,1.0,1
539.66,3,0.3,-7.7094,-1.428566134232665,4,Central,Corporate,Furniture,Chairs,Standard Class,June,Monday,6.292790615475001,1,6,1,0.6042154566744731,0
310.12,2,0.0,80.6312,26.0,4,West,Home Office,Office Supplies,Storage,Standard Class,September,Friday,5.740178689847492,0,9,5,0.7795698924731183,1
387.14,4,0.2,24.196,6.249935423877668,4,South,Consumer,Office Supplies,Appliances,Standard Class,November,Thursday,5.961366099283949,0,11,4,0.867109634551495,1
41.4,5,0.0,19.458,47.0,5,East,Consumer,Office Supplies,Envelopes,Standard Class,June,Monday,3.7471483622379123,0,6,1,1.0,1
35.0,4,0.0,10.5,30.0,5,East,Consumer,Office Supplies,Art,Standard Class,June,Monday,3.58351893845611,0,6,1,1.0,1
39.55,3,0.2,14.3376,36.251833122629584,5,East,Consumer,Office Supplies,Binders,Standard Class,June,Monday,3.702535780561422,0,6,1,0.6011730205278593,1
135.72,3,0.0,35.2872,26.0,5,Central,Consumer,Technology,Phones,Second Class,October,Monday,4.917935038807335,0,10,1,0.8521008403361344,1
12.56,2,0.0,5.652,45.0,5,Central,Consumer,Office Supplies,Binders,Second Class,October,Monday,2.6071242825122494,0,10,1,0.6011730205278593,1
263.96,4,0.0,71.2692,27.0,5,Central,Consumer,Technology,Phones,Second Class,October,Monday,5.579578871196895,0,10,1,0.8521008403361344,1
15.8,5,0.2,2.37,15.0,0,East,Corporate,Office Supplies,Fasteners,Same Day,November,Wednesday,2.8213788864092133,0,11,3,0.9019607843137255,1
14.37,2,0.2,3.9512,27.496172581767574,0,East,Corporate,Furniture,Furnishings,Same Day,November,Wednesday,2.7324175575505043,0,11,3,0.8065522620904836,1
70.45,7,0.2,12.3284,17.499503193754435,0,East,Corporate,Furniture,Furnishings,Same Day,November,Wednesday,4.268997904375876,0,11,3,0.8065522620904836,1
3.88,3,0.8,-5.823,-150.0773195876289,3,Central,Home Office,Office Supplies,Binders,Second Class,November,Monday,1.5851452198650557,1,11,1,0.6011730205278593,0
6.08,1,0.0,3.04,50.0,6,Central,Corporate,Office Supplies,Fasteners,Standard Class,June,Saturday,1.9572739077056285,0,6,6,0.9019607843137255,1
19.9,1,0.0,8.955,45.0,3,East,Consumer,Office Supplies,Appliances,First Class,September,Tuesday,3.039749158970765,0,9,2,0.867109634551495,1
70.71,1,0.0,4.9497,7.000000000000001,3,East,Consumer,Furniture,Furnishings,First Class,September,Tuesday,4.272630207894483,0,9,2,0.8065522620904836,1
6.61,2,0.2,2.2302,33.73978819969742,0,West,Consumer,Office Supplies,Binders,Same Day,August,Saturday,2.0294631718735947,0,8,6,0.6011730205278593,1
7.28,2,0.2,2.73,37.5,0,West,Consumer,Office Supplies,Binders,Same Day,August,Saturday,2.1138429683971687,0,8,6,0.6011730205278593,1
144.78,1,0.2,10.8588,7.500207210940737,0,West,Consumer,Furniture,Chairs,Same Day,August,Saturday,4.982098635954067,0,8,6,0.6042154566744731,1
156.79,1,0.2,13.7193,8.750111614261115,6,West,Consumer,Technology,Phones,Standard Class,December,Tuesday,5.061265035047578,0,12,2,0.8521008403361344,1
431.98,3,0.2,26.9985,6.249942126950322,6,West,Consumer,Technology,Phones,Standard Class,December,Tuesday,6.070691537559284,0,12,2,0.8521008403361344,1
35.89,1,0.0,16.1505,45.0,6,West,Consumer,Office Supplies,Envelopes,Standard Class,December,Tuesday,3.607940511608584,0,12,2,1.0,1
47.21,7,0.2,15.3426,32.49862317305655,6,West,Consumer,Office Supplies,Binders,Standard Class,December,Tuesday,3.875566468417531,0,12,2,0.6011730205278593,1
248.08,7,0.0,116.5976,47.0,6,West,Consumer,Office Supplies,Paper,Standard Class,December,Tuesday,5.517774130004251,0,12,2,1.0,1
189.7,5,0.0,89.159,47.00000000000001,6,West,Consumer,Office Supplies,Paper,Standard Class,December,Tuesday,5.250701512606374,0,12,2,1.0,1
59.81,3,0.2,19.4376,32.49891322521317,6,West,Consumer,Office Supplies,Binders,Standard Class,December,Tuesday,4.107754249132018,0,12,2,0.6011730205278593,1
38.29,7,0.0,16.4647,43.00000000000001,1,West,Consumer,Furniture,Furnishings,First Class,November,Friday,3.6709700335703683,0,11,5,0.8065522620904836,1
39.99,1,0.0,11.5971,28.999999999999996,6,East,Corporate,Technology,Phones,Standard Class,August,Thursday,3.7133281345162463,0,8,4,0.8521008403361344,1
19.94,4,0.2,7.2268,36.242728184553656,5,West,Consumer,Office Supplies,Binders,Standard Class,December,Thursday,3.041661205442391,0,12,4,0.6011730205278593,1
45.92,4,0.0,21.5824,47.0,5,West,Consumer,Office Supplies,Fasteners,Standard Class,December,Thursday,3.848444023785275,0,12,4,0.9019607843137255,1
32.95,6,0.6,-19.7712,-60.00364188163885,4,Central,Consumer,Furniture,Furnishings,Standard Class,December,Saturday,3.5248888540047054,1,12,6,0.8065522620904836,0
30.02,4,0.2,3.0016,9.998667554963356,4,Central,Consumer,Office Supplies,Storage,Standard Class,December,Saturday,3.4346321577483927,0,12,6,0.7795698924731183,1
244.01,2,0.3,-31.3722,-12.85693209294701,5,Central,Consumer,Furniture,Tables,Standard Class,May,Thursday,5.501299026038294,1,5,4,0.3627906976744186,0
15.94,4,0.2,5.3784,33.74153074027604,5,Central,Consumer,Office Supplies,Paper,Standard Class,May,Thursday,2.8296776892239084,0,5,4,1.0,1
545.94,6,0.0,87.3504,15.999999999999998,3,South,Consumer,Furniture,Chairs,Second Class,January,Monday,6.304339107191786,0,1,1,0.6042154566744731,1
20.74,4,0.2,7.2576,34.993249758919966,5,East,Consumer,Office Supplies,Paper,Standard Class,June,Friday,3.0791538816930633,0,6,5,1.0,1
43.3,2,0.2,4.3296,9.999076212471133,5,East,Consumer,Furniture,Furnishings,Standard Class,June,Friday,3.7909846770510898,0,6,5,0.8065522620904836,1
123.14,4,0.2,13.8528,11.249634562286829,6,West,Consumer,Furniture,Chairs,Standard Class,July,Saturday,4.821409960985506,0,7,6,0.6042154566744731,1
11.26,4,0.2,3.8016,33.761989342806395,6,West,Consumer,Office Supplies,Binders,Standard Class,July,Saturday,2.506341930508065,0,7,6,0.6011730205278593,1
53.42,3,0.2,4.6746,8.750655185323849,5,West,Consumer,Office Supplies,Storage,Second Class,December,Saturday,3.9967317333551002,0,12,6,0.7795698924731183,1
275.49,1,0.5,-170.8038,-62.0,5,West,Consumer,Furniture,Tables,Second Class,December,Saturday,5.62217465394309,1,12,6,0.3627906976744186,0
24.96,4,0.0,6.24,25.0,5,South,Home Office,Furniture,Furnishings,Standard Class,May,Wednesday,3.2565568918358894,0,5,3,0.8065522620904836,1
19.36,2,0.0,9.2928,48.0,5,South,Home Office,Office Supplies,Paper,Standard Class,May,Wednesday,3.013572191682322,0,5,3,1.0,1
1267.65,9,0.0,152.118,11.999999999999998,5,South,Home Office,Office Supplies,Storage,Standard Class,May,Wednesday,7.145708621949827,0,5,3,0.7795698924731183,1
12.99,1,0.0,0.7794,6.0,5,West,Corporate,Technology,Accessories,Second Class,February,Sunday,2.63834278867739,0,2,7,0.872,1
18.56,4,0.2,6.496,35.0,5,West,Corporate,Office Supplies,Binders,Second Class,February,Sunday,2.9734866646066713,0,2,7,0.6011730205278593,1
449.15,5,0.0,8.983,2.0000000000000004,5,West,Corporate,Office Supplies,Storage,Second Class,February,Sunday,6.109580860554486,0,2,7,0.7795698924731183,1
31.25,7,0.2,10.9368,34.99776,5,West,Corporate,Office Supplies,Binders,Second Class,February,Sunday,3.4735180432417816,0,2,7,0.6011730205278593,1
61.44,3,0.0,16.5888,27.0,4,East,Corporate,Office Supplies,Appliances,Standard Class,October,Sunday,4.134206095647231,0,10,7,0.867109634551495,1
55.36,4,0.2,18.684,33.75,4,West,Consumer,Office Supplies,Binders,Second Class,September,Friday,4.03175968703048,0,9,5,0.6011730205278593,1
55.92,5,0.2,6.291,11.25,7,West,Consumer,Office Supplies,Storage,Standard Class,July,Monday,4.041646773221651,0,7,1,0.7795698924731183,1
24.9,4,0.2,8.4024,33.744578313253015,4,East,Consumer,Office Supplies,Envelopes,Standard Class,June,Saturday,3.254242968705492,0,6,6,1.0,1
3.98,1,0.2,0.6474,16.26633165829146,4,East,Consumer,Furniture,Furnishings,Standard Class,June,Saturday,1.6054298910365616,0,6,6,0.8065522620904836,1
95.97,4,0.2,28.7904,29.99937480462645,4,East,Consumer,Technology,Accessories,Standard Class,June,Saturday,4.574401652316455,0,6,6,0.872,1
206.99,3,0.7,-172.4925,-83.33373592927195,4,East,Consumer,Technology,Machines,Standard Class,June,Saturday,5.337490001622509,1,6,6,0.5975609756097561,0
44.42,2,0.2,3.8864,8.74921206663665,4,East,Consumer,Office Supplies,Appliances,Standard Class,June,Saturday,3.8159525366774125,0,6,6,0.867109634551495,1
9.01,2,0.7,-7.2048,-79.96448390677025,4,East,Consumer,Office Supplies,Binders,Standard Class,June,Saturday,2.303584593327129,1,6,6,0.6011730205278593,0
19.0,5,0.0,8.93,47.0,5,Central,Home Office,Office Supplies,Binders,Standard Class,July,Sunday,2.995732273553991,0,7,7,0.6011730205278593,1
207.48,1,0.0,62.244,30.0,2,East,Home Office,Office Supplies,Appliances,First Class,September,Thursday,5.339843113376535,0,9,4,0.867109634551495,1
91.68,3,0.0,45.84,50.0,4,Central,Home Office,Office Supplies,Binders,Standard Class,May,Saturday,4.529152699564175,0,5,6,0.6011730205278593,1
34.27,3,0.2,11.1384,32.50189670265538,5,West,Consumer,Office Supplies,Binders,Standard Class,October,Friday,3.563032744247961,0,10,5,0.6011730205278593,1
191.82,3,0.0,74.8098,39.0,1,South,Consumer,Furniture,Furnishings,First Class,December,Monday,5.261757111236235,0,12,1,0.8065522620904836,1
243.88,5,0.2,27.4365,11.25,4,East,Corporate,Office Supplies,Appliances,Standard Class,July,Monday,5.500768294637157,0,7,1,0.867109634551495,1
344.22,2,0.4,-103.266,-30.0,4,East,Home Office,Furniture,Tables,Standard Class,September,Thursday,5.844181894958544,1,9,4,0.3627906976744186,0
727.3,8,0.2,-172.7328,-23.749869379898257,7,Central,Home Office,Office Supplies,Storage,Standard Class,August,Tuesday,6.59071305122387,0,8,2,0.7795698924731183,0
22.61,3,0.6,-10.1736,-44.996019460415745,7,Central,Home Office,Furniture,Furnishings,Standard Class,August,Tuesday,3.1616703510974213,1,8,2,0.8065522620904836,0
666.4,7,0.2,-33.32,-5.0,7,Central,Home Office,Technology,Accessories,Standard Class,August,Tuesday,6.503389566317273,0,8,2,0.872,0
5.04,3,0.0,0.2016,4.0,6,West,Consumer,Office Supplies,Fasteners,Standard Class,November,Sunday,1.7984040119467235,0,11,7,0.9019607843137255,1
92.94,3,0.0,41.823,45.0,6,West,Consumer,Office Supplies,Paper,Standard Class,November,Sunday,4.542656280598849,0,11,7,1.0,1
66.69,3,0.0,22.0077,33.0,6,West,Consumer,Furniture,Furnishings,Standard Class,November,Sunday,4.214938458520516,0,11,7,0.8065522620904836,1
91.68,5,0.2,28.65,31.249999999999993,6,West,Consumer,Office Supplies,Binders,Standard Class,November,Sunday,4.529152699564175,0,11,7,0.6011730205278593,1
52.27,11,0.2,17.6418,33.75129137172374,5,East,Consumer,Office Supplies,Binders,Standard Class,November,Sunday,3.9753733209289077,0,11,7,0.6011730205278593,1
17.94,3,0.0,8.073,45.0,5,East,Consumer,Office Supplies,Paper,Standard Class,November,Sunday,2.9412760877579323,0,11,7,1.0,1
8.29,2,0.2,2.6936,32.49215922798553,0,West,Corporate,Office Supplies,Binders,Same Day,August,Sunday,2.2289385528257473,0,8,7,0.6011730205278593,1
403.17,4,0.2,25.198,6.249968995709006,4,West,Corporate,Technology,Phones,Standard Class,March,Thursday,6.001835581532199,0,3,4,0.8521008403361344,1
194.32,4,0.0,31.0912,16.0,6,Central,Corporate,Furniture,Bookcases,Standard Class,September,Monday,5.274639239193459,0,9,1,0.5263157894736842,1
25.99,1,0.0,7.5371,28.999999999999996,6,Central,Corporate,Office Supplies,Art,Standard Class,September,Monday,3.2954664270299134,0,9,1,1.0,1
195.14,4,0.2,-12.196,-6.249871886850467,5,West,Consumer,Furniture,Chairs,Standard Class,November,Monday,5.2788286899641745,0,11,1,0.6042154566744731,0
53.7,6,0.0,10.203,18.999999999999996,5,South,Consumer,Technology,Accessories,Standard Class,June,Thursday,4.001863709427935,0,6,4,0.872,1
36.26,7,0.0,16.6796,46.0,5,South,Consumer,Office Supplies,Binders,Standard Class,June,Thursday,3.6179203651734424,0,6,4,0.6011730205278593,1
56.3,2,0.0,15.764,28.000000000000004,5,South,Consumer,Office Supplies,Art,Standard Class,June,Thursday,4.048300623720694,0,6,4,1.0,1
32.4,5,0.0,15.552,48.0,5,South,Consumer,Office Supplies,Paper,Standard Class,June,Thursday,3.5085558999826545,0,6,4,1.0,1
29.16,2,0.0,10.7892,37.0,5,South,Consumer,Furniture,Furnishings,Standard Class,June,Thursday,3.4065165431397553,0,6,4,0.8065522620904836,1
16.72,5,0.2,3.344,20.0,4,South,Consumer,Furniture,Furnishings,Standard Class,May,Thursday,2.8746939451769347,0,5,4,0.8065522620904836,1
1022.97,5,0.4,-255.7425,-25.0,2,East,Consumer,Technology,Phones,Second Class,April,Thursday,6.931442508295292,1,4,4,0.8521008403361344,0
43.18,7,0.2,13.4925,31.247105141269106,4,West,Consumer,Office Supplies,Binders,Standard Class,September,Tuesday,3.788272197991971,0,9,2,0.6011730205278593,1
517.9,2,0.0,134.654,26.0,5,Central,Home Office,Technology,Phones,Second Class,April,Saturday,6.251711186373694,0,4,6,0.8521008403361344,1
5.28,2,0.0,2.4288,46.0,5,Central,Home Office,Office Supplies,Binders,Second Class,April,Saturday,1.8373699804801074,0,4,6,0.6011730205278593,1
2799.96,5,0.2,874.9875,31.25,4,Central,Corporate,Technology,Copiers,Standard Class,August,Friday,7.937717494544073,0,8,5,1.0,1
119.98,3,0.2,22.4955,18.74937489581597,5,East,Corporate,Technology,Accessories,Standard Class,November,Monday,4.795625242678768,0,11,1,0.872,1
83.97,3,0.0,23.5116,28.000000000000004,2,East,Corporate,Technology,Phones,First Class,November,Friday,4.44229825301545,0,11,5,0.8521008403361344,1
104.97,3,0.0,7.3479,7.000000000000001,2,East,Corporate,Technology,Accessories,First Class,November,Friday,4.663156035186745,0,11,5,0.872,1
2934.33,7,0.0,792.2691,27.0,5,East,Corporate,Office Supplies,Storage,Standard Class,November,Monday,7.984575162057574,0,11,1,0.7795698924731183,1
124.41,3,0.0,14.9292,12.0,5,East,Corporate,Furniture,Furnishings,Standard Class,November,Monday,4.831588369835958,0,11,1,0.8065522620904836,1
57.75,5,0.0,26.565,46.0,5,East,Corporate,Office Supplies,Art,Standard Class,November,Monday,4.073291153024268,0,11,1,1.0,1
114.46,2,0.0,28.615,25.0,2,West,Consumer,Office Supplies,Storage,First Class,January,Sunday,4.748924149632788,0,1,7,0.7795698924731183,1
120.67,2,0.15,18.4548,15.293610673738293,5,West,Consumer,Furniture,Bookcases,Standard Class,October,Saturday,4.801312461799358,0,10,6,0.5263157894736842,1
342.86,3,0.2,38.5722,11.250131248906259,4,Central,Home Office,Office Supplies,Storage,Standard Class,July,Sunday,5.840234597791701,0,7,7,0.7795698924731183,1
16.74,5,0.6,-14.229,-85.0,4,Central,Home Office,Furniture,Furnishings,Standard Class,July,Sunday,2.8758219768814333,1,7,7,0.8065522620904836,0
981.37,2,0.3,-140.196,-14.285743399533304,4,Central,Home Office,Furniture,Chairs,Standard Class,July,Sunday,6.889968019467317,1,7,7,0.6042154566744731,0
31.84,8,0.0,10.5072,32.99999999999999,4,West,Home Office,Office Supplies,Art,Standard Class,May,Wednesday,3.4916472845842277,0,5,3,1.0,1
3.93,1,0.2,1.3257,33.73282442748092,6,East,Consumer,Office Supplies,Binders,Standard Class,January,Tuesday,1.5953389880545987,0,1,2,0.6011730205278593,1
447.86,7,0.0,219.4514,49.0,5,East,Consumer,Office Supplies,Binders,Standard Class,March,Thursday,6.106711035112369,0,3,4,0.6011730205278593,1
479.95,5,0.0,129.5865,27.0,5,East,Consumer,Technology,Phones,Standard Class,March,Thursday,6.175763314598624,0,3,4,0.8521008403361344,1
166.44,3,0.0,79.8912,48.0,5,East,Consumer,Office Supplies,Paper,Standard Class,March,Thursday,5.120625078137745,0,3,4,1.0,1
31.68,4,0.2,2.772,8.75,0,Central,Consumer,Office Supplies,Supplies,Same Day,August,Sunday,3.486763269991802,0,8,7,0.816793893129771,1
10.37,2,0.2,3.6288,34.993249758919966,0,Central,Consumer,Office Supplies,Paper,Same Day,August,Sunday,2.4309783077624445,0,8,7,1.0,1
12.03,8,0.2,2.256,18.75311720698254,0,Central,Consumer,Office Supplies,Fasteners,Same Day,August,Sunday,2.567254391136754,0,8,7,0.9019607843137255,1
5.77,2,0.8,-13.5548,-234.91854419410748,0,Central,Consumer,Office Supplies,Appliances,Same Day,August,Sunday,1.9125010869241836,1,8,7,0.867109634551495,0
12.96,7,0.7,-9.5018,-73.31635802469135,4,East,Home Office,Office Supplies,Binders,Standard Class,December,Thursday,2.6361960973342264,1,12,4,0.6011730205278593,0
15.71,4,0.2,5.6956,36.254614894971354,4,Central,Corporate,Office Supplies,Labels,Standard Class,July,Monday,2.8160073426073025,0,7,1,1.0,1
21.93,3,0.0,10.0878,46.0,5,Central,Consumer,Office Supplies,Paper,Standard Class,July,Sunday,3.132446096869813,0,7,7,1.0,1
242.94,3,0.0,4.8588,1.9999999999999998,5,Central,Consumer,Office Supplies,Storage,Standard Class,July,Sunday,5.496922293415092,0,7,7,0.7795698924731183,1
7.64,1,0.0,3.7436,49.0,5,Central,Consumer,Office Supplies,Paper,Standard Class,July,Sunday,2.1564025828159643,0,7,7,1.0,1
51.84,8,0.0,25.4016,48.99999999999999,5,Central,Consumer,Office Supplies,Paper,Standard Class,July,Sunday,3.9672684796541247,0,7,7,1.0,1
265.17,1,0.0,47.7306,18.0,5,Central,Consumer,Office Supplies,Storage,Standard Class,July,Sunday,5.584135202390067,0,7,7,0.7795698924731183,1
837.6,3,0.2,62.82,7.5,7,West,Consumer,Technology,Machines,Standard Class,August,Tuesday,6.731733834736662,0,8,2,0.5975609756097561,1
135.9,5,0.0,63.873,47.0,7,West,Consumer,Office Supplies,Envelopes,Standard Class,August,Tuesday,4.919250732294404,0,8,2,1.0,1
34.68,6,0.0,16.9932,49.00000000000001,7,West,Consumer,Office Supplies,Paper,Standard Class,August,Tuesday,3.5745903077118086,0,8,2,1.0,1
532.7,6,0.2,-39.9528,-7.500056316876291,7,West,Consumer,Furniture,Chairs,Standard Class,August,Tuesday,6.279833883339899,0,8,2,0.6042154566744731,0
43.1,5,0.0,11.206,25.999999999999996,7,West,Consumer,Office Supplies,Appliances,Standard Class,August,Tuesday,3.7864597824528,0,8,2,0.867109634551495,1
15.88,4,0.0,0.1588,0.9999999999999999,7,West,Consumer,Office Supplies,Supplies,Standard Class,August,Tuesday,2.826129489167811,0,8,2,0.816793893129771,1
1123.92,5,0.2,-182.637,-16.249999999999996,1,South,Corporate,Furniture,Chairs,First Class,June,Thursday,7.025467200998895,0,6,4,0.6042154566744731,0
249.58,2,0.2,31.198,12.50020033656543,1,South,Corporate,Technology,Phones,First Class,June,Thursday,5.523778230817407,0,6,4,0.8521008403361344,1
48.67,3,0.2,7.3008,15.00061639613725,1,South,Corporate,Furniture,Furnishings,First Class,June,Thursday,3.905401129119259,0,6,4,0.8065522620904836,1
60.77,2,0.2,7.596,12.499588612802368,1,South,Corporate,Office Supplies,Art,First Class,June,Thursday,4.123417809707808,0,6,4,1.0,1
78.6,5,0.7,-62.88,-80.0,1,South,Corporate,Office Supplies,Binders,First Class,June,Thursday,4.377014092850337,1,6,4,0.6011730205278593,0
3.77,2,0.7,-3.14,-83.28912466843502,1,South,Corporate,Office Supplies,Binders,First Class,June,Thursday,1.5623463049002497,1,6,4,0.6011730205278593,0
1036.62,2,0.2,51.8312,5.000019293473019,1,South,Corporate,Office Supplies,Storage,First Class,June,Thursday,6.944684908067047,0,6,4,0.7795698924731183,1
563.81,4,0.2,21.1428,3.7499866976463707,1,South,Corporate,Office Supplies,Storage,First Class,June,Thursday,6.33648939140473,0,6,4,0.7795698924731183,1
44.46,2,0.0,14.6718,32.99999999999999,1,West,Home Office,Furniture,Furnishings,First Class,December,Tuesday,3.8168328184243974,0,12,2,0.8065522620904836,1
241.57,2,0.2,18.1176,7.499937906196961,1,West,Home Office,Furniture,Chairs,First Class,December,Tuesday,5.49129032851713,0,12,2,0.6042154566744731,1
395.0,5,0.0,39.5,10.0,1,West,Home Office,Technology,Accessories,First Class,December,Tuesday,5.981414211254481,0,12,2,0.872,1
627.17,4,0.2,70.5564,11.24996412455953,1,West,Home Office,Technology,Phones,First Class,December,Tuesday,6.442810830472335,0,12,2,0.8521008403361344,1
13.28,2,0.0,6.3744,48.0,2,East,Corporate,Furniture,Furnishings,First Class,August,Sunday,2.658859956911438,0,8,7,0.8065522620904836,1
12.67,3,0.2,4.4352,35.00552486187845,2,East,Corporate,Office Supplies,Binders,First Class,August,Sunday,2.6152036507358583,0,8,7,0.6011730205278593,1
206.43,3,0.0,90.8292,44.0,3,East,Consumer,Office Supplies,Appliances,First Class,April,Saturday,5.334793933358054,0,4,6,0.867109634551495,1
210.39,2,0.8,-336.6272,-160.0015209848377,0,Central,Corporate,Office Supplies,Binders,Same Day,December,Friday,5.353704768627595,1,12,5,0.6011730205278593,0
347.8,7,0.3,-24.843,-7.142898217366302,6,Central,Corporate,Furniture,Chairs,Standard Class,September,Monday,5.8544986920348245,1,9,1,0.6042154566744731,0
32.4,5,0.0,10.368,32.0,3,West,Corporate,Office Supplies,Art,Second Class,June,Monday,3.5085558999826545,0,6,1,1.0,1
32.4,5,0.0,15.552,48.0,3,East,Home Office,Office Supplies,Paper,First Class,June,Tuesday,3.5085558999826545,0,6,2,1.0,1
31.05,3,0.0,14.904,48.0,5,West,Consumer,Office Supplies,Labels,Standard Class,December,Saturday,3.467297183366679,0,12,6,1.0,1
2025.36,6,0.2,607.608,30.0,3,East,Consumer,Technology,Accessories,First Class,December,Tuesday,7.61399635905324,0,12,2,0.872,1
1799.99,2,0.7,-2639.9912,-146.6669925944033,3,East,Consumer,Technology,Machines,First Class,December,Tuesday,7.4960917926896915,1,12,2,0.5975609756097561,0
101.99,2,0.4,-16.998,-16.666339837238947,3,East,Consumer,Technology,Phones,First Class,December,Tuesday,4.63463189613771,1,12,2,0.8521008403361344,0
262.86,7,0.2,69.0018,26.250399452179867,3,East,Consumer,Furniture,Furnishings,First Class,December,Tuesday,5.5754186594556305,0,12,2,0.8065522620904836,1
93.02,3,0.2,33.7212,36.251558804558165,2,West,Home Office,Office Supplies,Paper,Second Class,August,Sunday,4.5435075255959845,0,8,7,1.0,1
284.36,2,0.4,-75.8304,-26.66704177802785,4,East,Corporate,Furniture,Tables,Standard Class,August,Monday,5.653751541050636,1,8,1,0.3627906976744186,0
26.0,2,0.0,11.7,44.99999999999999,4,East,Corporate,Technology,Accessories,Standard Class,August,Monday,3.295836866004329,0,8,1,0.872,1
67.64,5,0.2,5.9185,8.75,1,South,Consumer,Office Supplies,Storage,First Class,March,Saturday,4.228875455179707,0,3,6,0.7795698924731183,1
119.98,3,0.2,-17.9964,-14.999499916652775,1,South,Consumer,Technology,Accessories,First Class,March,Saturday,4.795625242678768,0,3,6,0.872,0
5.18,5,0.8,-8.029,-155.0,4,Central,Consumer,Office Supplies,Binders,Second Class,September,Friday,1.8213182714695995,1,9,5,0.6011730205278593,0
15.56,2,0.0,7.3132,47.0,4,West,Consumer,Office Supplies,Envelopes,Standard Class,September,Sunday,2.8069901489571136,0,9,7,1.0,1
78.35,5,0.0,36.8245,47.0,4,West,Consumer,Office Supplies,Envelopes,Standard Class,September,Sunday,4.373868446972418,0,9,7,1.0,1
59.52,3,0.0,15.4752,25.999999999999996,4,West,Consumer,Office Supplies,Art,Standard Class,September,Sunday,4.102973888920155,0,9,7,1.0,1
38.52,9,0.0,17.334,44.99999999999999,4,West,Consumer,Office Supplies,Paper,Standard Class,September,Sunday,3.6768068728796672,0,9,7,1.0,1
239.98,2,0.2,23.9984,10.000166680556713,4,West,Consumer,Technology,Phones,Standard Class,September,Sunday,5.48471394249513,0,9,7,0.8521008403361344,1
19.35,3,0.0,9.4815,49.0,4,West,Consumer,Office Supplies,Paper,Standard Class,September,Sunday,3.013080911888604,0,9,7,1.0,1
67.0,5,0.0,32.16,47.99999999999999,2,Central,Consumer,Furniture,Furnishings,First Class,October,Saturday,4.219507705176107,0,10,6,0.8065522620904836,1
390.27,8,0.2,-24.392,-6.250032029108053,6,South,Corporate,Furniture,Chairs,Standard Class,May,Saturday,5.969397858758734,0,5,6,0.6042154566744731,0
62.19,13,0.2,19.435,31.25100498472423,6,South,Corporate,Office Supplies,Paper,Standard Class,May,Saturday,4.146146060785364,0,5,6,1.0,1
3.17,2,0.8,-4.752,-149.90536277602524,7,Central,Consumer,Office Supplies,Binders,Standard Class,March,Monday,1.4279160358107101,1,3,1,0.6011730205278593,0
528.43,5,0.3,0.0,0.0,7,Central,Consumer,Furniture,Chairs,Standard Class,March,Monday,6.271800956113388,1,3,1,0.6042154566744731,0
13.39,3,0.2,1.5066,11.251680358476474,7,Central,Consumer,Office Supplies,Art,Standard Class,March,Monday,2.6665335208992764,0,3,1,1.0,1
26.05,3,0.8,-44.2782,-169.97389635316696,2,Central,Corporate,Office Supplies,Binders,First Class,November,Friday,3.2976870052924907,1,11,5,0.6011730205278593,0
74.35,3,0.2,26.9526,36.250975117686615,2,Central,Corporate,Office Supplies,Envelopes,First Class,November,Friday,4.3221439250725044,0,11,5,1.0,1
12.67,3,0.2,-3.168,-25.003946329913184,5,Central,Home Office,Office Supplies,Storage,Standard Class,December,Sunday,2.6152036507358583,0,12,7,0.7795698924731183,0
3.65,3,0.8,-6.0192,-164.9095890410959,3,Central,Consumer,Office Supplies,Binders,First Class,September,Monday,1.536867219599265,1,9,1,0.6011730205278593,0
31.1,6,0.2,10.8864,35.004501607717046,3,Central,Consumer,Office Supplies,Paper,First Class,September,Monday,3.4688560301359703,0,9,1,1.0,1
23.34,3,0.0,0.2334,1.0,5,South,Home Office,Office Supplies,Fasteners,Standard Class,August,Monday,3.1921210875593813,0,8,1,0.9019607843137255,1
3.37,3,0.7,-2.244,-66.58753709198814,0,West,Consumer,Office Supplies,Binders,Same Day,July,Friday,1.4747630091074988,1,7,5,0.6011730205278593,0
95.97,4,0.2,9.5968,9.99979160154215,6,South,Consumer,Technology,Phones,Standard Class,December,Monday,4.574401652316455,0,12,1,0.8521008403361344,1
149.23,3,0.2,3.7308,2.5000335053273472,2,East,Consumer,Furniture,Furnishings,Second Class,May,Sunday,5.0121674530743325,0,5,7,0.8065522620904836,1
15.94,4,0.2,5.7768,36.24090338770389,2,East,Consumer,Office Supplies,Paper,Second Class,May,Sunday,2.8296776892239084,0,5,7,1.0,1
601.54,8,0.2,60.1536,9.999933504006384,6,West,Consumer,Technology,Phones,Standard Class,November,Monday,6.401154053202583,0,11,1,0.8521008403361344,1
10.99,1,0.0,4.2861,39.0,6,West,Consumer,Technology,Accessories,Standard Class,November,Monday,2.4840729690394228,0,11,1,0.872,1
39.88,2,0.0,11.1664,27.999999999999996,6,West,Consumer,Furniture,Furnishings,Standard Class,November,Monday,3.7106409458954492,0,11,1,0.8065522620904836,1
62.24,8,0.0,28.008,44.99999999999999,6,West,Consumer,Office Supplies,Paper,Standard Class,November,Monday,4.146937012341271,0,11,1,1.0,1
53.2,5,0.0,14.896,28.000000000000004,6,West,Consumer,Furniture,Furnishings,Standard Class,November,Monday,3.9926809084456005,0,11,1,0.8065522620904836,1
39.84,8,0.0,18.3264,46.0,6,West,Consumer,Office Supplies,Labels,Standard Class,November,Monday,3.7096619932964647,0,11,1,1.0,1
349.95,5,0.0,118.983,34.0,6,West,Corporate,Technology,Accessories,Standard Class,January,Saturday,5.86064376317643,0,1,6,0.872,1
377.93,9,0.2,141.723,37.499801550551695,6,West,Corporate,Technology,Phones,Standard Class,January,Saturday,5.9373514914539935,0,1,6,0.8521008403361344,1
207.24,11,0.0,58.0272,27.999999999999996,5,Central,Consumer,Office Supplies,Appliances,Standard Class,December,Tuesday,5.33869126068631,0,12,2,0.867109634551495,1
1.5,1,0.2,0.1692,11.28,6,East,Corporate,Office Supplies,Art,Standard Class,May,Thursday,0.9162907318741551,0,5,4,1.0,1
34.85,2,0.2,6.534,18.74892395982783,6,East,Corporate,Office Supplies,Appliances,Standard Class,May,Thursday,3.5793435670456293,0,5,4,0.867109634551495,1
149.97,3,0.0,52.4895,35.0,4,West,Consumer,Technology,Accessories,Standard Class,May,Tuesday,5.017081141579645,0,5,2,0.872,1
94.85,5,0.0,45.528,48.00000000000001,6,East,Corporate,Office Supplies,Paper,Standard Class,October,Friday,4.562784469491653,0,10,5,1.0,1
51.12,4,0.0,23.004,45.00000000000001,6,East,Corporate,Office Supplies,Envelopes,Standard Class,October,Friday,3.953548752256644,0,10,5,1.0,1
90.0,1,0.0,32.4,36.0,6,East,Corporate,Technology,Accessories,Standard Class,October,Friday,4.51085950651685,0,10,5,0.872,1
9.41,2,0.2,3.4104,36.2422954303932,3,West,Corporate,Office Supplies,Paper,First Class,October,Thursday,2.3427668826268775,0,10,4,1.0,1
4.67,2,0.2,1.46,31.263383297644538,3,West,Corporate,Office Supplies,Fasteners,First Class,October,Thursday,1.7351891177396608,0,10,4,0.9019607843137255,1
318.4,2,0.2,107.46,33.75,3,West,Corporate,Technology,Phones,First Class,October,Thursday,5.766444235780912,0,10,4,0.8521008403361344,1
12.77,6,0.2,4.6284,36.244322631166796,3,West,Corporate,Office Supplies,Envelopes,First Class,October,Thursday,2.6224923127405635,0,10,4,1.0,1
15.36,2,0.2,-3.264,-21.25,3,West,Corporate,Office Supplies,Supplies,First Class,October,Thursday,2.794839331174601,0,10,4,0.816793893129771,0
230.38,3,0.2,20.1579,8.749848077090027,3,West,Corporate,Technology,Phones,First Class,October,Thursday,5.4440613806007425,0,10,4,0.8521008403361344,1
7.16,1,0.2,-0.0895,-1.25,3,West,Corporate,Technology,Accessories,First Class,October,Thursday,2.0992441689760155,0,10,4,0.872,0
375.34,1,0.0,18.767,5.0,5,East,Consumer,Office Supplies,Storage,Standard Class,August,Monday,5.930492990116498,0,8,1,0.7795698924731183,1
3.98,1,0.2,1.3944,35.03517587939699,3,West,Consumer,Office Supplies,Binders,First Class,April,Sunday,1.6054298910365616,0,4,7,0.6011730205278593,1
181.8,1,0.3,-15.5826,-8.571287128712871,0,East,Consumer,Furniture,Tables,Same Day,January,Friday,5.20839265902005,1,1,5,0.3627906976744186,0
44.94,3,0.0,12.5832,28.000000000000004,0,East,Consumer,Office Supplies,Storage,Same Day,May,Monday,3.8273361972609523,0,5,1,0.7795698924731183,1
45.58,3,0.2,15.9516,34.99692847740236,0,East,Consumer,Office Supplies,Binders,Same Day,May,Monday,3.841171264456195,0,5,1,0.6011730205278593,1
318.43,5,0.3,-77.333,-24.285714285714285,7,Central,Corporate,Furniture,Chairs,Standard Class,November,Sunday,5.76653815748159,1,11,7,0.6042154566744731,0
122.92,7,0.2,46.095,37.5,7,Central,Corporate,Technology,Phones,Standard Class,November,Sunday,4.819636196108613,0,11,7,0.8521008403361344,1
7.07,3,0.6,-2.8272,-39.988684582743986,7,Central,Corporate,Furniture,Furnishings,Standard Class,November,Sunday,2.0881534822818573,1,11,7,0.8065522620904836,0
56.45,5,0.0,14.677,25.999999999999996,2,South,Corporate,Office Supplies,Storage,First Class,February,Monday,4.050915004294764,0,2,1,0.7795698924731183,1
113.89,2,0.2,9.9652,8.749846342962506,4,West,Home Office,Furniture,Chairs,Standard Class,September,Saturday,4.743975148865274,0,9,6,0.6042154566744731,1
105.58,2,0.2,7.9188,7.50028414472438,4,West,Home Office,Technology,Phones,Standard Class,September,Saturday,4.668895876868636,0,9,6,0.8521008403361344,1
24.85,7,0.0,11.6795,47.0,6,Central,Corporate,Office Supplies,Fasteners,Standard Class,December,Friday,3.2523106009544382,0,12,5,0.9019607843137255,1
107.98,1,0.2,9.4486,8.750324134098907,6,West,Consumer,Technology,Phones,Standard Class,July,Friday,4.691164379154952,0,7,5,0.8521008403361344,1
19.3,3,0.2,6.03,31.243523316062177,6,West,Consumer,Office Supplies,Binders,Standard Class,July,Friday,3.0106208860477417,0,7,5,0.6011730205278593,1
4.61,2,0.2,1.6704,36.23427331887202,5,South,Corporate,Office Supplies,Labels,Standard Class,August,Sunday,1.724550719534605,0,8,7,1.0,1
79.97,3,0.4,-29.3238,-36.66850068775791,5,South,Corporate,Furniture,Tables,Second Class,December,Friday,4.394078715698023,1,12,5,0.3627906976744186,0
2.95,2,0.7,-2.0622,-69.90508474576271,5,South,Corporate,Office Supplies,Binders,Second Class,December,Friday,1.3737155789130306,1,12,5,0.6011730205278593,0
3.14,2,0.8,-4.704,-149.80891719745222,4,Central,Home Office,Office Supplies,Binders,Standard Class,November,Sunday,1.420695787837223,1,11,7,0.6011730205278593,0
20.74,4,0.2,7.2576,34.993249758919966,1,Central,Corporate,Office Supplies,Paper,First Class,November,Friday,3.0791538816930633,0,11,5,1.0,1
99.98,2,0.0,7.9984,8.0,2,West,Corporate,Technology,Accessories,First Class,November,Monday,4.6149224774307696,0,11,1,0.872,1
733.95,7,0.0,352.296,48.0,2,West,Corporate,Office Supplies,Paper,First Class,November,Monday,6.599802469687996,0,11,1,1.0,1
241.44,3,0.0,72.432,30.0,2,West,Corporate,Office Supplies,Appliances,First Class,November,Monday,5.4907542570830845,0,11,1,0.867109634551495,1
10.08,4,0.2,3.528,35.0,4,South,Corporate,Office Supplies,Labels,Second Class,March,Friday,2.405141681319138,0,3,5,1.0,1
281.9,2,0.2,10.5714,3.750053210358283,4,East,Consumer,Office Supplies,Storage,Standard Class,October,Saturday,5.645093478307522,0,10,6,0.7795698924731183,1
201.43,3,0.2,67.9833,33.75033510400635,4,East,Consumer,Office Supplies,Envelopes,Standard Class,October,Saturday,5.310394147773486,0,10,6,1.0,1
135.98,2,0.0,33.995,25.0,7,South,Consumer,Technology,Phones,Standard Class,May,Thursday,4.919834929769759,0,5,4,0.8521008403361344,1
44.95,1,0.0,12.586,27.999999999999996,7,South,Consumer,Technology,Phones,Standard Class,May,Thursday,3.827553848801696,0,5,4,0.8521008403361344,1
2.97,3,0.0,1.3068,43.99999999999999,4,Central,Corporate,Technology,Accessories,Standard Class,July,Tuesday,1.3787660946990992,0,7,2,0.872,1
6.54,3,0.0,2.6814,41.0,4,Central,Corporate,Office Supplies,Fasteners,Standard Class,July,Tuesday,2.020222182019865,0,7,2,0.9019607843137255,1
7.92,8,0.0,3.4848,44.0,2,West,Corporate,Technology,Accessories,Second Class,December,Sunday,2.188295946591918,0,12,7,0.872,1
203.92,5,0.2,22.941,11.25,7,West,Consumer,Furniture,Chairs,Standard Class,February,Monday,5.322619659071002,0,2,1,0.6042154566744731,1
22.96,7,0.0,7.5768,33.0,4,South,Corporate,Office Supplies,Art,Second Class,April,Saturday,3.1763857732472487,0,4,6,1.0,1
28.99,1,0.0,8.4071,29.000000000000004,4,South,Corporate,Technology,Phones,Second Class,April,Saturday,3.4008639927609177,0,4,6,0.8521008403361344,1
12.96,2,0.0,6.3504,48.99999999999999,4,South,Corporate,Office Supplies,Paper,Second Class,April,Saturday,2.6361960973342264,0,4,6,1.0,1
22.96,7,0.0,6.6584,28.999999999999996,4,South,Corporate,Office Supplies,Art,Second Class,April,Saturday,3.1763857732472487,0,4,6,1.0,1
4164.05,5,0.0,83.281,2.0,4,South,Corporate,Office Supplies,Supplies,Second Class,April,Saturday,8.334483559330806,0,4,6,0.816793893129771,1
47.98,2,0.2,13.1956,27.502292621925804,7,South,Consumer,Technology,Accessories,Standard Class,September,Wednesday,3.891412051524022,0,9,3,0.872,1
4.62,1,0.2,1.6762,36.28138528138528,7,South,Consumer,Office Supplies,Paper,Standard Class,September,Wednesday,1.7263316639055997,0,9,3,1.0,1
15.24,3,0.0,5.1816,34.0,6,East,Corporate,Furniture,Furnishings,Standard Class,September,Tuesday,2.787477334733532,0,9,2,0.8065522620904836,1
63.92,7,0.7,-46.8776,-73.33792240300376,5,East,Consumer,Office Supplies,Binders,Standard Class,September,Friday,4.17315574264639,1,9,5,0.6011730205278593,0
494.38,3,0.2,49.4376,9.999919090578098,2,West,Consumer,Technology,Phones,First Class,December,Sunday,6.2053251448232745,0,12,7,0.8521008403361344,1
29.2,5,0.2,9.855,33.75,2,West,Consumer,Office Supplies,Binders,First Class,December,Sunday,3.407841924380824,0,12,7,0.6011730205278593,1
248.85,5,0.0,27.3735,11.0,2,West,Consumer,Technology,Accessories,First Class,December,Sunday,5.520860737790214,0,12,7,0.872,1
36.24,1,0.0,15.2208,42.0,2,West,Consumer,Technology,Accessories,First Class,December,Sunday,3.617383452408866,0,12,7,0.872,1
11.68,2,0.0,3.504,30.0,5,Central,Consumer,Office Supplies,Art,Standard Class,October,Sunday,2.5400259490090797,0,10,7,1.0,1
11.91,3,0.0,0.1191,1.0,4,West,Consumer,Office Supplies,Supplies,Standard Class,December,Friday,2.558002204858551,0,12,5,0.816793893129771,1
3.48,2,0.0,1.1136,32.0,4,West,Consumer,Furniture,Furnishings,Standard Class,December,Friday,1.4996230464268938,0,12,5,0.8065522620904836,1
30.96,8,0.8,-52.632,-170.0,3,Central,Consumer,Office Supplies,Binders,First Class,August,Friday,3.464485120898074,1,8,5,0.6011730205278593,0
19.19,7,0.7,-12.796,-66.68056279312141,7,West,Consumer,Office Supplies,Binders,Standard Class,May,Saturday,3.005187432324746,1,5,6,0.6011730205278593,0
121.79,4,0.2,13.7016,11.250184744231873,7,West,Consumer,Office Supplies,Appliances,Standard Class,May,Saturday,4.810475579172421,0,5,6,0.867109634551495,1
51.0,1,0.7,-40.7976,-79.99529411764706,4,East,Consumer,Office Supplies,Binders,Standard Class,November,Tuesday,3.9512437185814275,1,11,2,0.6011730205278593,0
76.79,1,0.2,-16.3183,-21.25055345748144,4,East,Consumer,Office Supplies,Storage,Standard Class,November,Tuesday,4.354012888218683,0,11,2,0.7795698924731183,0
539.96,6,0.4,-107.9928,-20.000148159122897,4,East,Consumer,Technology,Phones,Standard Class,November,Tuesday,6.2933453389595755,1,11,2,0.8521008403361344,0
60.31,3,0.2,5.2773,8.750290167468082,4,East,Consumer,Furniture,Furnishings,Standard Class,November,Tuesday,4.115942961774596,0,11,2,0.8065522620904836,1
1.94,3,0.7,-1.4256,-73.48453608247422,4,East,Consumer,Office Supplies,Binders,Standard Class,November,Tuesday,1.0784095813505903,1,11,2,0.6011730205278593,0
12.98,3,0.2,4.7067,36.26117103235747,2,Central,Corporate,Office Supplies,Envelopes,Second Class,December,Tuesday,2.637627736805664,0,12,2,1.0,1
217.58,2,0.2,19.0386,8.750160860373194,2,Central,Corporate,Technology,Phones,Second Class,December,Tuesday,5.387152080248527,0,12,2,0.8521008403361344,1
328.78,3,0.2,28.7679,8.749893545836123,2,Central,Corporate,Technology,Phones,Second Class,December,Tuesday,5.798425765472822,0,12,2,0.8521008403361344,1
2.29,3,0.8,-3.6576,-159.72052401746723,2,Central,Corporate,Office Supplies,Binders,Second Class,December,Tuesday,1.1908875647772805,1,12,2,0.6011730205278593,0
47.98,2,0.2,14.3952,30.002501042100878,2,Central,Corporate,Technology,Accessories,Second Class,December,Tuesday,3.891412051524022,0,12,2,0.872,1
25.34,6,0.2,8.8704,35.00552486187845,6,East,Corporate,Office Supplies,Binders,Standard Class,November,Thursday,3.271088696315135,0,11,4,0.6011730205278593,1
232.4,5,0.2,78.435,33.75,5,East,Consumer,Office Supplies,Binders,Standard Class,September,Saturday,5.452753719852455,0,9,6,0.6011730205278593,1
86.45,7,0.0,38.038,43.99999999999999,5,South,Corporate,Furniture,Furnishings,Second Class,March,Sunday,4.471067201464611,0,3,7,0.8065522620904836,1
603.92,5,0.2,45.294,7.5,4,West,Consumer,Furniture,Chairs,Standard Class,September,Saturday,6.40509621788254,0,9,6,0.6042154566744731,1
81.98,2,0.0,40.1702,49.0,4,West,Consumer,Office Supplies,Paper,Standard Class,September,Saturday,4.418599614904722,0,9,6,1.0,1
181.35,9,0.0,48.9645,27.0,4,West,Consumer,Office Supplies,Art,Standard Class,September,Friday,5.205927917254689,0,9,5,1.0,1
8.64,3,0.0,4.2336,49.0,4,West,Consumer,Office Supplies,Labels,Standard Class,September,Friday,2.265921108622454,0,9,5,1.0,1
43.51,7,0.2,3.8073,8.750402206389337,5,South,Consumer,Office Supplies,Appliances,Standard Class,December,Saturday,3.795713883027763,0,12,6,0.867109634551495,1
662.88,3,0.2,74.574,11.25,5,South,Consumer,Furniture,Chairs,Standard Class,December,Saturday,6.498101410252518,0,12,6,0.6042154566744731,1
25.92,5,0.2,9.072,34.99999999999999,5,South,Consumer,Office Supplies,Paper,Standard Class,December,Saturday,3.2928695047765273,0,12,6,1.0,1
68.94,3,0.0,20.682,30.0,4,East,Home Office,Office Supplies,Appliances,Standard Class,July,Thursday,4.24763773163523,0,7,4,0.867109634551495,1
128.82,3,0.0,50.2398,39.0,4,East,Home Office,Furniture,Furnishings,Standard Class,July,Thursday,4.866148875605322,0,7,4,0.8065522620904836,1
896.99,5,0.8,-1480.0335,-165.0,4,Central,Consumer,Office Supplies,Binders,Standard Class,November,Tuesday,6.800158932382734,1,11,2,0.6011730205278593,0
1.23,1,0.8,-1.9744,-160.52032520325204,4,Central,Consumer,Office Supplies,Binders,Standard Class,November,Tuesday,0.8020015854720274,1,11,2,0.6011730205278593,0
67.56,3,0.2,6.756,10.0,4,Central,Consumer,Office Supplies,Art,Standard Class,November,Tuesday,4.227709274289524,0,11,2,1.0,1
21.72,5,0.2,7.8735,36.25,4,Central,Consumer,Office Supplies,Paper,Standard Class,November,Tuesday,3.1232455938529506,0,11,2,1.0,1
262.34,8,0.2,95.0968,36.249447282152936,4,Central,Consumer,Office Supplies,Paper,Standard Class,November,Tuesday,5.573445972928197,0,11,2,1.0,1
148.48,2,0.2,16.704,11.250000000000002,4,Central,Consumer,Technology,Phones,Standard Class,November,Tuesday,5.0071626046172835,0,11,2,0.8521008403361344,1
241.18,3,0.2,15.0735,6.249896342980346,4,Central,Consumer,Technology,Phones,Standard Class,November,Tuesday,5.48968125132622,0,11,2,0.8521008403361344,1
122.97,3,0.0,60.2553,49.0,5,East,Consumer,Office Supplies,Paper,Second Class,August,Saturday,4.8200396008500555,0,8,6,1.0,1
244.62,1,0.3,20.967,8.571253372577875,5,East,Consumer,Furniture,Tables,Second Class,August,Saturday,5.503785626182238,1,8,6,0.3627906976744186,1
59.97,3,0.0,28.7856,48.0,5,East,Consumer,Technology,Phones,Second Class,August,Saturday,4.110381939919725,0,8,6,0.8521008403361344,1
81.54,9,0.0,36.693,44.99999999999999,5,East,Consumer,Office Supplies,Paper,Second Class,August,Saturday,4.413283024324436,0,8,6,1.0,1
11.68,4,0.0,5.256,45.0,5,East,Consumer,Office Supplies,Fasteners,Second Class,August,Saturday,2.5400259490090797,0,8,6,0.9019607843137255,1
29.0,5,0.0,13.92,48.0,5,East,Consumer,Office Supplies,Binders,Second Class,August,Saturday,3.4011973816621555,0,8,6,0.6011730205278593,1
50.8,5,0.0,13.208,26.0,7,West,Corporate,Office Supplies,Art,Standard Class,August,Thursday,3.9473901492654373,0,8,4,1.0,1
15.71,4,0.2,5.6956,36.254614894971354,4,West,Consumer,Office Supplies,Binders,Standard Class,August,Wednesday,2.8160073426073025,0,8,3,0.6011730205278593,1
89.97,3,0.0,18.8937,21.0,5,East,Consumer,Technology,Accessories,Standard Class,December,Monday,4.510529781833971,0,12,1,0.872,1
436.0,3,0.15,20.5176,4.705871559633028,5,West,Corporate,Furniture,Bookcases,Standard Class,September,Tuesday,6.07993319509559,0,9,2,0.5263157894736842,1
83.98,2,0.2,31.494,37.50178613955703,5,West,Corporate,Technology,Phones,Standard Class,September,Tuesday,4.442415934686665,0,9,2,0.8521008403361344,1
359.98,2,0.0,93.5948,26.0,5,East,Corporate,Technology,Phones,Standard Class,July,Saturday,5.888822555136103,0,7,6,0.8521008403361344,1
70.56,1,0.3,-4.032,-5.714285714285714,5,East,Corporate,Furniture,Tables,Standard Class,July,Saturday,4.270536258640519,1,7,6,0.3627906976744186,0
20.88,2,0.0,9.6048,46.0,5,East,Corporate,Office Supplies,Binders,Standard Class,July,Saturday,3.0855729775537806,0,7,6,0.6011730205278593,1
3.81,1,0.0,1.8288,48.0,5,East,Corporate,Office Supplies,Binders,Standard Class,July,Saturday,1.57069708411767,0,7,6,0.6011730205278593,1
3.21,2,0.8,-5.2932,-164.89719626168224,4,Central,Consumer,Office Supplies,Binders,Standard Class,May,Friday,1.43746264769429,1,5,5,0.6011730205278593,0
26.18,2,0.2,-3.272,-12.498090145148968,4,Central,Consumer,Technology,Accessories,Standard Class,May,Friday,3.3024814087229974,0,5,5,0.872,0
30.44,4,0.0,14.3068,47.0,4,East,Home Office,Office Supplies,Paper,Second Class,June,Thursday,3.448080967561006,0,6,4,1.0,1
35.28,3,0.0,11.9952,34.0,4,East,Home Office,Furniture,Furnishings,Second Class,June,Thursday,3.591266625246936,0,6,4,0.8065522620904836,1
19.44,3,0.0,9.3312,48.00000000000001,7,East,Home Office,Office Supplies,Paper,Standard Class,December,Sunday,3.017493765335504,0,12,7,1.0,1
37.88,2,0.0,18.94,50.0,7,East,Home Office,Office Supplies,Binders,Standard Class,December,Sunday,3.6604799795922385,0,12,7,0.6011730205278593,1
9.55,3,0.6,-3.8208,-40.008376963350784,2,Central,Corporate,Furniture,Furnishings,Second Class,July,Saturday,2.3561258599220753,1,7,6,0.8065522620904836,0
290.67,2,0.15,3.4196,1.1764543984587332,2,West,Consumer,Furniture,Bookcases,First Class,January,Friday,5.675623026195628,0,1,5,0.5263157894736842,1
10.37,2,0.2,3.6288,34.993249758919966,6,Central,Corporate,Office Supplies,Paper,Standard Class,July,Wednesday,2.4309783077624445,0,7,3,1.0,1
14.35,3,0.2,4.485,31.254355400696866,6,Central,Corporate,Office Supplies,Paper,Standard Class,July,Wednesday,2.731115474033206,0,7,3,1.0,1
141.96,2,0.0,41.1684,28.999999999999996,4,West,Consumer,Furniture,Bookcases,Standard Class,November,Saturday,4.962564870851173,0,11,6,0.5263157894736842,1
66.05,4,0.2,23.1168,34.99894019682059,4,West,Consumer,Office Supplies,Binders,Standard Class,November,Saturday,4.205438609727688,0,11,6,0.6011730205278593,1
1287.45,5,0.0,244.6155,19.0,0,Central,Consumer,Technology,Accessories,Same Day,March,Friday,7.161195224527697,0,3,5,0.872,1
28.44,3,0.0,11.376,40.0,6,East,Consumer,Furniture,Furnishings,Standard Class,December,Friday,3.3823542938606757,0,12,5,0.8065522620904836,1
364.41,5,0.1,8.098,2.2222222222222223,6,East,Consumer,Furniture,Chairs,Standard Class,December,Friday,5.9010200108381765,0,12,5,0.6042154566744731,1
39.96,4,0.0,10.3896,26.0,6,East,Consumer,Technology,Phones,Standard Class,December,Friday,3.7125959807312525,0,12,5,0.8521008403361344,1
361.76,2,0.1,68.3332,18.889097744360907,6,East,Consumer,Furniture,Chairs,Standard Class,December,Friday,5.893741458579367,0,12,5,0.6042154566744731,1
111.67,9,0.2,6.9795,6.250111936957105,3,Central,Corporate,Office Supplies,Storage,First Class,November,Tuesday,4.724463192176074,0,11,2,0.7795698924731183,1
17.94,3,0.0,8.7906,48.99999999999999,5,East,Consumer,Office Supplies,Envelopes,Second Class,December,Friday,2.9412760877579323,0,12,5,1.0,1
384.17,7,0.1,29.8802,7.777858760444595,5,East,Consumer,Furniture,Chairs,Second Class,December,Friday,5.953684795271102,0,12,5,0.6042154566744731,1
1799.75,5,0.0,539.925,30.0,5,East,Consumer,Technology,Phones,Second Class,December,Friday,7.495958523769472,0,12,5,0.8521008403361344,1
1091.17,4,0.2,68.198,6.249988544406461,4,West,Home Office,Technology,Phones,Standard Class,August,Saturday,6.99592182184402,0,8,6,0.8521008403361344,1
219.17,2,0.2,-43.8336,-19.999817493270065,4,West,Home Office,Technology,Phones,Standard Class,August,Saturday,5.394399975225081,0,8,6,0.8521008403361344,0
6.93,1,0.8,-11.0848,-159.95382395382396,3,Central,Consumer,Office Supplies,Binders,First Class,November,Saturday,2.0706530356467567,1,11,6,0.6011730205278593,0
36.99,1,0.0,9.9873,26.999999999999996,5,South,Corporate,Technology,Phones,Standard Class,November,Friday,3.6373229671995344,0,11,5,0.8521008403361344,1
629.1,6,0.0,301.968,48.00000000000001,5,South,Corporate,Office Supplies,Paper,Standard Class,November,Friday,6.44587853694801,0,11,5,1.0,1
193.95,3,0.0,9.6975,5.0,5,South,Corporate,Office Supplies,Storage,Standard Class,November,Friday,5.272743115428606,0,11,5,0.7795698924731183,1
5.46,3,0.0,1.4742,27.0,5,South,Corporate,Office Supplies,Art,Standard Class,November,Friday,1.8656293177945105,0,11,5,1.0,1
22.29,7,0.6,-8.9152,-39.99641094661284,1,Central,Corporate,Furniture,Furnishings,First Class,May,Monday,3.1480240838962494,1,5,1,0.8065522620904836,0
77.88,2,0.0,3.894,5.0,0,West,Consumer,Office Supplies,Storage,Same Day,October,Saturday,4.36792771029438,0,10,6,0.7795698924731183,1
281.37,2,0.3,-12.0588,-4.285744748907132,4,East,Home Office,Furniture,Chairs,Standard Class,April,Wednesday,5.643218267681419,1,4,3,0.6042154566744731,0
281.37,2,0.3,-12.0588,-4.285744748907132,4,East,Home Office,Furniture,Chairs,Standard Class,April,Wednesday,5.643218267681419,1,4,3,0.6042154566744731,0
7.49,8,0.7,-5.2416,-69.98130841121495,4,East,Home Office,Office Supplies,Binders,Standard Class,April,Wednesday,2.138889000323256,1,4,3,0.6011730205278593,0
22.34,4,0.2,7.8176,34.993733213965974,4,East,Home Office,Furniture,Furnishings,Standard Class,April,Wednesday,3.15016862685841,0,4,3,0.8065522620904836,1
65.79,9,0.0,30.2634,46.0,4,West,Corporate,Office Supplies,Paper,Standard Class,September,Tuesday,4.201553368737545,0,9,2,1.0,1
271.98,2,0.2,88.3948,32.50047797632179,4,West,Corporate,Office Supplies,Binders,Standard Class,September,Tuesday,5.60939853242805,0,9,2,0.6011730205278593,1
11.76,4,0.0,3.1752,26.999999999999996,4,West,Corporate,Office Supplies,Art,Standard Class,September,Tuesday,2.546315277916644,0,9,2,1.0,1
77.52,2,0.0,37.9848,49.00000000000001,4,West,Corporate,Office Supplies,Paper,Standard Class,September,Tuesday,4.3633533694082605,0,9,2,1.0,1
48.64,2,0.2,15.808,32.5,4,West,Corporate,Office Supplies,Binders,Standard Class,September,Tuesday,3.9047969603364066,0,9,2,0.6011730205278593,1
1.81,1,0.0,0.6516,36.0,0,Central,Consumer,Office Supplies,Fasteners,Same Day,September,Friday,1.0331844833456545,0,9,5,0.9019607843137255,1
8.26,2,0.0,3.8822,47.0,0,Central,Consumer,Office Supplies,Binders,Same Day,September,Friday,2.225704048658088,0,9,5,0.6011730205278593,1
43.56,5,0.2,3.267,7.5,5,West,Home Office,Office Supplies,Appliances,Standard Class,April,Monday,3.7968365956190286,0,4,1,0.867109634551495,1
5.84,2,0.2,0.73,12.5,5,West,Home Office,Office Supplies,Supplies,Standard Class,April,Monday,1.922787731634459,0,4,1,0.816793893129771,1
271.76,2,0.1,60.392,22.22254930821313,7,East,Home Office,Furniture,Chairs,Standard Class,September,Sunday,5.608592287652452,0,9,7,0.6042154566744731,1
262.24,2,0.0,78.672,30.0,6,West,Consumer,Office Supplies,Appliances,Standard Class,May,Saturday,5.573066163587918,0,5,6,0.867109634551495,1
182.72,8,0.0,84.0512,46.0,6,West,Consumer,Office Supplies,Paper,Standard Class,May,Saturday,5.213412859457593,0,5,6,1.0,1
131.6,7,0.0,7.896,6.000000000000001,6,West,Consumer,Technology,Accessories,Standard Class,May,Saturday,4.887337077751762,0,5,6,0.872,1
22.72,4,0.2,7.384,32.5,6,West,Consumer,Office Supplies,Binders,Standard Class,May,Saturday,3.1663185741295248,0,5,6,0.6011730205278593,1
558.4,2,0.2,41.88,7.500000000000001,6,West,Consumer,Technology,Machines,Standard Class,May,Saturday,6.32686478076786,0,5,6,0.5975609756097561,1
15.24,4,0.0,6.858,44.99999999999999,4,Central,Home Office,Office Supplies,Binders,Standard Class,September,Thursday,2.787477334733532,0,9,4,0.6011730205278593,1
1408.1,10,0.0,394.268,27.999999999999996,4,Central,Home Office,Furniture,Chairs,Standard Class,September,Thursday,7.250706481701059,0,9,4,0.6042154566744731,1
15.08,2,0.8,-22.62,-150.0,2,Central,Consumer,Office Supplies,Binders,First Class,September,Sunday,2.77757626375082,1,9,7,0.6011730205278593,0
24.29,3,0.6,-12.7512,-52.495677233429404,2,Central,Consumer,Furniture,Furnishings,First Class,September,Sunday,3.2304090606818736,1,9,7,0.8065522620904836,0
4.3,1,0.2,1.5602,36.28372093023256,1,West,Home Office,Office Supplies,Binders,Same Day,November,Sunday,1.667706820558076,0,11,7,0.6011730205278593,1
108.92,14,0.0,49.014,45.0,3,East,Consumer,Office Supplies,Paper,Second Class,March,Tuesday,4.699752828474039,0,3,2,1.0,1
84.78,2,0.2,-16.9568,-20.000943618778013,4,East,Corporate,Office Supplies,Storage,Standard Class,July,Friday,4.451785879088734,0,7,5,0.7795698924731183,0
29.9,5,0.0,5.083,17.0,5,East,Consumer,Office Supplies,Storage,Standard Class,June,Friday,3.4307561839036995,0,6,5,0.7795698924731183,1
70.88,2,0.0,33.3136,47.0,1,East,Corporate,Office Supplies,Paper,First Class,August,Saturday,4.274998061915358,0,8,6,1.0,1
27.26,2,0.2,8.8608,32.50476889214966,6,West,Consumer,Office Supplies,Binders,Standard Class,October,Friday,3.3414473772563813,0,10,5,0.6011730205278593,1
56.65,5,0.0,24.3595,43.00000000000001,6,West,Home Office,Office Supplies,Appliances,Standard Class,September,Monday,4.054390246715068,0,9,1,0.867109634551495,1
14.97,1,0.0,4.1916,28.000000000000004,6,West,Home Office,Office Supplies,Storage,Standard Class,September,Monday,2.770711962226921,0,9,1,0.7795698924731183,1
4.02,2,0.0,1.9698,49.00000000000001,6,West,Home Office,Office Supplies,Fasteners,Standard Class,September,Monday,1.6134299337036377,0,9,1,0.9019607843137255,1
471.92,2,0.2,29.495,6.25,5,South,Home Office,Technology,Phones,Second Class,March,Sunday,6.158926240994913,0,3,7,0.8521008403361344,1
58.72,4,0.0,27.0112,46.0,1,South,Consumer,Office Supplies,Binders,Second Class,March,Sunday,4.089666972670989,0,3,7,0.6011730205278593,1
5.16,3,0.2,0.8385,16.25,5,South,Consumer,Office Supplies,Art,Standard Class,July,Thursday,1.8180767775454285,0,7,4,1.0,1
16.5,2,0.2,5.5674,33.74181818181818,7,South,Consumer,Office Supplies,Paper,Standard Class,February,Saturday,2.8622008809294686,0,2,6,1.0,1
286.79,7,0.0,74.5654,25.999999999999996,3,East,Consumer,Office Supplies,Art,Second Class,February,Friday,5.662231047497966,0,2,5,1.0,1
5.08,1,0.2,1.651,32.5,5,South,Home Office,Office Supplies,Paper,Standard Class,November,Friday,1.8050046959780757,0,11,5,1.0,1
61.96,2,0.0,16.1096,26.0,4,East,Corporate,Office Supplies,Appliances,Standard Class,September,Thursday,4.1424996041091475,0,9,4,0.867109634551495,1
361.96,2,0.0,83.2508,23.0,4,East,Corporate,Furniture,Bookcases,Standard Class,September,Thursday,5.894292635355709,0,9,4,0.5263157894736842,1
278.82,9,0.0,125.469,45.0,4,East,Corporate,Office Supplies,Paper,Standard Class,September,Thursday,5.6341465393051395,0,9,4,1.0,1
133.38,6,0.0,58.6872,44.0,5,South,Consumer,Furniture,Furnishings,Standard Class,December,Wednesday,4.900671607492004,0,12,3,0.8065522620904836,1
47.95,3,0.2,16.1838,33.751407716371226,4,South,Consumer,Office Supplies,Paper,Standard Class,April,Monday,3.8907993689765195,0,4,1,1.0,1
16.74,2,0.0,4.3524,26.000000000000007,4,West,Consumer,Furniture,Furnishings,Standard Class,December,Thursday,2.8758219768814333,0,12,4,0.8065522620904836,1
34.95,5,0.0,15.378,43.99999999999999,3,Central,Corporate,Technology,Accessories,First Class,November,Sunday,3.5821290841670557,0,11,7,0.872,1
152.0,5,0.0,69.92,46.0,3,Central,Corporate,Office Supplies,Binders,First Class,November,Sunday,5.030437921392435,0,11,7,0.6011730205278593,1
92.52,9,0.0,18.504,20.0,5,West,Consumer,Technology,Accessories,Standard Class,August,Sunday,4.538175317163813,0,8,7,0.872,1
8.56,2,0.0,2.4824,28.999999999999996,6,West,Corporate,Office Supplies,Art,Standard Class,December,Thursday,2.25758772706331,0,12,4,1.0,1
45.36,7,0.0,21.7728,48.0,6,West,Corporate,Office Supplies,Paper,Standard Class,December,Thursday,3.836437018471551,0,12,4,1.0,1
1421.66,6,0.2,-195.4788,-13.75003868716852,6,West,Corporate,Furniture,Tables,Standard Class,December,Thursday,7.260283637706941,0,12,4,0.3627906976744186,0
8.96,2,0.0,2.7776,31.0,3,South,Consumer,Furniture,Furnishings,First Class,April,Monday,2.298577071596507,0,4,1,0.8065522620904836,1
579.95,5,0.0,168.1855,28.999999999999996,2,South,Corporate,Technology,Phones,First Class,August,Wednesday,6.364664694628871,0,8,3,0.8521008403361344,1
29.12,4,0.0,12.5216,42.99999999999999,2,South,Corporate,Furniture,Furnishings,First Class,August,Wednesday,3.405189402931693,0,8,3,0.8065522620904836,1
1202.94,3,0.0,300.735,25.0,2,South,Corporate,Furniture,Tables,First Class,August,Wednesday,7.093354790739974,0,8,3,0.3627906976744186,1
7.92,4,0.0,3.564,45.0,5,East,Corporate,Office Supplies,Binders,Standard Class,October,Friday,2.188295946591918,0,10,5,0.6011730205278593,1
36.19,1,0.2,2.7144,7.500414479137883,0,South,Consumer,Technology,Phones,Same Day,November,Wednesday,3.6160399079369787,0,11,3,0.8521008403361344,1
408.42,2,0.3,-5.8346,-1.4285784241711963,4,Central,Consumer,Furniture,Chairs,Standard Class,July,Thursday,6.014741524012475,1,7,4,0.6042154566744731,0
382.12,6,0.3,-92.7996,-24.285460064901077,4,Central,Consumer,Furniture,Chairs,Standard Class,July,Thursday,5.948348256034354,1,7,4,0.6042154566744731,0
68.6,5,0.2,6.0025,8.75,4,Central,Consumer,Office Supplies,Storage,Standard Class,July,Thursday,4.242764567340374,0,7,4,0.7795698924731183,1
435.5,3,0.2,48.9942,11.250103329506315,4,Central,Consumer,Office Supplies,Storage,Standard Class,July,Thursday,6.0787883752796565,0,7,4,0.7795698924731183,1
11.17,2,0.2,3.7692,33.74395702775291,4,Central,Consumer,Office Supplies,Paper,Standard Class,July,Thursday,2.498973906999436,0,7,4,1.0,1
513.02,2,0.2,12.8256,2.50001949241745,7,West,Home Office,Furniture,Tables,Standard Class,August,Monday,6.242262175204008,0,8,1,0.3627906976744186,1
487.92,6,0.0,136.6176,28.000000000000004,7,West,Home Office,Office Supplies,Appliances,Standard Class,August,Monday,6.192198876909062,0,8,1,0.867109634551495,1
15.24,5,0.2,5.334,35.0,7,West,Home Office,Office Supplies,Binders,Standard Class,August,Monday,2.787477334733532,0,8,1,0.6011730205278593,1
209.97,3,0.0,71.3898,34.0,4,South,Consumer,Technology,Accessories,Standard Class,September,Thursday,5.3517159432727315,0,9,4,0.872,1
62.94,3,0.0,30.2112,48.00000000000001,4,South,Consumer,Office Supplies,Binders,Standard Class,September,Thursday,4.157945143631696,0,9,4,0.6011730205278593,1
25.92,9,0.0,7.776,30.0,4,South,Consumer,Office Supplies,Art,Standard Class,September,Thursday,3.2928695047765273,0,9,4,1.0,1
900.08,4,0.0,117.0104,13.0,2,East,Home Office,Office Supplies,Storage,Second Class,December,Sunday,6.803594043899793,0,12,7,0.7795698924731183,1
201.58,2,0.2,20.1584,10.000198432384165,4,Central,Consumer,Technology,Phones,Standard Class,June,Friday,5.311134870258651,0,6,5,0.8521008403361344,1
3.39,4,0.8,-5.088,-150.08849557522123,4,Central,Consumer,Office Supplies,Binders,Standard Class,June,Friday,1.4793292270870801,1,6,5,0.6011730205278593,0
193.07,4,0.32,-19.8744,-10.293883047599317,4,Central,Consumer,Furniture,Bookcases,Standard Class,June,Friday,5.268218918724004,1,6,5,0.5263157894736842,0
15.55,3,0.2,5.4432,35.004501607717046,4,Central,Consumer,Office Supplies,Paper,Standard Class,June,Friday,2.806386101823072,0,6,5,1.0,1
11.65,2,0.2,4.0768,34.993991416309015,4,Central,Consumer,Office Supplies,Paper,Standard Class,June,Friday,2.5376572151735295,0,6,5,1.0,1
418.8,2,0.4,-97.72,-23.333333333333332,4,Central,Consumer,Technology,Machines,Standard Class,June,Friday,6.039778407386533,1,6,5,0.5975609756097561,0
509.49,7,0.2,-127.372,-24.99990186264696,4,Central,Consumer,Office Supplies,Storage,Standard Class,June,Friday,6.235371048774271,0,6,5,0.7795698924731183,0
66.3,3,0.0,8.619,13.0,4,South,Consumer,Technology,Accessories,Standard Class,December,Tuesday,4.209160236650682,0,12,2,0.872,1
30.82,9,0.2,9.63,31.245944192083066,3,South,Consumer,Office Supplies,Paper,First Class,August,Tuesday,3.4600950229096408,0,8,2,1.0,1
44.78,2,0.2,4.4784,10.00089325591782,3,South,Consumer,Technology,Phones,First Class,August,Tuesday,3.8238473145244205,0,8,2,0.8521008403361344,1
569.54,4,0.2,64.0728,11.24992098886821,3,South,Consumer,Office Supplies,Appliances,First Class,August,Tuesday,6.346583280779408,0,8,2,0.867109634551495,1
796.43,7,0.5,-525.6405,-65.99958565096745,3,Central,Home Office,Furniture,Tables,First Class,June,Monday,6.68139405651194,1,6,1,0.3627906976744186,0
12.83,2,0.2,4.3308,33.755261106780985,5,West,Corporate,Office Supplies,Binders,Standard Class,April,Friday,2.626840145676667,0,4,5,0.6011730205278593,1
40.46,7,0.0,19.8254,48.99999999999999,4,Central,Corporate,Office Supplies,Paper,Second Class,November,Monday,3.7247291070076334,0,11,1,1.0,1
404.94,3,0.0,109.3338,27.0,4,Central,Corporate,Technology,Phones,Second Class,November,Monday,6.00620536542948,0,11,1,0.8521008403361344,1
116.0,8,0.0,29.0,25.0,5,West,Corporate,Technology,Accessories,Standard Class,September,Monday,4.762173934797756,0,9,1,0.872,1
657.55,6,0.2,49.3164,7.500022811953465,4,Central,Consumer,Technology,Phones,Standard Class,November,Thursday,6.490040448445056,0,11,4,0.8521008403361344,1
38.24,4,0.2,-9.56,-25.0,5,West,Consumer,Technology,Phones,Standard Class,June,Friday,3.6696966346971625,0,6,5,0.8521008403361344,0
87.17,3,0.2,10.896,12.499713204083974,6,South,Consumer,Technology,Accessories,Standard Class,September,Thursday,4.479266769098936,0,9,4,0.872,1
21.4,5,0.0,6.206,29.000000000000004,4,Central,Corporate,Office Supplies,Art,Standard Class,May,Thursday,3.109060958860994,0,5,4,1.0,1
54.9,5,0.0,15.372,28.000000000000004,0,East,Corporate,Office Supplies,Supplies,Same Day,May,Saturday,4.023564380161053,0,5,6,0.816793893129771,1
287.97,4,0.2,97.1892,33.749765600583395,5,West,Consumer,Technology,Machines,Standard Class,April,Friday,5.666322876495819,0,4,5,0.5975609756097561,1
13.12,4,0.0,3.8048,29.000000000000004,5,West,Consumer,Office Supplies,Art,Standard Class,April,Friday,2.647592232065096,0,4,5,1.0,1
10.75,5,0.0,3.5475,33.0,5,West,Consumer,Office Supplies,Art,Standard Class,April,Friday,2.463853240590168,0,4,5,1.0,1
11.62,2,0.0,3.6022,31.0,5,West,Consumer,Office Supplies,Fasteners,Standard Class,April,Friday,2.5352828571130672,0,4,5,0.9019607843137255,1
40.74,3,0.0,0.4074,0.9999999999999999,3,East,Consumer,Office Supplies,Storage,Second Class,June,Friday,3.7314599016490546,0,6,5,0.7795698924731183,1
83.25,3,0.0,14.985,18.0,0,South,Corporate,Office Supplies,Storage,Same Day,May,Friday,4.433788569232471,0,5,5,0.7795698924731183,1
9.45,3,0.0,4.536,48.0,0,South,Corporate,Office Supplies,Labels,Same Day,May,Friday,2.34660197841082,0,5,5,1.0,1
20.65,5,0.0,9.499,46.00000000000001,0,South,Corporate,Office Supplies,Labels,Same Day,May,Friday,3.075005454448499,0,5,5,1.0,1
45.36,7,0.0,21.7728,48.0,0,South,Corporate,Office Supplies,Paper,Same Day,May,Friday,3.836437018471551,0,5,5,1.0,1
5.35,3,0.2,1.6056,30.011214953271026,2,East,Consumer,Furniture,Furnishings,First Class,September,Sunday,1.8484548129046001,0,9,7,0.8065522620904836,1
99.37,2,0.3,-7.098,-7.143000905705947,2,East,Consumer,Furniture,Chairs,First Class,September,Sunday,4.608863357825709,1,9,7,0.6042154566744731,0
2.67,1,0.2,0.3674,13.760299625468164,2,East,Consumer,Office Supplies,Art,First Class,September,Sunday,1.3001916620664788,0,9,7,1.0,1
45.53,3,0.2,15.9348,34.9984625521634,4,Central,Home Office,Office Supplies,Paper,Second Class,March,Tuesday,3.8400972658565573,0,3,2,1.0,1
844.12,6,0.3,-36.1764,-4.285693977159646,4,Central,Home Office,Furniture,Chairs,Second Class,March,Tuesday,6.739478629108768,1,3,2,0.6042154566744731,0
812.74,8,0.2,60.9552,7.499963087826365,4,Central,Home Office,Technology,Phones,Second Class,March,Tuesday,6.701640904660789,0,3,2,0.8521008403361344,1
330.4,2,0.0,85.904,26.0,3,West,Consumer,Office Supplies,Storage,Second Class,March,Sunday,5.803326104992462,0,3,7,0.7795698924731183,1
604.75,6,0.2,37.797,6.250020669698222,3,West,Consumer,Technology,Phones,Second Class,March,Sunday,6.406467359696635,0,3,7,0.8521008403361344,1
12.96,2,0.0,6.2208,47.99999999999999,3,West,Consumer,Office Supplies,Paper,First Class,July,Sunday,2.6361960973342264,0,7,7,1.0,1
3.96,2,0.0,0.0792,2.0,3,West,Consumer,Office Supplies,Fasteners,First Class,July,Sunday,1.601405740736836,0,7,7,0.9019607843137255,1
15.01,4,0.6,-12.0064,-79.98934043970685,5,Central,Home Office,Furniture,Furnishings,Second Class,September,Friday,2.773213527008623,1,9,5,0.8065522620904836,0
14.5,3,0.2,4.8924,33.74068965517242,5,South,Consumer,Office Supplies,Paper,Standard Class,March,Thursday,2.740840023925201,0,3,4,1.0,1
4.78,1,0.2,1.5548,32.52719665271967,4,West,Home Office,Office Supplies,Binders,Standard Class,June,Tuesday,1.7544036826842861,0,6,2,0.6011730205278593,1
4.73,1,0.0,2.3177,48.99999999999999,4,West,Home Office,Office Supplies,Paper,Standard Class,June,Tuesday,1.7457155307266483,0,6,2,1.0,1
7.89,1,0.0,0.3156,4.0,4,South,Consumer,Office Supplies,Storage,Standard Class,July,Monday,2.1849270495258133,0,7,1,0.7795698924731183,1
65.5,5,0.0,32.095,49.0,4,South,Consumer,Office Supplies,Paper,Standard Class,July,Monday,4.197201947661808,0,7,1,1.0,1
2430.08,8,0.0,388.8128,16.0,4,South,Consumer,Furniture,Tables,Standard Class,July,Monday,7.7960908820428605,0,7,1,0.3627906976744186,1
3.9,2,0.0,1.521,38.99999999999999,6,Central,Corporate,Office Supplies,Art,Standard Class,December,Thursday,1.589235205116581,0,12,4,1.0,1
801.96,2,0.0,200.49,25.0,6,Central,Corporate,Furniture,Tables,Standard Class,December,Thursday,6.688304899505545,0,12,4,0.3627906976744186,1
191.96,2,0.0,32.6332,17.0,6,Central,Corporate,Furniture,Chairs,Standard Class,December,Thursday,5.262482913538821,0,12,4,0.6042154566744731,1
2.61,1,0.0,1.2006,46.0,6,Central,Corporate,Office Supplies,Labels,Standard Class,December,Thursday,1.2837077723447896,0,12,4,1.0,1
2.92,1,0.2,0.365,12.5,2,Central,Consumer,Office Supplies,Supplies,Second Class,December,Saturday,1.366091653802371,0,12,6,0.816793893129771,1
465.18,3,0.0,120.9468,26.0,2,East,Consumer,Office Supplies,Storage,Second Class,December,Monday,6.144571825638524,0,12,1,0.7795698924731183,1
22.43,3,0.7,-17.9424,-79.99286669638876,6,East,Home Office,Office Supplies,Binders,Standard Class,September,Sunday,3.1540172525197043,1,9,7,0.6011730205278593,0
37.52,5,0.2,3.752,10.0,6,East,Home Office,Office Supplies,Storage,Standard Class,September,Sunday,3.651177586929925,0,9,7,0.7795698924731183,1
15.55,3,0.2,5.4432,35.004501607717046,5,East,Consumer,Office Supplies,Paper,Second Class,September,Tuesday,2.806386101823072,0,9,2,1.0,1
64.7,6,0.2,-4.8528,-7.500463678516228,5,East,Consumer,Technology,Accessories,Second Class,September,Tuesday,4.185098925490565,0,9,2,0.872,0
17.47,3,0.2,5.0232,28.75329135661134,5,East,Consumer,Furniture,Furnishings,Second Class,September,Tuesday,2.9161477942111484,0,9,2,0.8065522620904836,1
135.52,1,0.4,-31.6204,-23.33264462809917,5,East,Consumer,Technology,Phones,Second Class,September,Tuesday,4.916471124038506,1,9,2,0.8521008403361344,0
12.45,2,0.2,3.89,31.244979919678716,7,East,Consumer,Office Supplies,Paper,Standard Class,November,Monday,2.598979106047848,0,11,1,1.0,1
657.93,5,0.3,-93.99,-14.285714285714285,7,East,Consumer,Furniture,Chairs,Standard Class,November,Monday,6.4906173073127995,1,11,1,0.6042154566744731,0
29.34,3,0.0,13.4964,46.0,4,East,Consumer,Office Supplies,Envelopes,Second Class,March,Saturday,3.4124669739203863,0,3,6,1.0,1
139.44,3,0.2,47.061,33.75,5,East,Consumer,Office Supplies,Binders,Second Class,September,Tuesday,4.944780351300231,0,9,2,0.6011730205278593,1
6.91,3,0.2,2.5056,36.26049204052098,5,East,Corporate,Office Supplies,Labels,Standard Class,April,Monday,2.0681277817795625,0,4,1,1.0,1
27.1,3,0.2,2.0322,7.49889298892989,5,East,Corporate,Office Supplies,Storage,Standard Class,April,Monday,3.3357695763397,0,4,1,0.7795698924731183,1
177.57,2,0.2,-37.7332,-21.249760657768764,5,East,Corporate,Office Supplies,Storage,Standard Class,April,Monday,5.1849806812090335,0,4,1,0.7795698924731183,0
58.42,2,0.2,16.7946,28.748031496062993,2,Central,Corporate,Technology,Accessories,Second Class,November,Tuesday,4.084630870034462,0,11,2,0.872,1
16.45,2,0.2,5.5512,33.74589665653495,5,East,Home Office,Office Supplies,Paper,Standard Class,December,Thursday,2.859339648648436,0,12,4,1.0,1
36.78,2,0.2,10.5754,28.75312669929309,5,East,Home Office,Technology,Accessories,Standard Class,December,Thursday,3.6317798620733637,0,12,4,0.872,1
9.56,5,0.7,-7.3255,-76.6265690376569,4,East,Consumer,Office Supplies,Binders,Standard Class,September,Monday,2.3570732782781154,1,9,1,0.6011730205278593,0
40.78,3,0.2,4.5873,11.248896517900931,7,South,Corporate,Office Supplies,Art,Standard Class,September,Thursday,3.7324177561284198,0,9,4,1.0,1
63.94,8,0.2,5.5944,8.749452611823585,7,South,Corporate,Technology,Phones,Standard Class,September,Thursday,4.1734637666747,0,9,4,0.8521008403361344,1
142.4,5,0.0,52.688,37.0,5,South,Consumer,Furniture,Furnishings,Standard Class,September,Sunday,4.96563792816552,0,9,7,0.8065522620904836,1
7.16,2,0.0,3.4368,48.0,5,South,Consumer,Office Supplies,Binders,Standard Class,September,Sunday,2.0992441689760155,0,9,7,0.6011730205278593,1
2060.74,7,0.2,643.9825,31.250060657821948,4,West,Consumer,Office Supplies,Binders,Standard Class,August,Saturday,7.631305565453127,0,8,6,0.6011730205278593,1
9.22,4,0.2,3.3408,36.23427331887202,4,East,Home Office,Office Supplies,Labels,Standard Class,November,Thursday,2.3243465847755584,0,11,4,1.0,1
41.96,7,0.4,-9.7902,-23.33222116301239,4,East,Home Office,Technology,Phones,Standard Class,November,Thursday,3.7602694502006093,1,11,4,0.8521008403361344,0
89.57,2,0.2,32.4684,36.24919057720219,4,East,Home Office,Office Supplies,Paper,Standard Class,November,Thursday,4.506123032386857,0,11,4,1.0,1
22.25,3,0.2,7.5087,33.746966292134836,4,East,Home Office,Office Supplies,Paper,Standard Class,November,Thursday,3.1463051320333655,0,11,4,1.0,1
334.88,4,0.2,29.302,8.75,4,East,Home Office,Office Supplies,Appliances,Standard Class,November,Thursday,5.816753953315362,0,11,4,0.867109634551495,1
148.29,7,0.2,29.6576,19.999730258277697,4,East,Home Office,Furniture,Furnishings,Standard Class,November,Thursday,5.005890723065499,0,11,4,0.8065522620904836,1
4.62,1,0.2,1.6762,36.28138528138528,4,East,Home Office,Office Supplies,Paper,Standard Class,November,Thursday,1.7263316639055997,0,11,4,1.0,1
178.92,7,0.2,-29.0745,-16.25,4,East,Home Office,Technology,Accessories,Standard Class,November,Thursday,5.19251230765106,0,11,4,0.872,0
69.89,7,0.7,-46.592,-66.66475890685362,4,East,Home Office,Office Supplies,Binders,Standard Class,November,Thursday,4.261129379866926,1,11,4,0.6011730205278593,0
487.98,2,0.2,152.495,31.250256158039264,3,West,Consumer,Office Supplies,Binders,Second Class,December,Saturday,6.192321588842952,0,12,6,0.6011730205278593,1
47.3,2,0.0,12.298,26.0,3,West,Consumer,Office Supplies,Art,Second Class,December,Saturday,3.877431560658527,0,12,6,1.0,1
4.13,1,0.0,1.1564,28.000000000000004,3,West,Consumer,Office Supplies,Art,Second Class,December,Saturday,1.6351056591826783,0,12,6,1.0,1
155.12,5,0.2,50.414,32.5,3,West,Consumer,Office Supplies,Binders,Second Class,December,Saturday,5.050624942312414,0,12,6,0.6011730205278593,1
6.48,1,0.0,3.1752,48.99999999999999,2,West,Home Office,Office Supplies,Paper,Second Class,July,Friday,2.012232791986386,0,7,5,1.0,1
15.52,4,0.0,4.5008,28.999999999999996,2,West,Home Office,Office Supplies,Supplies,Second Class,July,Friday,2.804571768092832,0,7,5,0.816793893129771,1
2.95,2,0.7,-2.0622,-69.90508474576271,5,South,Consumer,Office Supplies,Binders,Standard Class,November,Sunday,1.3737155789130306,1,11,7,0.6011730205278593,0
55.1,6,0.2,18.5976,33.752450090744105,5,South,Consumer,Office Supplies,Fasteners,Standard Class,November,Sunday,4.027135812528651,0,11,7,0.9019607843137255,1
8.69,3,0.2,2.9322,33.742232451093216,5,South,Corporate,Office Supplies,Envelopes,Standard Class,March,Thursday,2.2710944259026746,0,3,4,1.0,1
30.88,4,0.2,3.86,12.5,5,South,Corporate,Furniture,Furnishings,Standard Class,March,Thursday,3.461978853922014,0,3,4,0.8065522620904836,1
6.41,3,0.2,1.4418,22.492979719188767,5,South,Corporate,Furniture,Furnishings,Standard Class,March,Thursday,2.0028304393079956,0,3,4,0.8065522620904836,1
33.8,5,0.2,4.225,12.5,5,West,Corporate,Office Supplies,Supplies,Standard Class,July,Monday,3.5496173867804286,0,7,1,0.816793893129771,1
377.97,3,0.0,94.4925,25.0,2,Central,Home Office,Technology,Phones,Second Class,June,Monday,5.937457046276627,0,6,1,0.8521008403361344,1
27.89,7,0.2,9.0636,32.497669415561134,5,West,Consumer,Office Supplies,Labels,Standard Class,December,Monday,3.363495514478144,0,12,1,1.0,1
6.46,4,0.7,-4.5192,-69.95665634674923,5,West,Consumer,Office Supplies,Binders,Standard Class,December,Monday,2.0095554142156695,1,12,1,0.6011730205278593,0
52.68,3,0.2,19.755,37.5,5,West,Consumer,Technology,Phones,Standard Class,December,Monday,3.9830404926634264,0,12,1,0.8521008403361344,1
13.88,5,0.2,-2.6025,-18.75,5,West,Consumer,Office Supplies,Supplies,Standard Class,December,Monday,2.700018029404946,0,12,1,0.816793893129771,0
103.92,10,0.2,-18.186,-17.5,5,West,Consumer,Technology,Accessories,Standard Class,December,Monday,4.653198154998673,0,12,1,0.872,0
11.52,5,0.2,3.744,32.5,5,West,Consumer,Office Supplies,Labels,Standard Class,December,Monday,2.5273273656719524,0,12,1,1.0,1
10.37,2,0.2,3.6288,34.993249758919966,5,West,Consumer,Office Supplies,Paper,Standard Class,December,Monday,2.4309783077624445,0,12,1,1.0,1
39.07,3,0.2,2.9304,7.500383926286153,5,West,Consumer,Office Supplies,Storage,Standard Class,December,Monday,3.6906279246480533,0,12,1,0.7795698924731183,1
8.87,1,0.2,3.2161,36.25817361894025,6,East,Home Office,Office Supplies,Envelopes,Standard Class,April,Friday,2.28949985344539,0,4,5,1.0,1
121.1,6,0.7,-100.92,-83.33608587943849,6,East,Home Office,Office Supplies,Binders,Standard Class,April,Friday,4.804840381116659,1,4,5,0.6011730205278593,0
44.46,2,0.0,14.6718,32.99999999999999,4,West,Corporate,Furniture,Furnishings,Standard Class,December,Saturday,3.8168328184243974,0,12,6,0.8065522620904836,1
15.8,4,0.0,5.056,32.0,5,East,Consumer,Office Supplies,Fasteners,Standard Class,July,Thursday,2.8213788864092133,0,7,4,0.9019607843137255,1
464.97,3,0.0,209.2365,45.0,5,East,Consumer,Technology,Machines,Standard Class,July,Thursday,6.14412125437091,0,7,4,0.5975609756097561,1
181.96,2,0.0,20.0156,10.999999999999998,5,East,Consumer,Furniture,Furnishings,Standard Class,July,Thursday,5.209267549714526,0,7,4,0.8065522620904836,1
12.39,3,0.0,5.6994,46.0,5,East,Consumer,Office Supplies,Labels,Standard Class,July,Thursday,2.5945081597030812,0,7,4,1.0,1
84.09,3,0.0,42.045,50.0,5,East,Consumer,Office Supplies,Binders,Standard Class,July,Thursday,4.443709519861466,0,7,4,0.6011730205278593,1
79.36,4,0.0,32.5376,41.0,5,East,Consumer,Office Supplies,Art,Standard Class,July,Thursday,4.386516539946734,0,7,4,1.0,1
153.36,9,0.0,70.5456,45.99999999999999,5,East,Consumer,Office Supplies,Binders,Standard Class,July,Thursday,5.039287536669418,0,7,4,0.6011730205278593,1
43.68,6,0.0,21.4032,48.99999999999999,5,East,Consumer,Office Supplies,Binders,Standard Class,July,Thursday,3.799525974201,0,7,4,0.6011730205278593,1
98.21,7,0.0,28.4809,28.999999999999996,5,East,Consumer,Office Supplies,Storage,Standard Class,July,Thursday,4.597238815661811,0,7,4,0.7795698924731183,1
9.84,3,0.0,3.2472,33.0,6,West,Consumer,Office Supplies,Art,Standard Class,December,Tuesday,2.3832429960115,0,12,2,1.0,1
2.69,2,0.7,-2.245,-83.45724907063197,4,South,Consumer,Office Supplies,Binders,Standard Class,May,Friday,1.3056264580524357,1,5,5,0.6011730205278593,0
59.99,2,0.7,-45.9954,-76.67177862977162,3,West,Corporate,Technology,Machines,Second Class,October,Friday,4.110709916308365,1,10,5,0.5975609756097561,0
439.99,1,0.2,164.997,37.50017045841951,3,West,Corporate,Technology,Copiers,Second Class,October,Friday,6.089022199452786,0,10,5,1.0,1
87.96,5,0.2,30.786,35.0,3,West,Corporate,Technology,Phones,Second Class,October,Friday,4.488186830502272,0,10,5,0.8521008403361344,1
15.49,4,0.2,3.6784,23.746933505487412,3,West,Corporate,Furniture,Furnishings,Second Class,October,Friday,2.8027541365715076,0,10,5,0.8065522620904836,1
232.96,7,0.0,116.48,50.0,5,South,Corporate,Office Supplies,Binders,Standard Class,October,Saturday,5.455150160574825,0,10,6,0.6011730205278593,1
66.54,6,0.0,32.6046,48.99999999999999,5,South,Corporate,Office Supplies,Envelopes,Standard Class,October,Saturday,4.212720014957422,0,10,6,1.0,1
43.26,3,0.0,14.2758,33.0,5,South,Corporate,Office Supplies,Appliances,Standard Class,October,Saturday,3.7900813346229034,0,10,6,0.867109634551495,1
141.96,2,0.0,22.7136,15.999999999999998,2,West,Home Office,Furniture,Furnishings,Second Class,November,Thursday,4.962564870851173,0,11,4,0.8065522620904836,1
79.4,5,0.2,5.955,7.5,4,West,Corporate,Office Supplies,Storage,Standard Class,September,Saturday,4.387014176184921,0,9,6,0.7795698924731183,1
15.17,2,0.2,3.792,24.996704021094263,4,East,Corporate,Furniture,Furnishings,Second Class,January,Saturday,2.783157673589016,0,1,6,0.8065522620904836,1
24.78,6,0.0,6.9384,27.999999999999996,6,South,Corporate,Office Supplies,Art,Standard Class,June,Saturday,3.2495989975110415,0,6,6,1.0,1
19.14,3,0.0,8.8044,46.0,6,South,Corporate,Office Supplies,Binders,Standard Class,June,Saturday,3.0027078872904163,0,6,6,0.6011730205278593,1
899.97,3,0.0,314.9895,35.0,6,South,Corporate,Technology,Copiers,Standard Class,June,Saturday,6.8034719607166,0,6,6,1.0,1
32.4,5,0.0,15.552,48.0,6,South,Corporate,Office Supplies,Paper,Standard Class,June,Saturday,3.5085558999826545,0,6,6,1.0,1
6.37,2,0.6,-2.5472,-39.98744113029827,4,Central,Corporate,Furniture,Furnishings,Standard Class,November,Sunday,1.9974177062012453,1,11,7,0.8065522620904836,0
34.18,3,0.8,-87.1488,-254.97015798712695,4,Central,Corporate,Office Supplies,Appliances,Standard Class,November,Sunday,3.560477739309412,1,11,7,0.867109634551495,0
5.54,7,0.2,1.6632,30.02166064981949,4,Central,Corporate,Technology,Accessories,Standard Class,November,Sunday,1.8779371654691073,0,11,7,0.872,1
45.68,2,0.0,21.0128,46.0,2,West,Consumer,Office Supplies,Paper,Second Class,December,Monday,3.8433158074183553,0,12,1,1.0,1
603.92,5,0.2,45.294,7.5,2,West,Consumer,Furniture,Chairs,Second Class,December,Monday,6.40509621788254,0,12,1,0.6042154566744731,1
5.04,2,0.0,0.1512,3.0,4,South,Consumer,Office Supplies,Supplies,Standard Class,September,Monday,1.7984040119467235,0,9,1,0.816793893129771,1
249.95,5,0.0,107.4785,43.0,4,South,Consumer,Technology,Accessories,Standard Class,September,Monday,5.525253716100942,0,9,1,0.872,1
33.4,5,0.0,12.358,37.00000000000001,6,Central,Corporate,Office Supplies,Art,Standard Class,September,Saturday,3.5380565643793527,0,9,6,1.0,1
18.92,4,0.0,7.3788,38.99999999999999,4,South,Home Office,Furniture,Furnishings,Standard Class,December,Tuesday,2.991724252156452,0,12,2,0.8065522620904836,1
15.42,2,0.0,6.939,45.0,4,South,Home Office,Office Supplies,Binders,Standard Class,December,Tuesday,2.7985001040242823,0,12,2,0.6011730205278593,1
551.99,5,0.7,-459.9875,-83.33257848874074,5,West,Corporate,Office Supplies,Binders,Standard Class,December,Tuesday,6.315339918176192,1,12,2,0.6011730205278593,0
18.72,2,0.2,3.51,18.75,7,West,Corporate,Office Supplies,Appliances,Standard Class,December,Monday,2.9816333491744893,0,12,1,0.867109634551495,1
360.38,2,0.0,93.6988,26.0,6,East,Consumer,Office Supplies,Storage,Standard Class,June,Sunday,5.889930036283685,0,6,7,0.7795698924731183,1
11.16,2,0.0,2.79,25.0,6,East,Consumer,Office Supplies,Art,Standard Class,June,Sunday,2.498151876538021,0,6,7,1.0,1
14.94,3,0.0,6.8724,46.0,6,East,Consumer,Office Supplies,Labels,Standard Class,June,Sunday,2.768831673362069,0,6,7,1.0,1
41.96,2,0.0,7.9724,19.0,5,East,Corporate,Office Supplies,Storage,Standard Class,September,Friday,3.7602694502006093,0,9,5,0.7795698924731183,1
636.86,7,0.0,0.0,0.0,5,East,Corporate,Office Supplies,Storage,Standard Class,September,Friday,6.458118823528569,0,9,5,0.7795698924731183,0
499.99,1,0.0,129.9974,26.0,5,East,Corporate,Technology,Phones,Standard Class,September,Friday,6.21658614080582,0,9,5,0.8521008403361344,1
1259.93,7,0.0,327.5818,25.999999999999996,5,East,Corporate,Technology,Phones,Standard Class,September,Friday,7.139604822925289,0,9,5,0.8521008403361344,1
65.08,4,0.0,31.8892,49.0,5,East,Corporate,Office Supplies,Binders,Standard Class,September,Friday,4.190866129212723,0,9,5,0.6011730205278593,1
129.98,2,0.0,62.3904,48.00000000000001,0,East,Consumer,Technology,Phones,Same Day,March,Thursday,4.875044639789907,0,3,4,0.8521008403361344,1
32.54,2,0.0,15.9446,49.0,0,East,Consumer,Office Supplies,Binders,Same Day,March,Thursday,3.5127387563950627,0,3,4,0.6011730205278593,1
10.9,1,0.0,3.052,27.999999999999996,4,Central,Consumer,Technology,Phones,Standard Class,December,Friday,2.4765384001174837,0,12,5,0.8521008403361344,1
59.98,2,0.0,25.1916,42.00000000000001,4,Central,Consumer,Technology,Accessories,Standard Class,December,Friday,4.110545941560109,0,12,5,0.872,1
61.93,1,0.1,23.3954,37.777167770062974,4,Central,Consumer,Office Supplies,Appliances,Standard Class,December,Friday,4.1420229975388425,0,12,5,0.867109634551495,1
16.52,4,0.0,7.5992,46.0,6,East,Consumer,Office Supplies,Envelopes,Standard Class,January,Friday,2.8633430855082453,0,1,5,1.0,1
60.12,9,0.0,28.8576,48.00000000000001,6,East,Consumer,Office Supplies,Paper,Standard Class,January,Friday,4.112839144858265,0,1,5,1.0,1
49.54,3,0.2,17.3376,34.997174000807426,6,East,Consumer,Office Supplies,Binders,Standard Class,January,Friday,3.922765101960048,0,1,5,0.6011730205278593,1
11.85,3,0.0,3.792,32.0,0,South,Consumer,Office Supplies,Fasteners,Same Day,October,Friday,2.553343811341229,0,10,5,0.9019607843137255,1
118.25,5,0.0,34.2925,28.999999999999996,5,South,Consumer,Office Supplies,Storage,Second Class,September,Friday,4.781222129768451,0,9,5,0.7795698924731183,1
368.97,3,0.0,81.1734,21.999999999999996,5,South,Consumer,Furniture,Chairs,Second Class,September,Friday,5.913421921269941,0,9,5,0.6042154566744731,1
42.78,7,0.2,15.5092,36.253389434315096,3,Central,Corporate,Office Supplies,Paper,First Class,March,Thursday,3.779177092094717,0,3,4,1.0,1
563.43,5,0.3,-56.343,-10.000000000000002,3,Central,Corporate,Furniture,Chairs,First Class,March,Thursday,6.335816372357684,1,3,4,0.6042154566744731,0
111.1,7,0.2,8.3328,7.500270027002701,4,East,Consumer,Office Supplies,Art,Standard Class,February,Monday,4.719391330078114,0,2,1,1.0,1
11.68,2,0.0,5.4896,47.0,5,West,Corporate,Office Supplies,Art,Standard Class,September,Friday,2.5400259490090797,0,9,5,1.0,1
16.9,2,0.0,5.07,30.000000000000004,5,West,Corporate,Office Supplies,Supplies,Standard Class,September,Friday,2.884800712846709,0,9,5,0.816793893129771,1
24.4,2,0.0,10.248,42.0,5,West,Corporate,Furniture,Furnishings,Standard Class,September,Friday,3.2347491740244907,0,9,5,0.8065522620904836,1
241.96,2,0.0,24.196,10.0,5,Central,Corporate,Furniture,Bookcases,Second Class,August,Saturday,5.492896820737493,0,8,6,0.5263157894736842,1
8.52,3,0.0,4.1748,49.00000000000001,5,Central,Corporate,Office Supplies,Binders,Second Class,August,Saturday,2.253394848803274,0,8,6,0.6011730205278593,1
99.37,2,0.3,-1.4196,-1.4286001811411895,4,Central,Corporate,Furniture,Tables,Standard Class,March,Monday,4.608863357825709,1,3,1,0.3627906976744186,0
1.34,1,0.2,0.504,37.61194029850746,4,Central,Corporate,Office Supplies,Art,Standard Class,March,Monday,0.8501509293696101,0,3,1,1.0,1
119.96,5,0.2,11.996,10.0,2,Central,Home Office,Technology,Phones,Second Class,December,Tuesday,4.795459912431223,0,12,2,0.8521008403361344,1
1013.83,9,0.2,101.3832,10.000019727173195,4,South,Corporate,Furniture,Chairs,Second Class,December,Tuesday,6.92247638976353,0,12,2,0.6042154566744731,1
1.98,2,0.2,0.6696,33.81818181818182,4,South,Corporate,Office Supplies,Fasteners,Second Class,December,Tuesday,1.091923300517313,0,12,2,0.9019607843137255,1
2003.52,6,0.2,-325.572,-16.25,4,West,Consumer,Furniture,Tables,Standard Class,December,Saturday,7.603159909583297,0,12,6,0.3627906976744186,0
82.37,2,0.2,-19.5624,-23.749423333738008,5,East,Corporate,Office Supplies,Storage,Standard Class,May,Thursday,4.423288532422522,0,5,4,0.7795698924731183,0
62.91,3,0.0,22.6476,36.00000000000001,5,South,Consumer,Technology,Accessories,Second Class,August,Wednesday,4.157475843662191,0,8,3,0.872,1
6.91,3,0.2,2.3328,33.75976845151954,2,South,Consumer,Office Supplies,Fasteners,Second Class,April,Friday,2.0681277817795625,0,4,5,0.9019607843137255,1
383.98,3,0.2,81.5949,21.24977863430387,2,South,Consumer,Technology,Accessories,Second Class,April,Friday,5.953191384886489,0,4,5,0.872,1
10.37,2,0.2,3.6288,34.993249758919966,2,South,Consumer,Office Supplies,Paper,Second Class,April,Friday,2.4309783077624445,0,4,5,1.0,1
335.94,7,0.2,41.993,12.500148836101685,2,South,Consumer,Technology,Accessories,Second Class,April,Friday,5.819904872958058,0,4,5,0.872,1
665.88,6,0.0,106.5408,16.0,5,West,Home Office,Furniture,Furnishings,Standard Class,May,Sunday,6.502610119684893,0,5,7,0.8065522620904836,1
273.96,2,0.0,10.9584,4.0,4,Central,Home Office,Technology,Phones,Standard Class,November,Sunday,5.616625632541578,0,11,7,0.8521008403361344,1
269.98,3,0.4,40.4973,15.000111119342174,5,East,Consumer,Technology,Phones,Second Class,July,Thursday,5.602045017418285,1,7,4,0.8521008403361344,1
1085.42,7,0.0,282.2092,26.0,4,West,Corporate,Office Supplies,Storage,Standard Class,October,Monday,6.9906431660606065,0,10,1,0.7795698924731183,1
3.91,1,0.2,1.0269,26.263427109974423,5,Central,Consumer,Office Supplies,Art,Standard Class,September,Sunday,1.5912739418064292,0,9,7,1.0,1
62.38,3,0.2,7.0173,11.249278614940685,5,Central,Consumer,Office Supplies,Art,Standard Class,September,Sunday,4.149148354262775,0,9,7,1.0,1
29.05,5,0.0,9.0055,31.0,4,Central,Home Office,Office Supplies,Fasteners,Standard Class,April,Sunday,3.4028626609812167,0,4,7,0.9019607843137255,1
180.96,6,0.2,67.86,37.5,6,West,Home Office,Office Supplies,Binders,Standard Class,July,Saturday,5.203786882701803,0,7,6,0.6011730205278593,1
4.42,3,0.7,-3.3879,-76.64932126696833,1,East,Corporate,Office Supplies,Binders,First Class,February,Friday,1.6900958154515549,1,2,5,0.6011730205278593,0
16.03,6,0.2,2.2044,13.751715533374922,1,East,Corporate,Office Supplies,Art,First Class,February,Friday,2.834976494674597,0,2,5,1.0,1
29.79,3,0.0,12.5118,42.0,4,East,Consumer,Office Supplies,Art,Standard Class,November,Friday,3.427189961936409,0,11,5,1.0,1
57.23,1,0.0,14.3075,25.0,6,West,Consumer,Office Supplies,Storage,Standard Class,January,Monday,4.064400685849028,0,1,1,0.7795698924731183,1
333.0,3,0.2,-16.65,-5.0,6,West,Consumer,Furniture,Tables,Standard Class,January,Monday,5.811140992976701,0,1,1,0.3627906976744186,0
36.44,4,0.0,12.0252,33.0,6,West,Consumer,Office Supplies,Art,Standard Class,January,Monday,3.622739651609391,0,1,1,1.0,1
102.59,1,0.2,10.2592,10.00019495077493,6,South,Consumer,Furniture,Chairs,Standard Class,October,Friday,4.640440800070011,0,10,5,0.6042154566744731,1
22.7,1,0.2,5.9598,26.254625550660798,6,South,Consumer,Technology,Accessories,Standard Class,October,Friday,3.1654750481410856,0,10,5,0.872,1
93.02,3,0.2,33.7212,36.251558804558165,6,South,Consumer,Office Supplies,Paper,Standard Class,October,Friday,4.5435075255959845,0,10,5,1.0,1
12.77,2,0.2,1.4364,11.248238057948317,6,South,Consumer,Office Supplies,Supplies,Standard Class,October,Friday,2.6224923127405635,0,10,5,0.816793893129771,1
35.01,4,0.2,13.128,37.49785775492717,6,South,Consumer,Office Supplies,Envelopes,Standard Class,October,Friday,3.583796677660784,0,10,5,1.0,1
39.15,1,0.2,14.682,37.50191570881226,6,South,Consumer,Office Supplies,Paper,Standard Class,October,Friday,3.6926224403927708,0,10,5,1.0,1
11.76,5,0.2,1.323,11.25,7,South,Corporate,Office Supplies,Art,Standard Class,November,Thursday,2.546315277916644,0,11,4,1.0,1
5.24,2,0.7,-4.0158,-76.63740458015266,7,South,Corporate,Office Supplies,Binders,Standard Class,November,Thursday,1.8309801823813363,1,11,4,0.6011730205278593,0
4.66,3,0.7,-3.7296,-80.0343347639485,7,South,Corporate,Office Supplies,Binders,Standard Class,November,Thursday,1.7334238922150915,1,11,4,0.6011730205278593,0
523.92,5,0.2,-72.039,-13.750000000000002,7,South,Corporate,Furniture,Chairs,Standard Class,November,Thursday,6.2632458700280855,0,11,4,0.6042154566744731,0
100.79,1,0.2,10.0792,10.000198432384165,7,South,Corporate,Technology,Phones,Standard Class,November,Thursday,4.622911867464248,0,11,4,0.8521008403361344,1
146.14,3,0.2,16.4403,11.24969207609142,7,South,Corporate,Furniture,Chairs,Standard Class,November,Thursday,4.9913845145041185,0,11,4,0.6042154566744731,1
19.82,6,0.2,6.4428,32.50655903128153,4,Central,Consumer,Office Supplies,Labels,Standard Class,November,Thursday,3.035914063186823,0,11,4,1.0,1
823.96,5,0.2,51.4975,6.25,0,South,Consumer,Technology,Phones,Same Day,July,Friday,6.715334900310768,0,7,5,0.8521008403361344,1
15.98,2,0.2,4.995,31.257822277847307,0,South,Consumer,Office Supplies,Paper,Same Day,July,Friday,2.8320361808832013,0,7,5,1.0,1
801.96,2,0.0,200.49,25.0,4,South,Consumer,Furniture,Tables,Standard Class,September,Tuesday,6.688304899505545,0,9,2,0.3627906976744186,1
59.97,3,0.0,0.0,0.0,4,South,Consumer,Technology,Phones,Standard Class,September,Tuesday,4.110381939919725,0,9,2,0.8521008403361344,0
1056.86,7,0.0,306.4894,29.000000000000004,4,South,Consumer,Furniture,Chairs,Standard Class,September,Tuesday,6.964003278520724,0,9,2,0.6042154566744731,1
991.2,6,0.0,257.712,25.999999999999996,4,East,Consumer,Office Supplies,Storage,Standard Class,September,Monday,6.899924699866949,0,9,1,0.7795698924731183,1
879.98,2,0.2,329.994,37.50017045841951,4,East,Consumer,Technology,Copiers,Standard Class,September,Monday,6.781034924202901,0,9,1,1.0,1
12.96,9,0.2,4.536,34.99999999999999,4,East,Consumer,Office Supplies,Binders,Standard Class,September,Monday,2.6361960973342264,0,9,1,0.6011730205278593,1
107.44,10,0.2,10.744,10.0,5,Central,Corporate,Office Supplies,Storage,Standard Class,October,Tuesday,4.686197024630465,0,10,2,0.7795698924731183,1
76.14,3,0.0,26.649,35.0,5,East,Consumer,Furniture,Furnishings,Standard Class,November,Saturday,4.345621952780082,0,11,6,0.8065522620904836,1
19.96,2,0.0,9.3812,47.0,5,East,Consumer,Office Supplies,Binders,Standard Class,November,Saturday,3.0426158594528414,0,11,6,0.6011730205278593,1
1049.97,5,0.4,-209.994,-20.0,0,East,Corporate,Technology,Phones,Same Day,November,Monday,6.957468826225979,1,11,1,0.8521008403361344,0
611.06,3,0.3,-34.9176,-5.714267011422773,0,East,Corporate,Furniture,Chairs,Same Day,November,Monday,6.416830316922482,1,11,1,0.6042154566744731,0
2.37,2,0.2,0.8288,34.970464135021096,7,West,Corporate,Office Supplies,Fasteners,Standard Class,April,Tuesday,1.2149127443642704,0,4,2,0.9019607843137255,1
19.01,3,0.2,6.8904,36.246186217780114,7,West,Corporate,Office Supplies,Paper,Standard Class,April,Tuesday,2.996232148595642,0,4,2,1.0,1
911.98,2,0.2,113.998,12.500054825763723,7,West,Consumer,Technology,Phones,Standard Class,July,Saturday,6.8167139745499945,0,7,6,0.8521008403361344,1
674.35,3,0.2,-109.5822,-16.250048194557724,7,West,Consumer,Furniture,Chairs,Standard Class,July,Saturday,6.515231075006773,0,7,6,0.6042154566744731,0
134.01,9,0.0,36.1827,27.0,7,West,Consumer,Furniture,Furnishings,Standard Class,July,Saturday,4.905348849769155,0,7,6,0.8065522620904836,1
170.97,3,0.0,70.0977,41.0,7,West,Consumer,Technology,Accessories,Standard Class,July,Saturday,5.147320042996108,0,7,6,0.872,1
170.35,3,0.2,10.647,6.250073378338715,4,South,Corporate,Furniture,Chairs,Standard Class,June,Sunday,5.143708248320618,0,6,7,0.6042154566744731,1
7.18,2,0.2,2.245,31.267409470752096,3,West,Corporate,Office Supplies,Binders,First Class,October,Tuesday,2.1016921506146558,0,10,2,0.6011730205278593,1
6.28,2,0.0,0.0628,0.9999999999999999,3,West,Corporate,Office Supplies,Supplies,First Class,October,Tuesday,1.9851308622085946,0,10,2,0.816793893129771,1
480.74,2,0.0,14.4222,3.0,3,West,Corporate,Office Supplies,Supplies,First Class,October,Tuesday,6.177404549424647,0,10,2,0.816793893129771,1
617.0,6,0.15,-36.294,-5.882333873581847,3,West,Corporate,Furniture,Bookcases,First Class,October,Tuesday,6.42648845745769,0,10,2,0.5263157894736842,0
141.4,5,0.0,38.178,26.999999999999996,3,West,Corporate,Office Supplies,Storage,First Class,October,Tuesday,4.958639998977875,0,10,2,0.7795698924731183,1
85.96,7,0.0,40.4012,47.00000000000001,5,Central,Corporate,Office Supplies,Paper,Standard Class,December,Friday,4.465448242812954,0,12,5,1.0,1
85.3,2,0.0,14.501,17.0,0,East,Home Office,Furniture,Furnishings,Same Day,September,Monday,4.457829598089382,0,9,1,0.8065522620904836,1
447.94,7,0.2,89.5888,20.00017859534759,0,West,Consumer,Technology,Accessories,Same Day,December,Saturday,6.106889248523399,0,12,6,0.872,1
40.18,3,0.2,14.5638,36.2463912394226,7,East,Consumer,Office Supplies,Binders,Standard Class,May,Saturday,3.717952701599643,0,5,6,0.6011730205278593,1
10.9,3,0.2,3.9498,36.236697247706424,7,East,Consumer,Office Supplies,Binders,Standard Class,May,Saturday,2.4765384001174837,0,5,6,0.6011730205278593,1
151.96,5,0.6,-182.352,-120.0,5,Central,Consumer,Furniture,Furnishings,Standard Class,November,Saturday,5.030176449303092,1,11,6,0.8065522620904836,0
238.0,2,0.0,38.08,16.0,2,West,Consumer,Technology,Accessories,Second Class,July,Sunday,5.476463551931511,0,7,7,0.872,1
148.32,9,0.0,63.7776,43.0,4,West,Consumer,Technology,Accessories,Second Class,October,Friday,5.006091654046383,0,10,5,0.872,1
240.78,1,0.2,27.0882,11.250186892599054,4,West,Consumer,Furniture,Chairs,Second Class,October,Friday,5.488028221773845,0,10,5,0.6042154566744731,1
191.97,7,0.2,16.7972,8.749908839922904,4,West,Consumer,Furniture,Chairs,Second Class,October,Friday,5.262534736408265,0,10,5,0.6042154566744731,1
11.56,2,0.0,5.6644,48.99999999999999,4,West,Consumer,Office Supplies,Paper,Second Class,October,Friday,2.5305171610400525,0,10,5,1.0,1
11.8,4,0.0,5.664,47.99999999999999,4,West,Consumer,Office Supplies,Envelopes,Second Class,October,Friday,2.5494451709255714,0,10,5,1.0,1
842.35,3,0.2,42.1176,5.000011871549831,4,West,Consumer,Furniture,Chairs,Second Class,October,Friday,6.737382055704024,0,10,5,0.6042154566744731,1
23.47,3,0.2,7.6284,32.502769492969755,2,South,Consumer,Office Supplies,Envelopes,Second Class,September,Monday,3.19744787745458,0,9,1,1.0,1
86.06,7,0.7,-63.1092,-73.33162909597955,2,South,Consumer,Office Supplies,Binders,Second Class,September,Monday,4.4665975361241514,1,9,1,0.6011730205278593,0
108.78,2,0.2,6.799,6.250229821658393,2,South,Consumer,Technology,Phones,Second Class,September,Monday,4.698478363121743,0,9,1,0.8521008403361344,1
10.27,3,0.2,3.21,31.256085686465436,2,South,Consumer,Office Supplies,Paper,Second Class,September,Monday,2.422144328051685,0,9,1,1.0,1
38.19,5,0.7,-26.733,-70.0,5,South,Consumer,Office Supplies,Binders,Standard Class,October,Friday,3.66842161221154,1,10,5,0.6011730205278593,0
49.63,4,0.2,3.7224,7.500302236550473,2,Central,Corporate,Office Supplies,Storage,First Class,April,Saturday,3.924544285981818,0,4,6,0.7795698924731183,1
52.1,4,0.2,3.9072,7.499424184261036,2,Central,Corporate,Office Supplies,Storage,First Class,April,Saturday,3.9721769282478934,0,4,6,0.7795698924731183,1
9.57,2,0.2,2.99,31.24346917450366,5,West,Consumer,Office Supplies,Paper,Standard Class,June,Monday,2.3580197998821464,0,6,1,1.0,1
82.37,2,0.2,-19.5624,-23.749423333738008,5,West,Consumer,Office Supplies,Storage,Standard Class,June,Monday,4.423288532422522,0,6,1,0.7795698924731183,0
364.7,6,0.2,-36.4704,-10.000109679188373,5,West,Consumer,Furniture,Furnishings,Standard Class,June,Monday,5.901813325155335,0,6,1,0.8065522620904836,0
40.26,4,0.2,11.0704,27.497267759562842,5,West,Consumer,Furniture,Furnishings,Standard Class,June,Monday,3.7198935076431057,0,6,1,0.8065522620904836,1
4.37,3,0.2,0.3822,8.745995423340961,7,South,Corporate,Office Supplies,Art,Standard Class,July,Saturday,1.6808279085207734,0,7,6,1.0,1
134.85,3,0.0,37.758,28.000000000000004,5,Central,Consumer,Technology,Phones,Second Class,March,Thursday,4.911551335872357,0,3,4,0.8521008403361344,1
8.56,2,0.0,2.6536,31.0,4,South,Consumer,Office Supplies,Art,Standard Class,June,Monday,2.25758772706331,0,6,1,1.0,1
239.97,3,0.0,67.1916,27.999999999999996,4,South,Consumer,Technology,Phones,Standard Class,June,Monday,5.484672444414411,0,6,1,0.8521008403361344,1
356.94,2,0.0,107.082,30.0,4,South,Consumer,Office Supplies,Storage,Standard Class,June,Monday,5.880365374589262,0,6,1,0.7795698924731183,1
659.9,2,0.0,217.767,33.0,6,West,Corporate,Technology,Accessories,Standard Class,November,Thursday,6.493602542476407,0,11,4,0.872,1
1684.75,6,0.2,210.594,12.500014838996885,6,West,Corporate,Furniture,Chairs,Standard Class,November,Thursday,7.4299658476146915,0,11,4,0.6042154566744731,1
559.92,8,0.0,190.3728,34.0,6,West,Corporate,Technology,Accessories,Standard Class,November,Thursday,6.32957829285845,0,11,4,0.872,1
279.94,7,0.2,48.9902,17.50025005358291,4,Central,Consumer,Technology,Accessories,Standard Class,November,Thursday,5.638141123402764,0,11,4,0.872,1
9.98,5,0.8,-16.467,-165.0,6,Central,Home Office,Office Supplies,Binders,Standard Class,November,Saturday,2.3960754360813845,1,11,6,0.6011730205278593,0
10.37,2,0.2,3.6288,34.993249758919966,5,Central,Corporate,Office Supplies,Paper,Standard Class,January,Saturday,2.4309783077624445,0,1,6,1.0,1
47.98,2,0.2,-1.1996,-2.500208420175073,6,East,Home Office,Technology,Accessories,Standard Class,November,Saturday,3.891412051524022,0,11,6,0.872,0
270.34,14,0.0,75.6952,28.000000000000004,5,West,Home Office,Office Supplies,Storage,Second Class,October,Friday,5.603372647057163,0,10,5,0.7795698924731183,1
98.11,7,0.2,18.396,18.750382224034247,5,East,Home Office,Office Supplies,Appliances,Standard Class,April,Sunday,4.596230344418617,0,4,7,0.867109634551495,1
563.81,4,0.2,21.1428,3.7499866976463707,5,East,Home Office,Office Supplies,Storage,Standard Class,April,Sunday,6.33648939140473,0,4,7,0.7795698924731183,1
10.43,4,0.7,-6.952,-66.65388302972197,5,East,Home Office,Office Supplies,Binders,Standard Class,April,Sunday,2.4362414778067194,1,4,7,0.6011730205278593,0
547.14,4,0.2,-68.392,-12.499908615710787,5,East,Home Office,Furniture,Furnishings,Standard Class,April,Sunday,6.306530728772529,0,4,7,0.8065522620904836,0
14.85,5,0.4,-3.2175,-21.666666666666664,5,East,Home Office,Technology,Phones,Standard Class,April,Sunday,2.7631695003232895,1,4,7,0.8521008403361344,0
41.99,2,0.4,-9.7972,-23.332221957608954,5,East,Home Office,Technology,Phones,Standard Class,April,Sunday,3.76096753050819,1,4,7,0.8521008403361344,0
7.58,1,0.2,2.37,31.266490765171508,5,East,Home Office,Furniture,Furnishings,Standard Class,April,Sunday,2.149433913499871,0,4,7,0.8065522620904836,1
352.45,5,0.5,-211.47,-60.0,5,East,Home Office,Furniture,Bookcases,Standard Class,April,Sunday,5.867742032616963,1,4,7,0.5263157894736842,0
61.68,4,0.0,16.6536,27.0,6,South,Corporate,Office Supplies,Storage,Standard Class,December,Tuesday,4.13804241748782,0,12,2,0.7795698924731183,1
63.96,4,0.0,30.7008,48.0,6,South,Corporate,Office Supplies,Binders,Standard Class,December,Tuesday,4.173771695853422,0,12,2,0.6011730205278593,1
359.98,3,0.2,35.9976,9.999888882715705,4,Central,Consumer,Technology,Phones,Second Class,June,Tuesday,5.888822555136103,0,6,2,0.8521008403361344,1
30.28,2,0.0,1.2112,4.0,4,West,Consumer,Office Supplies,Storage,Standard Class,September,Wednesday,3.4429789156771102,0,9,3,0.7795698924731183,1
57.93,3,0.0,16.2204,28.000000000000004,4,West,Consumer,Office Supplies,Storage,Standard Class,September,Wednesday,4.076350298849822,0,9,3,0.7795698924731183,1
35.34,2,0.0,13.4292,37.99999999999999,4,West,Consumer,Furniture,Furnishings,Standard Class,September,Wednesday,3.592919062968025,0,9,3,0.8065522620904836,1
137.24,5,0.2,46.3185,33.75,4,West,Consumer,Office Supplies,Binders,Standard Class,September,Wednesday,4.928991305055746,0,9,3,0.6011730205278593,1
241.33,5,0.32,-14.196,-5.882401690631086,3,Central,Consumer,Furniture,Bookcases,First Class,March,Monday,5.490300433612623,1,3,1,0.5263157894736842,0
5.18,1,0.2,1.8792,36.277992277992276,3,Central,Consumer,Office Supplies,Paper,First Class,March,Monday,1.8213182714695995,0,3,1,1.0,1
145.54,7,0.2,16.3737,11.250309193348908,3,Central,Consumer,Office Supplies,Art,First Class,March,Monday,4.987298428731818,0,3,1,1.0,1
5.47,3,0.2,1.6416,30.0109689213894,7,East,Corporate,Office Supplies,Art,Standard Class,August,Friday,1.8671761085128091,0,8,5,1.0,1
47.98,2,0.2,13.1956,27.502292621925804,7,East,Corporate,Technology,Accessories,Standard Class,August,Friday,3.891412051524022,0,8,5,0.872,1
28.75,3,0.2,9.3444,32.50226086956522,4,Central,Consumer,Office Supplies,Envelopes,Standard Class,June,Tuesday,3.392829131991639,0,6,2,1.0,1
27.22,3,0.2,9.8658,36.244673034533434,4,Central,Consumer,Office Supplies,Paper,Standard Class,June,Tuesday,3.340030946424668,0,6,2,1.0,1
197.37,2,0.3,-25.3764,-12.857273141814865,4,Central,Consumer,Furniture,Chairs,Standard Class,June,Tuesday,5.2901339737400175,1,6,2,0.6042154566744731,0
1424.9,5,0.0,356.225,25.0,0,Central,Consumer,Furniture,Chairs,Same Day,December,Saturday,7.262558472288074,0,12,6,0.6042154566744731,1
835.17,7,0.0,16.7034,2.0,7,East,Consumer,Office Supplies,Supplies,Standard Class,June,Thursday,6.728831941694335,0,6,4,0.816793893129771,1
17.34,3,0.0,8.4966,49.00000000000001,5,West,Consumer,Office Supplies,Paper,Second Class,May,Monday,2.9090844668283187,0,5,1,1.0,1
6.37,2,0.2,1.0348,16.24489795918367,4,Central,Home Office,Office Supplies,Art,Standard Class,November,Friday,1.9974177062012453,0,11,5,1.0,1
48.85,2,0.2,15.8756,32.49866939611054,4,Central,Home Office,Office Supplies,Labels,Standard Class,November,Friday,3.9090184964078474,0,11,5,1.0,1
19.65,2,0.2,6.6312,33.746564885496184,4,Central,Home Office,Office Supplies,Paper,Standard Class,November,Friday,3.027715319407042,0,11,5,1.0,1
255.11,6,0.3,-18.222,-7.142801144604288,4,Central,Home Office,Furniture,Chairs,Standard Class,November,Friday,5.545607039690325,1,11,5,0.6042154566744731,0
17.25,2,0.2,6.0368,34.99594202898551,2,East,Consumer,Office Supplies,Binders,Second Class,November,Friday,2.9041650800285006,0,11,5,0.6011730205278593,1
159.98,2,0.2,13.9986,8.750218777347168,7,West,Corporate,Technology,Phones,Standard Class,March,Tuesday,5.0812801336655875,0,3,2,0.8521008403361344,1
5.47,1,0.0,2.3521,43.00000000000001,5,Central,Consumer,Furniture,Furnishings,Standard Class,April,Friday,1.8671761085128091,0,4,5,0.8065522620904836,1
79.36,4,0.0,23.808,30.0,5,Central,Consumer,Office Supplies,Art,Standard Class,April,Friday,4.386516539946734,0,4,5,1.0,1
22.14,3,0.0,6.4206,28.999999999999996,7,West,Consumer,Furniture,Furnishings,Standard Class,June,Sunday,3.1415627217655304,0,6,7,0.8065522620904836,1
11.28,3,0.7,-8.6457,-76.64627659574468,4,South,Consumer,Office Supplies,Binders,Standard Class,May,Sunday,2.5079719227189963,1,5,7,0.6011730205278593,0
4.45,2,0.2,0.3336,7.496629213483145,4,South,Consumer,Office Supplies,Art,Standard Class,May,Sunday,1.6956156086751528,0,5,7,1.0,1
44.76,3,0.2,14.547,32.5,4,South,Consumer,Furniture,Furnishings,Standard Class,May,Sunday,3.8234103470715426,0,5,7,0.8065522620904836,1
38.28,6,0.0,17.6088,46.0,5,Central,Corporate,Office Supplies,Binders,Standard Class,October,Monday,3.670715483486265,0,10,1,0.6011730205278593,1
149.95,5,0.0,44.985,30.000000000000004,5,Central,Corporate,Technology,Phones,Standard Class,October,Monday,5.016948656152848,0,10,1,0.8521008403361344,1
7.87,3,0.2,0.8856,11.252858958068614,6,East,Consumer,Office Supplies,Art,Standard Class,September,Thursday,2.1826747963214883,0,9,4,1.0,1
7.87,3,0.2,0.8856,11.252858958068614,5,South,Corporate,Office Supplies,Art,Second Class,November,Wednesday,2.1826747963214883,0,11,3,1.0,1
88.04,4,0.0,22.8904,25.999999999999996,5,East,Consumer,Office Supplies,Art,Standard Class,April,Friday,4.489085706967289,0,4,5,1.0,1
40.64,7,0.7,-32.508,-79.99015748031496,3,West,Home Office,Office Supplies,Binders,First Class,May,Friday,3.7290612437467683,1,5,5,0.6011730205278593,0
5.73,8,0.8,-9.1648,-159.9441535776614,4,Central,Corporate,Office Supplies,Binders,Standard Class,June,Monday,1.9065751436566365,1,6,1,0.6011730205278593,0
42.24,10,0.2,13.2,31.249999999999993,4,Central,Corporate,Office Supplies,Paper,Standard Class,June,Monday,3.7667659927710075,0,6,1,1.0,1
53.82,9,0.0,24.219,45.0,4,West,Consumer,Office Supplies,Paper,Standard Class,November,Saturday,4.0040550908746395,0,11,6,1.0,1
79.36,4,0.0,20.6336,26.0,2,Central,Home Office,Office Supplies,Art,Second Class,February,Sunday,4.386516539946734,0,2,7,1.0,1
13.48,2,0.0,6.74,50.0,4,East,Consumer,Office Supplies,Paper,Standard Class,March,Tuesday,2.6727683869575705,0,3,2,1.0,1
29.8,5,0.2,9.3125,31.25,4,East,Consumer,Office Supplies,Binders,Standard Class,March,Tuesday,3.427514689979529,0,3,2,0.6011730205278593,1
414.0,8,0.0,124.2,30.0,4,East,Consumer,Furniture,Furnishings,Standard Class,March,Tuesday,6.028278520230698,0,3,2,0.8065522620904836,1
41.33,7,0.2,14.9814,36.24824582627632,4,East,Consumer,Office Supplies,Binders,Standard Class,March,Tuesday,3.745496054532832,0,3,2,0.6011730205278593,1
39.92,4,0.0,11.1776,27.999999999999996,2,South,Consumer,Furniture,Furnishings,First Class,October,Saturday,3.711618941083426,0,10,6,0.8065522620904836,1
53.32,2,0.4,-19.5492,-36.66391597899475,4,East,Corporate,Furniture,Tables,Standard Class,December,Tuesday,3.9948924832504407,1,12,2,0.3627906976744186,0
56.52,3,0.0,15.8256,27.999999999999996,4,East,Corporate,Office Supplies,Appliances,Standard Class,December,Tuesday,4.052132713412791,0,12,2,0.867109634551495,1
287.97,4,0.2,-3.5996,-1.2499913185401257,2,West,Consumer,Furniture,Chairs,Second Class,July,Thursday,5.666322876495819,0,7,4,0.6042154566744731,0
2799.96,5,0.2,944.9865,33.75,2,West,Consumer,Technology,Copiers,Second Class,July,Thursday,7.937717494544073,0,7,4,1.0,1
48.94,1,0.0,24.47,50.0,2,West,Consumer,Office Supplies,Paper,Second Class,July,Thursday,3.910822284851627,0,7,4,1.0,1
257.5,3,0.15,24.2352,9.411728155339807,4,West,Consumer,Furniture,Bookcases,Standard Class,April,Sunday,5.554895693948484,0,4,7,0.5263157894736842,1
79.12,5,0.2,13.846,17.5,5,South,Corporate,Furniture,Furnishings,Standard Class,April,Sunday,4.383525510797617,0,4,7,0.8065522620904836,1
52.96,2,0.0,20.1248,38.0,2,East,Consumer,Furniture,Furnishings,Second Class,November,Tuesday,3.988243031339555,0,11,2,0.8065522620904836,1
286.34,3,0.2,-64.4274,-22.500314311657473,5,East,Consumer,Office Supplies,Supplies,Standard Class,November,Monday,5.660666183582573,0,11,1,0.816793893129771,0
63.55,3,0.2,14.2992,22.500708103855235,4,South,Corporate,Furniture,Furnishings,Standard Class,May,Friday,4.167440117292651,0,5,5,0.8065522620904836,1
41.38,3,0.2,4.6548,11.248912518124698,4,South,Corporate,Office Supplies,Supplies,Standard Class,May,Friday,3.746676552840153,0,5,5,0.816793893129771,1
172.7,6,0.2,10.794,6.2501447596989,4,South,Corporate,Office Supplies,Art,Standard Class,May,Friday,5.157329673247059,0,5,5,1.0,1
512.94,3,0.0,97.4586,18.999999999999996,4,Central,Consumer,Furniture,Bookcases,Standard Class,March,Sunday,6.242106527124002,0,3,7,0.5263157894736842,1
860.93,7,0.0,189.4046,22.0,4,Central,Consumer,Furniture,Chairs,Standard Class,March,Sunday,6.759174060869747,0,3,7,0.6042154566744731,1
769.95,5,0.0,223.2855,28.999999999999996,4,Central,Consumer,Technology,Phones,Standard Class,March,Sunday,6.647623520617362,0,3,7,0.8521008403361344,1
14.98,1,0.0,4.494,30.0,4,Central,Consumer,Office Supplies,Art,Standard Class,March,Sunday,2.7713379403381286,0,3,7,1.0,1
373.08,6,0.0,82.0776,22.000000000000004,4,Central,Consumer,Furniture,Furnishings,Standard Class,March,Sunday,5.924469678283703,0,3,7,0.8065522620904836,1
231.92,5,0.2,5.798,2.5,3,South,Corporate,Furniture,Bookcases,Second Class,July,Friday,5.450695046968919,0,7,5,0.5263157894736842,1
63.47,11,0.0,19.041,30.0,5,West,Home Office,Furniture,Furnishings,Standard Class,October,Saturday,4.1661999993225285,0,10,6,0.8065522620904836,1
345.0,5,0.0,58.65,17.0,5,West,Home Office,Technology,Accessories,Standard Class,October,Saturday,5.846438775057725,0,10,6,0.872,1
637.9,3,0.3,-127.5792,-19.999874588493494,5,Central,Consumer,Furniture,Tables,Standard Class,March,Thursday,6.459747947608298,1,3,4,0.3627906976744186,0
287.91,3,0.4,33.5895,11.666666666666666,5,Central,Consumer,Technology,Machines,Standard Class,March,Thursday,5.666115220926443,1,3,4,0.5975609756097561,1
36.6,3,0.2,11.895,32.49999999999999,5,Central,Consumer,Office Supplies,Envelopes,Standard Class,March,Thursday,3.6270040503958487,0,3,4,1.0,1
1.78,1,0.0,0.4984,28.000000000000004,6,South,Consumer,Office Supplies,Art,Standard Class,December,Thursday,1.0224509277025458,0,12,4,1.0,1
25.92,4,0.0,12.4416,47.99999999999999,6,South,Consumer,Office Supplies,Paper,Standard Class,December,Thursday,3.2928695047765273,0,12,4,1.0,1
101.94,6,0.0,21.4074,21.0,6,South,Consumer,Technology,Accessories,Standard Class,December,Thursday,4.6341462942246086,0,12,4,0.872,1
6.85,2,0.2,0.5992,8.747445255474453,4,West,Corporate,Office Supplies,Art,Standard Class,December,Friday,2.060513531794317,0,12,5,1.0,1
17.12,4,0.0,4.9648,28.999999999999996,5,Central,Home Office,Office Supplies,Art,Standard Class,December,Tuesday,2.8970163006148333,0,12,2,1.0,1
542.94,3,0.0,152.0232,27.999999999999996,5,South,Consumer,Office Supplies,Appliances,Standard Class,August,Sunday,6.298838946655453,0,8,7,0.867109634551495,1
8.64,3,0.0,4.2336,49.0,5,South,Consumer,Office Supplies,Labels,Standard Class,August,Sunday,2.265921108622454,0,8,7,1.0,1
193.8,5,0.0,94.962,49.0,5,South,Consumer,Office Supplies,Paper,Standard Class,August,Sunday,5.271973391208435,0,8,7,1.0,1
21.4,5,0.0,9.63,45.00000000000001,5,South,Consumer,Office Supplies,Paper,Standard Class,August,Sunday,3.109060958860994,0,8,7,1.0,1
97.88,2,0.0,48.94,50.0,5,South,Consumer,Office Supplies,Paper,Standard Class,August,Sunday,4.59390699370938,0,8,7,1.0,1
251.91,9,0.0,47.8629,19.0,5,South,Consumer,Technology,Accessories,Standard Class,August,Sunday,5.533033694214862,0,8,7,0.872,1
25.86,3,0.0,6.7236,26.0,5,South,Consumer,Office Supplies,Appliances,Standard Class,August,Sunday,3.2906381910950917,0,8,7,0.867109634551495,1
170.06,3,0.3,-4.8588,-2.857109255556862,5,East,Consumer,Furniture,Chairs,Standard Class,June,Sunday,5.1420143721526355,1,6,7,0.6042154566744731,0
82.78,3,0.4,-15.1767,-18.33377627446243,5,East,Consumer,Technology,Phones,Standard Class,June,Sunday,4.428194315518889,1,6,7,0.8521008403361344,0
853.93,5,0.3,0.0,0.0,5,East,Consumer,Furniture,Chairs,Standard Class,June,Sunday,6.7510195942400895,1,6,7,0.6042154566744731,0
236.88,6,0.0,66.3264,28.000000000000004,4,West,Home Office,Office Supplies,Appliances,Standard Class,September,Monday,5.471766344838393,0,9,1,0.867109634551495,1
29.9,5,0.0,14.651,49.0,4,West,Home Office,Office Supplies,Paper,Standard Class,September,Monday,3.4307561839036995,0,9,1,1.0,1
100.0,4,0.0,21.0,21.0,4,West,Home Office,Technology,Accessories,Standard Class,September,Monday,4.61512051684126,0,9,1,0.872,1
18.69,3,0.7,-14.3313,-76.67897271268058,0,East,Corporate,Office Supplies,Binders,Same Day,December,Monday,2.9801108926510342,1,12,1,0.6011730205278593,0
383.95,6,0.2,76.7904,20.000104180231805,0,East,Corporate,Technology,Accessories,Same Day,December,Monday,5.953113455724059,0,12,1,0.872,1
24.82,2,0.2,1.551,6.248992747784045,4,Central,Consumer,Office Supplies,Storage,Standard Class,December,Monday,3.2511493854184965,0,12,1,0.7795698924731183,1
24.9,5,0.0,8.217,33.0,4,West,Corporate,Furniture,Furnishings,Standard Class,December,Monday,3.254242968705492,0,12,1,0.8065522620904836,1
21.12,4,0.0,9.504,44.99999999999999,4,West,Corporate,Office Supplies,Paper,Standard Class,December,Monday,3.096482176654134,0,12,1,1.0,1
767.95,6,0.2,287.982,37.50009766260825,4,West,Corporate,Technology,Machines,Standard Class,December,Monday,6.645025947885933,0,12,1,0.5975609756097561,1
14.35,3,0.2,4.6644,32.50452961672474,4,West,Corporate,Office Supplies,Binders,Standard Class,December,Monday,2.731115474033206,0,12,1,0.6011730205278593,1
191.98,3,0.2,19.1976,9.999791644963018,4,West,Corporate,Technology,Phones,Standard Class,December,Monday,5.262586556592238,0,12,1,0.8521008403361344,1
274.77,9,0.0,126.3942,46.0,4,West,Corporate,Office Supplies,Labels,Standard Class,December,Monday,5.619567184968573,0,12,1,1.0,1
70.56,6,0.0,23.9904,34.0,4,West,Corporate,Furniture,Furnishings,Standard Class,December,Monday,4.270536258640519,0,12,1,0.8065522620904836,1
204.85,5,0.0,57.358,27.999999999999996,5,West,Consumer,Furniture,Furnishings,Standard Class,June,Thursday,5.327147748215913,0,6,4,0.8065522620904836,1
9.16,3,0.8,-13.734,-149.9344978165939,5,Central,Corporate,Office Supplies,Binders,Standard Class,April,Thursday,2.318458442150336,1,4,4,0.6011730205278593,0
80.88,3,0.0,39.6312,49.00000000000001,3,East,Corporate,Office Supplies,Paper,First Class,July,Thursday,4.405254760793088,0,7,4,1.0,1
599.9,10,0.0,191.968,32.0,3,East,Corporate,Technology,Accessories,First Class,July,Thursday,6.398428531339882,0,7,4,0.872,1
4.22,3,0.2,1.4784,35.03317535545023,4,East,Corporate,Office Supplies,Art,Standard Class,September,Monday,1.6524974018945473,0,9,1,1.0,1
409.27,2,0.4,-81.8544,-20.00009773499157,4,East,Corporate,Furniture,Tables,Standard Class,September,Monday,6.016815479543651,1,9,1,0.3627906976744186,0
55.44,11,0.2,18.018,32.5,4,East,Corporate,Office Supplies,Labels,Standard Class,September,Monday,4.033178126984613,0,9,1,1.0,1
20.93,4,0.2,6.8016,32.49689440993789,4,East,Corporate,Office Supplies,Paper,Standard Class,September,Monday,3.0878555624297968,0,9,1,1.0,1
1801.63,6,0.2,-337.806,-18.750020814484657,4,East,Corporate,Office Supplies,Storage,Standard Class,September,Monday,7.497001988611139,0,9,1,0.7795698924731183,0
67.18,1,0.4,-20.1528,-29.998213754093477,4,East,Corporate,Furniture,Tables,Standard Class,September,Monday,4.222151266709757,1,9,1,0.3627906976744186,0
646.2,5,0.2,-8.0775,-1.25,4,Central,Consumer,Office Supplies,Storage,Standard Class,November,Monday,6.472655365744282,0,11,1,0.7795698924731183,0
72.74,7,0.2,-15.4581,-21.251168545504537,4,West,Consumer,Technology,Phones,Standard Class,November,Friday,4.300545392805998,0,11,5,0.8521008403361344,0
572.16,3,0.2,35.76,6.25,4,West,Consumer,Furniture,Chairs,Standard Class,November,Friday,6.351164909848402,0,11,5,0.6042154566744731,1
68.11,3,0.2,17.8794,26.250770811921893,6,Central,Consumer,Technology,Accessories,Standard Class,November,Tuesday,4.235699438103303,0,11,2,0.872,1
25.03,3,0.2,7.8225,31.252497003595682,3,West,Corporate,Office Supplies,Binders,First Class,September,Thursday,3.259249719006474,0,9,4,0.6011730205278593,1
39.99,1,0.2,7.4985,18.750937734433606,4,East,Consumer,Technology,Accessories,Standard Class,March,Thursday,3.7133281345162463,0,3,4,0.872,1
20.02,9,0.2,1.7514,8.74825174825175,3,South,Consumer,Office Supplies,Art,First Class,June,Monday,3.045474365448805,0,6,1,1.0,1
3.1,1,0.2,0.3492,11.264516129032257,3,South,Consumer,Office Supplies,Supplies,First Class,June,Monday,1.410986973710262,0,6,1,0.816793893129771,1
7.52,5,0.2,1.41,18.75,4,South,Corporate,Office Supplies,Fasteners,Standard Class,November,Saturday,2.1424163408412245,0,11,6,0.9019607843137255,1
10.27,3,0.2,0.8988,8.751703992210322,4,South,Corporate,Office Supplies,Art,Standard Class,November,Saturday,2.422144328051685,0,11,6,1.0,1
47.81,12,0.2,15.5376,32.498640451788326,4,South,Corporate,Office Supplies,Labels,Standard Class,November,Saturday,3.887935209899056,0,11,6,1.0,1
978.84,9,0.2,110.1195,11.25,4,South,Corporate,Technology,Phones,Standard Class,November,Saturday,6.887389293029265,0,11,6,0.8521008403361344,1
13.14,9,0.8,-21.681,-165.0,3,Central,Consumer,Office Supplies,Binders,First Class,August,Sunday,2.6490076604684267,1,8,7,0.6011730205278593,0
10.02,4,0.8,-16.5396,-165.06586826347308,3,Central,Consumer,Office Supplies,Binders,First Class,August,Sunday,2.3997118037247684,1,8,7,0.6011730205278593,0
156.37,2,0.32,-52.8908,-33.824135064270635,3,Central,Consumer,Furniture,Bookcases,First Class,August,Sunday,5.058599720612773,1,8,7,0.5263157894736842,0
999.98,2,0.0,449.991,44.99999999999999,2,Central,Home Office,Technology,Copiers,Second Class,December,Sunday,6.908734799095638,0,12,7,1.0,1
821.94,6,0.0,213.7044,25.999999999999996,3,Central,Home Office,Technology,Phones,First Class,September,Thursday,6.712883294009723,0,9,4,0.8521008403361344,1
7.04,2,0.0,3.3088,47.0,2,Central,Corporate,Office Supplies,Binders,Second Class,December,Saturday,2.0844290831908747,0,12,6,0.6011730205278593,1
5.04,4,0.0,0.2016,4.0,2,Central,Corporate,Office Supplies,Fasteners,Second Class,December,Saturday,1.7984040119467235,0,12,6,0.9019607843137255,1
116.28,3,0.0,56.9772,49.00000000000001,2,Central,Corporate,Office Supplies,Paper,Second Class,December,Saturday,4.764564238138341,0,12,6,1.0,1
47.98,3,0.2,4.7976,9.99916631929971,3,South,Consumer,Technology,Phones,First Class,December,Monday,3.891412051524022,0,12,1,0.8521008403361344,1
60.05,9,0.2,22.518,37.49875104079934,4,West,Corporate,Office Supplies,Paper,Standard Class,September,Sunday,4.111693200556713,0,9,7,1.0,1
5.02,1,0.7,-3.5154,-70.02788844621514,4,West,Corporate,Office Supplies,Binders,Standard Class,September,Sunday,1.7950872593207297,1,9,7,0.6011730205278593,0
302.38,2,0.2,30.2384,10.000132283881209,2,West,Corporate,Technology,Phones,Second Class,August,Thursday,5.714986145163526,0,8,4,0.8521008403361344,1
20.95,3,0.2,7.0713,33.75322195704057,2,West,Corporate,Office Supplies,Binders,Second Class,August,Thursday,3.08876713952118,0,8,4,0.6011730205278593,1
11.78,3,0.2,3.9771,33.76146010186758,2,West,Corporate,Office Supplies,Binders,Second Class,August,Thursday,2.5478814489493886,0,8,4,0.6011730205278593,1
638.82,9,0.0,172.4814,27.0,7,South,Consumer,Furniture,Bookcases,Standard Class,August,Tuesday,6.461186886795519,0,8,2,0.5263157894736842,1
20.7,2,0.0,9.936,48.00000000000001,4,East,Corporate,Office Supplies,Labels,Standard Class,April,Friday,3.077312260546414,0,4,5,1.0,1
10.95,3,0.0,3.285,30.000000000000004,4,East,Corporate,Office Supplies,Supplies,Standard Class,April,Friday,2.4807312783775197,0,4,5,0.816793893129771,1
14.35,3,0.2,4.6644,32.50452961672474,4,East,Corporate,Office Supplies,Binders,Standard Class,April,Friday,2.731115474033206,0,4,5,0.6011730205278593,1
3080.0,7,0.0,1416.8,46.0,4,South,Consumer,Technology,Machines,Standard Class,August,Monday,8.033009498596668,0,8,1,0.5975609756097561,1
79.96,4,0.0,18.3908,23.0,4,South,Consumer,Technology,Accessories,Standard Class,August,Monday,4.3939552055391555,0,8,1,0.872,1
587.97,3,0.0,170.5113,28.999999999999996,4,South,Consumer,Technology,Phones,Standard Class,August,Monday,6.378375248568339,0,8,1,0.8521008403361344,1
32.4,5,0.0,15.552,48.0,5,Central,Consumer,Office Supplies,Paper,Standard Class,September,Tuesday,3.5085558999826545,0,9,2,1.0,1
404.9,5,0.0,16.196,4.000000000000001,5,Central,Consumer,Office Supplies,Storage,Standard Class,September,Tuesday,6.006106823844852,0,9,2,0.7795698924731183,1
9449.95,5,0.0,4630.4755,48.99999999999999,5,Central,Consumer,Office Supplies,Binders,Standard Class,September,Tuesday,9.153870544535605,0,9,2,0.6011730205278593,1
12.94,2,0.0,6.47,50.0,5,Central,Consumer,Office Supplies,Binders,Standard Class,September,Tuesday,2.6347624053323777,0,9,2,0.6011730205278593,1
4.31,2,0.8,-6.8992,-160.07424593967522,4,Central,Consumer,Office Supplies,Binders,Standard Class,August,Monday,1.6695918352538475,1,8,1,0.6011730205278593,0
13.96,2,0.0,0.2792,2.0,0,East,Consumer,Office Supplies,Storage,Same Day,September,Monday,2.7053799725463312,0,9,1,0.7795698924731183,1
27.41,3,0.4,-14.1639,-51.6742064939803,0,East,Consumer,Furniture,Tables,Same Day,September,Monday,3.3467411958660964,1,9,1,0.3627906976744186,0
73.98,2,0.0,19.9746,26.999999999999996,7,Central,Corporate,Technology,Phones,Standard Class,December,Friday,4.317221411307766,0,12,5,0.8521008403361344,1
160.98,1,0.0,20.9274,13.0,7,Central,Corporate,Furniture,Bookcases,Standard Class,December,Friday,5.087472870820844,0,12,5,0.5263157894736842,1
17.34,3,0.0,8.4966,49.00000000000001,7,Central,Corporate,Office Supplies,Paper,Standard Class,December,Friday,2.9090844668283187,0,12,5,1.0,1
3.28,1,0.0,0.9512,29.000000000000004,7,Central,Corporate,Office Supplies,Art,Standard Class,December,Friday,1.4539530095937052,0,12,5,1.0,1
8.86,3,0.2,2.9889,33.73476297968397,5,Central,Corporate,Office Supplies,Labels,Standard Class,May,Saturday,2.288486168614544,0,5,6,1.0,1
158.38,3,0.2,13.8579,8.74977901250158,5,Central,Corporate,Technology,Phones,Standard Class,May,Saturday,5.071291287969602,0,5,6,0.8521008403361344,1
1219.96,5,0.2,381.2375,31.25,3,West,Consumer,Office Supplies,Binders,First Class,November,Thursday,7.107392713541323,0,11,4,0.6011730205278593,1
3.17,2,0.2,0.99,31.230283911671926,5,West,Consumer,Office Supplies,Binders,Standard Class,November,Tuesday,1.4279160358107101,0,11,2,0.6011730205278593,1
19.44,3,0.0,9.3312,48.00000000000001,5,West,Consumer,Office Supplies,Paper,Standard Class,November,Tuesday,3.017493765335504,0,11,2,1.0,1
454.86,7,0.0,54.5832,12.0,5,West,Consumer,Office Supplies,Storage,Standard Class,November,Tuesday,6.1221857448309915,0,11,2,0.7795698924731183,1
91.39,8,0.2,29.7024,32.50071123755334,5,West,Consumer,Office Supplies,Binders,Standard Class,November,Tuesday,4.526018747682654,0,11,2,0.6011730205278593,1
35.91,3,0.0,9.6957,27.0,7,East,Corporate,Office Supplies,Appliances,Standard Class,May,Sunday,3.608482517041907,0,5,7,0.867109634551495,1
67.34,6,0.2,7.5762,11.25066825066825,5,South,Consumer,Office Supplies,Storage,Standard Class,September,Friday,4.2244952466871455,0,9,5,0.7795698924731183,1
2624.99,3,0.5,-944.9946,-35.999931428310205,5,South,Consumer,Technology,Machines,Standard Class,September,Friday,7.873213246782376,1,9,5,0.5975609756097561,0
73.28,4,0.0,21.2512,28.999999999999996,6,West,Consumer,Office Supplies,Appliances,Standard Class,March,Sunday,4.307841736484505,0,3,7,0.867109634551495,1
14.48,5,0.8,-23.892,-165.0,7,Central,Corporate,Office Supplies,Binders,Standard Class,November,Tuesday,2.739548868161581,1,11,2,0.6011730205278593,0
11.95,3,0.2,4.0338,33.75564853556486,7,South,Consumer,Office Supplies,Paper,Standard Class,July,Thursday,2.5610957881455465,0,7,4,1.0,1
15.55,3,0.2,5.6376,36.25466237942122,7,South,Consumer,Office Supplies,Paper,Standard Class,July,Thursday,2.806386101823072,0,7,4,1.0,1
45.0,9,0.0,21.6,48.00000000000001,5,South,Consumer,Office Supplies,Fasteners,Standard Class,September,Monday,3.828641396489095,0,9,1,0.9019607843137255,1
209.97,3,0.0,90.2871,43.0,5,South,Consumer,Technology,Machines,Standard Class,September,Monday,5.3517159432727315,0,9,1,0.5975609756097561,1
6.92,6,0.8,-10.386,-150.08670520231215,2,Central,Corporate,Office Supplies,Binders,First Class,December,Friday,2.0693912058263346,1,12,5,0.6011730205278593,0
18.9,3,0.0,8.694,46.00000000000001,4,Central,Consumer,Office Supplies,Labels,Standard Class,June,Monday,2.990719731730447,0,6,1,1.0,1
57.42,9,0.0,26.4132,46.0,4,Central,Consumer,Office Supplies,Binders,Standard Class,May,Monday,4.067658296959595,0,5,1,0.6011730205278593,1
322.59,3,0.0,64.518,20.0,6,East,Consumer,Furniture,Furnishings,Standard Class,November,Saturday,5.779477282358271,0,11,6,0.8065522620904836,1
38.09,4,0.7,-27.9312,-73.32948280388553,5,South,Corporate,Office Supplies,Binders,Standard Class,December,Thursday,3.6658666798048634,1,12,4,0.6011730205278593,0
2.81,3,0.7,-1.9656,-69.95017793594306,5,South,Corporate,Office Supplies,Binders,Standard Class,December,Thursday,1.3376291891386096,1,12,4,0.6011730205278593,0
47.98,2,0.2,0.5998,1.2501042100875366,4,East,Consumer,Technology,Accessories,Second Class,December,Saturday,3.891412051524022,0,12,6,0.872,1
26.06,6,0.7,-19.9824,-76.67843438219494,4,East,Consumer,Office Supplies,Binders,Second Class,December,Saturday,3.2980566227426418,1,12,6,0.6011730205278593,0
15.7,3,0.2,5.1012,32.49171974522294,7,Central,Corporate,Office Supplies,Paper,Standard Class,November,Saturday,2.8154087194227095,0,11,6,1.0,1
12.84,3,0.0,3.7236,28.999999999999996,7,South,Consumer,Office Supplies,Art,Standard Class,April,Saturday,2.6275629501895237,0,4,6,1.0,1
16.52,4,0.0,7.5992,46.0,4,East,Consumer,Office Supplies,Labels,Standard Class,March,Saturday,2.8633430855082453,0,3,6,1.0,1
671.94,3,0.0,315.8118,47.0,4,East,Consumer,Office Supplies,Binders,Standard Class,March,Saturday,6.5116561726242965,0,3,6,0.6011730205278593,1
19.44,3,0.0,9.3312,48.00000000000001,5,East,Corporate,Office Supplies,Paper,Standard Class,March,Sunday,3.017493765335504,0,3,7,1.0,1
31.92,4,0.0,8.2992,26.0,2,West,Consumer,Office Supplies,Storage,First Class,October,Saturday,3.494080375808869,0,10,6,0.7795698924731183,1
433.57,2,0.2,-65.0352,-14.999930807020782,2,West,Consumer,Furniture,Chairs,First Class,October,Saturday,6.074357036447542,0,10,6,0.6042154566744731,0
31.1,6,0.2,10.8864,35.004501607717046,1,West,Home Office,Office Supplies,Paper,First Class,April,Monday,3.4688560301359703,0,4,1,1.0,1
54.82,3,0.2,17.8152,32.49762860269975,1,West,Home Office,Office Supplies,Paper,First Class,April,Monday,4.022132228108176,0,4,1,1.0,1
14.2,2,0.0,6.532,46.0,0,South,Consumer,Office Supplies,Binders,Same Day,July,Friday,2.7212954278522306,0,7,5,0.6011730205278593,1
12.96,2,0.0,6.2208,47.99999999999999,0,South,Consumer,Office Supplies,Paper,Same Day,July,Friday,2.6361960973342264,0,7,5,1.0,1
58.34,2,0.0,28.0032,48.0,0,South,Consumer,Office Supplies,Binders,Same Day,July,Friday,4.083283614862676,0,7,5,0.6011730205278593,1
56.3,2,0.0,15.764,28.000000000000004,1,West,Home Office,Office Supplies,Art,First Class,November,Sunday,4.048300623720694,0,11,7,1.0,1
629.95,5,0.0,163.787,26.0,5,South,Corporate,Technology,Phones,Standard Class,April,Monday,6.4472266200989194,0,4,1,0.8521008403361344,1
122.97,3,0.0,60.2553,49.0,5,South,Corporate,Office Supplies,Paper,Standard Class,April,Monday,4.8200396008500555,0,4,1,1.0,1
46.35,5,0.0,21.7845,47.0,2,West,Consumer,Office Supplies,Paper,Second Class,June,Thursday,3.8575668196320874,0,6,4,1.0,1
81.94,1,0.0,20.485,25.0,2,East,Corporate,Furniture,Bookcases,First Class,December,Monday,4.418117454818235,0,12,1,0.5263157894736842,1
98.16,6,0.0,9.816,10.0,1,East,Consumer,Technology,Accessories,First Class,October,Friday,4.5967347071669895,0,10,5,0.872,1
9.99,1,0.0,4.4955,44.99999999999999,5,Central,Corporate,Office Supplies,Paper,Second Class,September,Monday,2.39698576841553,0,9,1,1.0,1
21.12,5,0.2,6.6,31.249999999999993,0,Central,Consumer,Office Supplies,Paper,Same Day,July,Wednesday,3.096482176654134,0,7,3,1.0,1
696.42,2,0.0,160.1766,23.000000000000004,4,West,Corporate,Furniture,Tables,Standard Class,November,Monday,6.547387811777005,0,11,1,0.3627906976744186,1
304.78,3,0.2,22.8582,7.499901568344381,4,West,Corporate,Technology,Phones,Standard Class,November,Monday,5.722865889132468,0,11,1,0.8521008403361344,1
51.98,2,0.0,15.0742,28.999999999999996,4,West,Consumer,Office Supplies,Art,Standard Class,June,Thursday,3.9699144838439238,0,6,4,1.0,1
24.7,5,0.0,10.374,42.00000000000001,6,West,Consumer,Furniture,Furnishings,Standard Class,April,Friday,3.246490991901174,0,4,5,0.8065522620904836,1
21.93,3,0.0,10.3071,47.0,5,East,Consumer,Office Supplies,Labels,Second Class,April,Saturday,3.132446096869813,0,4,6,1.0,1
394.82,4,0.2,93.7688,23.7497593840231,5,East,Consumer,Office Supplies,Appliances,Standard Class,December,Saturday,5.980959562462835,0,12,6,0.867109634551495,1
18.19,4,0.7,-14.5536,-80.0087960417812,5,East,Consumer,Office Supplies,Binders,Standard Class,December,Saturday,2.9543893100196086,1,12,6,0.6011730205278593,0
7.31,1,0.0,3.4357,47.0,0,East,Home Office,Office Supplies,Labels,Same Day,December,Thursday,2.1174596088673567,0,12,4,1.0,1
799.98,2,0.2,249.995,31.250156253906347,0,East,Home Office,Technology,Copiers,Same Day,December,Thursday,6.68583597796762,0,12,4,1.0,1
41.28,6,0.0,18.9888,46.0,0,East,Home Office,Office Supplies,Paper,Same Day,December,Thursday,3.7443141610020367,0,12,4,1.0,1
184.66,7,0.0,84.9436,46.0,0,East,Home Office,Office Supplies,Paper,Same Day,December,Thursday,5.223917043971786,0,12,4,1.0,1
49.25,5,0.0,18.715,38.0,2,East,Consumer,Office Supplies,Art,Second Class,October,Friday,3.917010546939185,0,10,5,1.0,1
10.16,2,0.0,4.7752,47.0,2,East,Consumer,Office Supplies,Paper,Second Class,October,Friday,2.412335956953165,0,10,5,1.0,1
14.76,2,0.0,4.2804,29.000000000000004,2,East,Consumer,Furniture,Furnishings,Second Class,October,Friday,2.757475084429733,0,10,5,0.8065522620904836,1
34.08,2,0.0,15.6768,46.0,2,East,Consumer,Office Supplies,Binders,Second Class,October,Friday,3.5576311675039825,0,10,5,0.6011730205278593,1
17.67,3,0.0,7.7748,43.99999999999999,2,East,Consumer,Furniture,Furnishings,Second Class,October,Friday,2.9269179575536315,0,10,5,0.8065522620904836,1
1604.9,5,0.0,481.47,30.0,2,East,Consumer,Furniture,Chairs,Second Class,October,Friday,7.381439626067445,0,10,5,0.6042154566744731,1
385.69,1,0.3,-60.6078,-15.714122741061473,2,East,Consumer,Furniture,Tables,Second Class,October,Friday,5.957623338439211,1,10,5,0.3627906976744186,0
9.42,3,0.0,4.239,45.0,4,South,Consumer,Office Supplies,Paper,Second Class,May,Monday,2.343727036325221,0,5,1,1.0,1
6.56,2,0.0,1.9024,29.000000000000004,4,South,Consumer,Office Supplies,Art,Second Class,May,Monday,2.0228711901914416,0,5,1,1.0,1
24.56,2,0.0,11.5432,47.0,4,South,Consumer,Office Supplies,Paper,Second Class,May,Monday,3.241028629509334,0,5,1,1.0,1
128.4,3,0.0,64.2,50.0,4,Central,Consumer,Office Supplies,Binders,Standard Class,March,Friday,4.8629083820668,0,3,5,0.6011730205278593,1
62.28,4,0.0,29.2716,47.0,4,East,Consumer,Office Supplies,Envelopes,Standard Class,November,Sunday,4.147569323459399,0,11,7,1.0,1
9.24,3,0.0,4.4352,48.0,4,West,Corporate,Office Supplies,Labels,Standard Class,February,Wednesday,2.3263016196113617,0,2,3,1.0,1
1.96,2,0.8,-3.2406,-165.33673469387756,3,Central,Consumer,Office Supplies,Binders,First Class,September,Friday,1.085189268335969,1,9,5,0.6011730205278593,0
94.43,3,0.6,-42.4926,-44.99904691305729,4,Central,Corporate,Furniture,Furnishings,Standard Class,December,Saturday,4.558392994429163,1,12,6,0.8065522620904836,0
61.58,1,0.2,-6.9282,-11.250730756739202,5,West,Home Office,Furniture,Chairs,Standard Class,January,Monday,4.136445738240736,0,1,1,0.6042154566744731,0
22.48,1,0.0,10.3408,46.0,2,Central,Corporate,Office Supplies,Paper,First Class,March,Thursday,3.1561489949598958,0,3,4,1.0,1
11.35,3,0.2,4.1151,36.25638766519824,3,East,Home Office,Office Supplies,Paper,First Class,September,Sunday,2.513656063073986,0,9,7,1.0,1
20.81,9,0.2,7.0227,33.74675636713119,3,East,Home Office,Office Supplies,Labels,First Class,September,Sunday,3.0823685802135374,0,9,7,1.0,1
11.42,4,0.8,-18.8364,-164.94220665499125,4,Central,Home Office,Office Supplies,Binders,Standard Class,July,Saturday,2.519308076505333,1,7,6,0.6011730205278593,0
43.92,4,0.0,11.8584,26.999999999999996,6,West,Home Office,Office Supplies,Appliances,Standard Class,September,Saturday,3.8048831298702424,0,9,6,0.867109634551495,1
20.23,3,0.2,6.5754,32.503213049925854,6,West,Home Office,Office Supplies,Binders,Standard Class,September,Saturday,3.055415275715165,0,9,6,0.6011730205278593,1
149.97,3,0.0,5.9988,4.0,1,South,Home Office,Technology,Phones,First Class,April,Monday,5.017081141579645,0,4,1,0.8521008403361344,1
27.81,3,0.0,13.0707,47.0,1,South,Home Office,Office Supplies,Paper,First Class,April,Monday,3.360722549096437,0,4,1,1.0,1
66.3,3,0.0,8.619,13.0,4,West,Corporate,Technology,Accessories,Standard Class,March,Wednesday,4.209160236650682,0,3,3,0.872,1
88.08,6,0.0,40.5168,46.00000000000001,4,East,Consumer,Office Supplies,Binders,Second Class,December,Thursday,4.489534842389167,0,12,4,0.6011730205278593,1
751.92,4,0.0,150.384,20.0,4,East,Consumer,Furniture,Chairs,Second Class,December,Thursday,6.623958980455977,0,12,4,0.6042154566744731,1
887.1,7,0.1,177.4206,20.000067636117688,0,East,Corporate,Furniture,Chairs,Same Day,September,Friday,6.789084349264458,0,9,5,0.6042154566744731,1
55.94,7,0.2,-13.2867,-23.75169824812299,0,South,Consumer,Technology,Phones,Same Day,October,Friday,4.041998081849892,0,10,5,0.8521008403361344,0
10.69,2,0.2,2.2712,21.24602432179607,0,South,Consumer,Office Supplies,Art,Same Day,October,Friday,2.458733775483977,0,10,5,1.0,1
11.82,2,0.2,1.0346,8.752961082910321,0,South,Consumer,Technology,Phones,Same Day,October,Friday,2.551006451492524,0,10,5,0.8521008403361344,1
9.76,2,0.7,-6.8334,-70.01434426229508,5,West,Corporate,Office Supplies,Binders,Standard Class,September,Friday,2.3758355547336385,1,9,5,0.6011730205278593,0
196.78,2,0.2,-22.1382,-11.250228681776605,2,West,Corporate,Furniture,Chairs,First Class,March,Monday,5.287155301841845,0,3,1,0.6042154566744731,0
863.13,8,0.3,-160.2952,-18.571385538678996,4,Central,Consumer,Furniture,Tables,Standard Class,November,Saturday,6.761723220448602,1,11,6,0.3627906976744186,0
3.56,3,0.8,-6.237,-175.19662921348316,4,Central,Consumer,Office Supplies,Binders,Standard Class,November,Saturday,1.5173226235262949,1,11,6,0.6011730205278593,0
956.66,7,0.32,-225.0976,-23.529529822507474,4,Central,Consumer,Furniture,Bookcases,Standard Class,November,Saturday,6.864492808922522,1,11,6,0.5263157894736842,0
12.59,3,0.8,-20.1408,-159.97458300238284,4,Central,Consumer,Office Supplies,Binders,Standard Class,November,Saturday,2.6093342281630525,1,11,6,0.6011730205278593,0
171.96,5,0.2,45.1395,26.249999999999996,4,Central,Consumer,Technology,Accessories,Standard Class,November,Saturday,5.153060353890898,0,11,6,0.872,1
692.47,11,0.2,190.4298,27.500079425823497,4,South,Corporate,Furniture,Furnishings,Standard Class,November,Thursday,6.5417079799871845,0,11,4,0.8065522620904836,1
207.76,4,0.0,85.1816,41.0,3,East,Corporate,Furniture,Furnishings,Second Class,November,Thursday,5.341185266775213,0,11,4,0.8065522620904836,1
3.59,1,0.2,1.1225,31.267409470752096,5,West,Corporate,Office Supplies,Binders,Standard Class,October,Friday,1.5238800240724537,0,10,5,0.6011730205278593,1
48.63,2,0.8,-121.58,-250.0102817191034,4,Central,Corporate,Office Supplies,Appliances,Standard Class,July,Thursday,3.9045954895993495,1,7,4,0.867109634551495,0
9099.93,7,0.0,2365.9818,26.0,4,East,Corporate,Technology,Machines,Standard Class,April,Saturday,9.1161318850853,0,4,6,0.5975609756097561,1
9.96,2,0.0,3.2868,32.99999999999999,4,East,Corporate,Furniture,Furnishings,Standard Class,April,Saturday,2.3942522815198695,0,4,6,0.8065522620904836,1
25.3,5,0.0,11.891,47.0,4,East,Corporate,Office Supplies,Binders,Standard Class,April,Saturday,3.269568939183719,0,4,6,0.6011730205278593,1
11.36,2,0.0,5.2256,46.0,4,East,Home Office,Office Supplies,Paper,Standard Class,November,Friday,2.514465452029545,0,11,5,1.0,1
69.26,2,0.1,14.6224,21.112330349408026,4,East,Home Office,Furniture,Chairs,Standard Class,November,Friday,4.252202646837681,0,11,5,0.6042154566744731,1
3.69,1,0.0,1.7343,47.0,3,Central,Consumer,Office Supplies,Labels,First Class,December,Saturday,1.5454325824581878,0,12,6,1.0,1
1103.97,3,0.0,496.7865,44.99999999999999,3,Central,Consumer,Office Supplies,Binders,First Class,December,Saturday,7.007573464262037,0,12,6,0.6011730205278593,1
246.13,2,0.32,-76.0116,-30.88270426197538,5,Central,Corporate,Furniture,Bookcases,Second Class,November,Saturday,5.509914513961874,1,11,6,0.5263157894736842,0
11.7,2,0.2,3.9474,33.738461538461536,5,Central,Corporate,Office Supplies,Labels,Second Class,November,Saturday,2.5416019934645457,0,11,6,1.0,1
439.99,1,0.2,164.997,37.50017045841951,5,Central,Corporate,Technology,Copiers,Second Class,November,Saturday,6.089022199452786,0,11,6,1.0,1
33.28,5,0.8,-49.92,-150.0,4,Central,Corporate,Office Supplies,Binders,Standard Class,May,Sunday,3.534562093729579,1,5,7,0.6011730205278593,0
14.09,3,0.2,4.9308,34.995031937544354,4,Central,Corporate,Office Supplies,Paper,Standard Class,May,Sunday,2.7140322727797574,0,5,7,1.0,1
3.91,1,0.2,1.0269,26.263427109974423,3,East,Home Office,Office Supplies,Art,Second Class,August,Friday,1.5912739418064292,0,8,5,1.0,1
59.75,7,0.2,19.4194,32.50108786610878,0,Central,Consumer,Office Supplies,Envelopes,Same Day,October,Tuesday,4.1067670822206574,0,10,2,1.0,1
63.92,4,0.0,3.196,5.0,4,West,Consumer,Furniture,Furnishings,Second Class,October,Sunday,4.17315574264639,0,10,7,0.8065522620904836,1
383.96,5,0.2,38.396,10.0,4,West,Consumer,Technology,Phones,Second Class,October,Sunday,5.953139432786314,0,10,7,0.8521008403361344,1
7.75,3,0.2,2.8101,36.259354838709676,0,West,Corporate,Office Supplies,Binders,Same Day,June,Tuesday,2.169053700369523,0,6,2,0.6011730205278593,1
33.57,2,0.2,11.7488,34.99791480488531,0,West,Corporate,Office Supplies,Binders,Same Day,June,Tuesday,3.5429862539335333,0,6,2,0.6011730205278593,1
666.34,7,0.2,66.6344,10.000060029414412,7,West,Consumer,Technology,Phones,Standard Class,November,Tuesday,6.503299661167146,0,11,2,0.8521008403361344,1
573.73,4,0.2,-64.5444,-11.249960782946681,7,West,Consumer,Furniture,Tables,Standard Class,November,Tuesday,6.353900365299689,0,11,2,0.3627906976744186,0
21.94,3,0.2,8.226,37.49316317228806,7,West,Consumer,Office Supplies,Binders,Standard Class,November,Tuesday,3.1328821117012247,0,11,2,0.6011730205278593,1
19.44,3,0.0,9.3312,48.00000000000001,7,West,Consumer,Office Supplies,Paper,Standard Class,November,Tuesday,3.017493765335504,0,11,2,1.0,1
447.97,4,0.2,139.99,31.249860481728685,7,West,Consumer,Technology,Machines,Standard Class,November,Tuesday,6.106956070365257,0,11,2,0.5975609756097561,1
16.78,2,0.0,4.195,25.0,4,East,Corporate,Office Supplies,Appliances,Standard Class,September,Monday,2.8780742300857587,0,9,1,0.867109634551495,1
20.96,2,0.0,5.24,25.0,6,West,Consumer,Office Supplies,Art,Standard Class,June,Thursday,3.08922261664133,0,6,4,1.0,1
88.75,3,0.2,27.735,31.25070422535211,6,West,Consumer,Office Supplies,Binders,Standard Class,June,Thursday,4.497028027368389,0,6,4,0.6011730205278593,1
304.23,3,0.0,9.1269,2.9999999999999996,6,West,Consumer,Office Supplies,Storage,Standard Class,June,Thursday,5.72106559077876,0,6,4,0.7795698924731183,1
167.86,2,0.0,78.8942,47.0,7,West,Consumer,Office Supplies,Envelopes,Standard Class,July,Sunday,5.129069969241354,0,7,7,1.0,1
23.98,3,0.2,-5.6943,-23.74603836530442,5,West,Consumer,Technology,Phones,Second Class,December,Monday,3.2180755046974316,0,12,1,0.8521008403361344,0
33.29,1,0.0,7.9896,24.000000000000004,5,West,Consumer,Office Supplies,Storage,Second Class,December,Monday,3.534853766474829,0,12,1,0.7795698924731183,1
14.95,2,0.7,-11.9616,-80.01070234113713,5,East,Consumer,Office Supplies,Binders,Standard Class,February,Saturday,2.7694588292308535,1,2,6,0.6011730205278593,0
323.98,3,0.4,-80.9955,-25.000154330514228,5,East,Consumer,Technology,Phones,Standard Class,February,Saturday,5.78376364197463,1,2,6,0.8521008403361344,0
2.29,2,0.7,-1.6764,-73.20524017467248,5,East,Consumer,Office Supplies,Binders,Standard Class,February,Saturday,1.1908875647772805,1,2,6,0.6011730205278593,0
14.35,3,0.2,0.897,6.2508710801393725,5,East,Consumer,Office Supplies,Art,Standard Class,February,Saturday,2.731115474033206,0,2,6,1.0,1
71.98,3,0.2,0.8997,1.2499305362600723,5,East,Consumer,Technology,Accessories,Standard Class,February,Saturday,4.290185431008302,0,2,6,0.872,1
9.21,3,0.0,2.3025,25.0,2,East,Corporate,Office Supplies,Art,First Class,January,Monday,2.3233676321765744,0,1,1,1.0,1
18.0,5,0.0,8.28,46.0,2,East,Corporate,Office Supplies,Paper,First Class,January,Monday,2.9444389791664403,0,1,1,1.0,1
50.88,6,0.2,14.628,28.749999999999996,6,South,Consumer,Technology,Accessories,Standard Class,December,Monday,3.948933359448243,0,12,1,0.872,1
27.31,2,0.2,9.2178,33.752471622116445,6,South,Consumer,Office Supplies,Envelopes,Standard Class,December,Monday,3.343215099123808,0,12,1,1.0,1
7.92,1,0.2,2.772,35.0,4,West,Consumer,Office Supplies,Envelopes,Standard Class,December,Sunday,2.188295946591918,0,12,7,1.0,1
14.37,2,0.2,3.9512,27.496172581767574,4,West,Consumer,Furniture,Furnishings,Standard Class,December,Sunday,2.7324175575505043,0,12,7,0.8065522620904836,1
107.97,3,0.0,22.6737,21.0,4,West,Home Office,Technology,Accessories,Standard Class,November,Friday,4.691072614988795,0,11,5,0.872,1
113.82,3,0.0,53.4954,47.0,4,West,Home Office,Office Supplies,Paper,Standard Class,November,Friday,4.743365684739491,0,11,5,1.0,1
16.28,2,0.0,6.512,40.0,0,Central,Consumer,Office Supplies,Art,Same Day,March,Saturday,2.8495497633759097,0,3,6,1.0,1
631.78,2,0.1,140.396,22.222292570198483,7,East,Consumer,Furniture,Chairs,Standard Class,September,Sunday,6.450122810391399,0,9,7,0.6042154566744731,1
60.72,3,0.0,26.1096,43.0,7,East,Consumer,Furniture,Furnishings,Standard Class,September,Sunday,4.12260802749496,0,9,7,0.8065522620904836,1
1598.06,7,0.7,-1065.372,-66.666583232169,3,South,Consumer,Office Supplies,Binders,Second Class,December,Friday,7.377171235582125,1,12,5,0.6011730205278593,0
36.96,4,0.2,12.012,32.5,3,South,Consumer,Office Supplies,Art,Second Class,December,Friday,3.636532973741727,0,12,5,1.0,1
111.96,2,0.0,54.8604,49.0,2,East,Corporate,Office Supplies,Paper,First Class,May,Saturday,4.727033773744932,0,5,6,1.0,1
104.9,5,0.0,50.352,47.99999999999999,5,Central,Home Office,Office Supplies,Binders,Standard Class,November,Saturday,4.662495252607361,0,11,6,0.6011730205278593,1
39.68,2,0.0,16.2688,41.0,5,Central,Home Office,Office Supplies,Art,Standard Class,November,Saturday,3.7057365711803594,0,11,6,1.0,1
51.75,5,0.0,24.84,48.0,5,Central,Home Office,Office Supplies,Labels,Standard Class,November,Saturday,3.965563772356176,0,11,6,1.0,1
103.97,6,0.2,16.8948,16.249687409829757,6,East,Corporate,Office Supplies,Appliances,Standard Class,November,Friday,4.653674595047707,0,11,5,0.867109634551495,1
303.25,5,0.0,63.6825,21.0,5,West,Home Office,Furniture,Furnishings,Standard Class,April,Friday,5.717849731867637,0,4,5,0.8065522620904836,1
270.72,3,0.0,78.5088,28.999999999999993,5,West,Home Office,Office Supplies,Appliances,Standard Class,April,Friday,5.604772124323102,0,4,5,0.867109634551495,1
1487.04,5,0.2,148.704,10.0,5,West,Home Office,Furniture,Chairs,Standard Class,April,Friday,7.3052150967521605,0,4,5,0.6042154566744731,1
17.48,2,0.0,8.2156,47.0,2,South,Home Office,Office Supplies,Envelopes,Second Class,November,Monday,2.916689066213538,0,11,1,1.0,1
71.88,2,0.0,32.346,44.99999999999999,2,South,Home Office,Office Supplies,Envelopes,Second Class,November,Monday,4.288814252951703,0,11,1,1.0,1
60.45,3,0.0,16.3215,27.0,5,West,Consumer,Office Supplies,Art,Standard Class,October,Sunday,4.118223836012044,0,10,7,1.0,1
253.18,3,0.2,-31.647,-12.499802512046765,5,West,Consumer,Furniture,Tables,Standard Class,October,Sunday,5.538042677453924,0,10,7,0.3627906976744186,0
2.88,5,0.8,-4.464,-155.00000000000003,7,Central,Consumer,Office Supplies,Binders,Standard Class,July,Monday,1.355835153635182,1,7,1,0.6011730205278593,0
384.94,4,0.3,-126.4816,-32.857484283264924,7,Central,Consumer,Furniture,Bookcases,Standard Class,July,Monday,5.95568191696821,1,7,1,0.5263157894736842,0
153.58,2,0.2,13.4386,8.750227894257064,7,Central,Consumer,Technology,Phones,Standard Class,July,Monday,5.040711761678725,0,7,1,0.8521008403361344,1
913.43,5,0.3,-52.196,-5.714285714285714,7,Central,Consumer,Furniture,Bookcases,Standard Class,July,Monday,6.818300920341367,1,7,1,0.5263157894736842,0
43.92,4,0.0,11.8584,26.999999999999996,6,West,Corporate,Office Supplies,Appliances,Standard Class,October,Thursday,3.8048831298702424,0,10,4,0.867109634551495,1
25.03,3,0.2,7.8225,31.252497003595682,6,West,Corporate,Office Supplies,Binders,Standard Class,October,Thursday,3.259249719006474,0,10,4,0.6011730205278593,1
70.37,2,0.2,6.1572,8.749751314480601,4,Central,Corporate,Office Supplies,Art,Standard Class,September,Thursday,4.267877612982976,0,9,4,1.0,1
59.96,5,0.2,21.7355,36.25,4,Central,Corporate,Technology,Phones,Standard Class,September,Thursday,4.110217911378391,0,9,4,0.8521008403361344,1
25.98,1,0.2,-5.1968,-20.003079291762894,0,East,Consumer,Office Supplies,Storage,Same Day,July,Sunday,3.2950958507796098,0,7,7,0.7795698924731183,0
27.36,3,0.7,-21.888,-80.0,0,East,Consumer,Office Supplies,Binders,Same Day,July,Sunday,3.344979701663927,1,7,7,0.6011730205278593,0
361.38,2,0.2,27.1032,7.49991698489125,4,West,Corporate,Technology,Phones,Standard Class,November,Tuesday,5.892693385007961,0,11,2,0.8521008403361344,1
172.19,2,0.3,-46.7362,-27.142226610139957,4,East,Consumer,Furniture,Chairs,Standard Class,July,Monday,5.154389257740952,1,7,1,0.6042154566744731,0
69.01,2,0.2,12.0764,17.4994928271265,4,East,Consumer,Furniture,Furnishings,Standard Class,July,Monday,4.248638088989106,0,7,1,0.8065522620904836,1
199.9,5,0.0,89.955,44.99999999999999,0,East,Consumer,Office Supplies,Envelopes,Same Day,March,Thursday,5.302807271820889,0,3,4,1.0,1
901.95,3,0.0,297.6435,33.0,0,East,Consumer,Office Supplies,Appliances,Same Day,March,Thursday,6.805667180898352,0,3,4,0.867109634551495,1
971.5,5,0.0,252.59,26.0,0,East,Consumer,Furniture,Furnishings,Same Day,March,Thursday,6.879870075492601,0,3,4,0.8065522620904836,1
11.33,2,0.2,2.5488,22.496028243601057,1,West,Consumer,Office Supplies,Art,First Class,December,Monday,2.512035317176253,0,12,1,1.0,1
21.24,3,0.0,8.0712,38.0,2,East,Consumer,Office Supplies,Art,First Class,September,Tuesday,3.1018924693823817,0,9,2,1.0,1
34.8,3,0.2,2.175,6.25,5,East,Consumer,Technology,Accessories,Standard Class,July,Sunday,3.5779478934066544,0,7,7,0.872,1
38.98,3,0.2,-2.436,-6.2493586454592105,5,East,Consumer,Office Supplies,Storage,Standard Class,July,Sunday,3.6883793290722537,0,7,7,0.7795698924731183,0
9.08,2,0.0,4.086,45.0,5,Central,Corporate,Office Supplies,Paper,Standard Class,November,Sunday,2.3105532626432224,0,11,7,1.0,1
314.55,3,0.0,150.984,48.00000000000001,5,Central,Corporate,Office Supplies,Paper,Standard Class,November,Sunday,5.754317148030249,0,11,7,1.0,1
4.91,1,0.0,2.3077,47.0,5,Central,Corporate,Office Supplies,Binders,Standard Class,November,Sunday,1.776645831418007,0,11,7,0.6011730205278593,1
5.78,2,0.0,2.7166,47.0,5,West,Home Office,Office Supplies,Labels,Standard Class,May,Tuesday,1.9139771019523042,0,5,2,1.0,1
107.94,6,0.0,30.2232,27.999999999999996,5,West,Home Office,Office Supplies,Art,Standard Class,May,Tuesday,4.690797271955528,0,5,2,1.0,1
19.65,3,0.0,9.039,46.0,3,East,Consumer,Office Supplies,Paper,First Class,June,Saturday,3.027715319407042,0,6,6,1.0,1
617.97,3,0.0,160.6722,26.0,3,East,Consumer,Technology,Phones,First Class,June,Saturday,6.428056806243558,0,6,6,0.8521008403361344,1
59.7,3,0.0,26.865,44.99999999999999,3,East,Consumer,Office Supplies,Appliances,First Class,June,Saturday,4.1059436980654525,0,6,6,0.867109634551495,1
575.92,2,0.2,71.99,12.5,7,West,Consumer,Technology,Phones,Standard Class,November,Saturday,6.357703608715309,0,11,6,0.8521008403361344,1
30.4,5,0.0,15.2,50.0,7,West,Consumer,Office Supplies,Fasteners,Standard Class,November,Saturday,3.4468078929142076,0,11,6,0.9019607843137255,1
190.85,3,0.2,-21.4704,-11.249882106366258,7,East,Consumer,Furniture,Furnishings,Standard Class,December,Saturday,5.256713816692962,0,12,6,0.8065522620904836,0
5.48,4,0.7,-4.0216,-73.38686131386861,7,East,Consumer,Office Supplies,Binders,Standard Class,December,Wednesday,1.8687205103641833,1,12,3,0.6011730205278593,0
40.92,5,0.2,3.069,7.5,4,Central,Consumer,Office Supplies,Supplies,Second Class,November,Tuesday,3.735763040012787,0,11,2,0.816793893129771,1
15.55,3,0.2,2.3328,15.001929260450162,5,South,Consumer,Office Supplies,Art,Standard Class,March,Tuesday,2.806386101823072,0,3,2,1.0,1
20.0,4,0.0,9.6,48.0,5,South,Consumer,Office Supplies,Fasteners,Second Class,November,Thursday,3.044522437723423,0,11,4,0.9019607843137255,1
7.98,3,0.0,2.0748,26.0,5,South,Consumer,Office Supplies,Art,Second Class,November,Thursday,2.194999882314108,0,11,4,1.0,1
24.1,5,0.0,9.158,37.99999999999999,5,South,Consumer,Furniture,Furnishings,Second Class,November,Thursday,3.2228678461377385,0,11,4,0.8065522620904836,1
8.75,1,0.0,2.625,30.0,5,South,Consumer,Office Supplies,Art,Second Class,November,Thursday,2.277267285009756,0,11,4,1.0,1
842.94,3,0.0,160.1586,19.0,5,South,Consumer,Furniture,Tables,Second Class,November,Thursday,6.738081402021547,0,11,4,0.3627906976744186,1
2.18,1,0.8,-3.6003,-165.15137614678898,5,Central,Consumer,Office Supplies,Binders,Standard Class,May,Tuesday,1.1568811967920856,1,5,2,0.6011730205278593,0
27.38,7,0.2,2.7384,10.00146092037984,5,Central,Consumer,Office Supplies,Art,Standard Class,May,Tuesday,3.3456846717318967,0,5,2,1.0,1
26.41,3,0.8,-71.2962,-269.95910639909124,5,Central,Consumer,Office Supplies,Appliances,Standard Class,May,Tuesday,3.3109079103146946,1,5,2,0.867109634551495,0
10.37,2,0.2,3.6288,34.993249758919966,6,Central,Consumer,Office Supplies,Paper,Standard Class,December,Tuesday,2.4309783077624445,0,12,2,1.0,1
23.68,4,0.2,7.4,31.25,6,Central,Consumer,Office Supplies,Paper,Standard Class,December,Tuesday,3.205993199037187,0,12,2,1.0,1
109.95,1,0.0,36.2835,32.99999999999999,4,Central,Consumer,Technology,Accessories,Standard Class,July,Friday,4.709079649378603,0,7,5,0.872,1
965.85,5,0.0,135.219,13.999999999999998,4,Central,Consumer,Office Supplies,Storage,Standard Class,July,Friday,6.874043364496601,0,7,5,0.7795698924731183,1
29.2,5,0.0,10.512,36.00000000000001,4,Central,Consumer,Office Supplies,Art,Standard Class,July,Friday,3.407841924380824,0,7,5,1.0,1
32.4,5,0.0,15.552,48.0,4,Central,Consumer,Office Supplies,Paper,Standard Class,July,Friday,3.5085558999826545,0,7,5,1.0,1
78.35,5,0.0,36.8245,47.0,5,Central,Home Office,Office Supplies,Envelopes,Standard Class,November,Sunday,4.373868446972418,0,11,7,1.0,1
31.68,6,0.0,14.256,45.0,5,Central,Home Office,Office Supplies,Paper,Standard Class,November,Sunday,3.486763269991802,0,11,7,1.0,1
29.12,4,0.0,14.2688,49.0,5,Central,Home Office,Office Supplies,Binders,Standard Class,November,Sunday,3.405189402931693,0,11,7,0.6011730205278593,1
169.45,5,0.0,42.3625,25.0,5,Central,Home Office,Office Supplies,Storage,Standard Class,November,Sunday,5.138441998583912,0,11,7,0.7795698924731183,1
12.56,2,0.0,4.0192,31.999999999999996,4,West,Consumer,Furniture,Furnishings,Standard Class,June,Friday,2.6071242825122494,0,6,5,0.8065522620904836,1
6.48,1,0.0,3.1104,47.99999999999999,4,West,Consumer,Office Supplies,Paper,Standard Class,June,Friday,2.012232791986386,0,6,5,1.0,1
186.69,3,0.0,87.7443,47.0,4,West,Consumer,Office Supplies,Envelopes,Standard Class,June,Friday,5.234791665668158,0,6,5,1.0,1
25.4,5,0.0,8.636,34.0,2,West,Consumer,Furniture,Furnishings,First Class,July,Monday,3.2733640101522705,0,7,1,0.8065522620904836,1
43.96,2,0.0,20.6612,47.0,2,West,Consumer,Office Supplies,Envelopes,First Class,July,Monday,3.8057732055854356,0,7,1,1.0,1
1279.17,5,0.15,225.735,17.646989844977604,2,West,Consumer,Furniture,Bookcases,First Class,July,Monday,7.154748160594863,0,7,1,0.5263157894736842,1
27.92,4,0.0,0.5584,2.0,2,West,Consumer,Office Supplies,Storage,First Class,July,Monday,3.3645333972905638,0,7,1,0.7795698924731183,1
129.57,2,0.2,-12.9568,-9.999845643281624,5,West,Home Office,Furniture,Chairs,Standard Class,September,Thursday,4.871909481419947,0,9,4,0.6042154566744731,0
6.37,2,0.2,2.1492,33.739403453689164,5,West,Home Office,Office Supplies,Binders,Standard Class,September,Thursday,1.9974177062012453,0,9,4,0.6011730205278593,1
3.3,1,0.2,1.1151,33.790909090909096,4,West,Corporate,Office Supplies,Binders,Standard Class,August,Friday,1.4586150226995167,0,8,5,0.6011730205278593,1
24.9,5,0.0,11.703,47.0,4,East,Consumer,Office Supplies,Paper,Standard Class,March,Monday,3.254242968705492,0,3,1,1.0,1
15.26,7,0.0,5.0358,33.0,5,West,Consumer,Office Supplies,Fasteners,Standard Class,November,Thursday,2.7887081041196646,0,11,4,0.9019607843137255,1
43.32,2,0.0,14.2956,33.0,5,West,Consumer,Office Supplies,Appliances,Standard Class,November,Thursday,3.7914360424390283,0,11,4,0.867109634551495,1
43.58,12,0.2,15.7992,36.253327214318496,5,West,Consumer,Office Supplies,Binders,Standard Class,November,Thursday,3.797285327957723,0,11,4,0.6011730205278593,1
116.28,3,0.0,56.9772,49.00000000000001,5,West,Consumer,Office Supplies,Paper,Standard Class,November,Thursday,4.764564238138341,0,11,4,1.0,1
9.3,2,0.2,3.0212,32.48602150537634,5,West,Consumer,Office Supplies,Binders,Standard Class,November,Thursday,2.33214389523559,0,11,4,0.6011730205278593,1
19.44,3,0.0,9.3312,48.00000000000001,5,West,Consumer,Office Supplies,Paper,Standard Class,November,Thursday,3.017493765335504,0,11,4,1.0,1
314.55,3,0.0,150.984,48.00000000000001,5,West,Consumer,Office Supplies,Paper,Standard Class,November,Thursday,5.754317148030249,0,11,4,1.0,1
16.27,5,0.8,-25.2185,-155.0,6,Central,Home Office,Office Supplies,Binders,Standard Class,September,Saturday,2.848970892158587,1,9,6,0.6011730205278593,0
69.12,9,0.2,-14.688,-21.25,6,Central,Home Office,Office Supplies,Supplies,Standard Class,September,Saturday,4.250208060053033,0,9,6,0.816793893129771,0
4.47,3,0.8,-7.8225,-175.0,6,Central,Home Office,Office Supplies,Binders,Standard Class,September,Saturday,1.6992786164338898,1,9,6,0.6011730205278593,0
659.99,2,0.4,109.998,16.66661616085092,2,East,Consumer,Technology,Copiers,Second Class,December,Monday,6.493738711144207,1,12,1,1.0,1
8.13,2,0.2,1.4224,17.49569495694957,2,East,Consumer,Furniture,Furnishings,Second Class,December,Monday,2.211565694606877,0,12,1,0.8065522620904836,1
36.29,7,0.2,12.7008,34.99807109396528,2,East,Consumer,Office Supplies,Paper,Second Class,December,Monday,3.6187251941907292,0,12,1,1.0,1
909.72,6,0.3,-51.984,-5.714285714285714,2,East,Consumer,Furniture,Chairs,Second Class,December,Monday,6.814235495461433,1,12,1,0.6042154566744731,0
12.96,2,0.0,6.2208,47.99999999999999,5,West,Corporate,Office Supplies,Paper,Standard Class,November,Friday,2.6361960973342264,0,11,5,1.0,1
12.96,2,0.0,6.2208,47.99999999999999,6,West,Corporate,Office Supplies,Paper,Standard Class,April,Sunday,2.6361960973342264,0,4,7,1.0,1
23.2,5,0.2,8.12,35.0,6,West,Corporate,Office Supplies,Binders,Standard Class,April,Sunday,3.186352633162641,0,4,7,0.6011730205278593,1
25.92,5,0.2,9.072,34.99999999999999,4,Central,Corporate,Office Supplies,Paper,Standard Class,June,Monday,3.2928695047765273,0,6,1,1.0,1
21.31,6,0.2,7.1928,33.753167526982644,4,Central,Corporate,Office Supplies,Fasteners,Standard Class,June,Monday,3.105035008444441,0,6,1,0.9019607843137255,1
173.66,7,0.2,17.3656,9.999769664862376,5,West,Home Office,Technology,Phones,Standard Class,December,Wednesday,5.162841226985587,0,12,3,0.8521008403361344,1
361.96,2,0.0,101.3488,28.000000000000004,5,West,Home Office,Office Supplies,Appliances,Standard Class,December,Wednesday,5.894292635355709,0,12,3,0.867109634551495,1
62.85,3,0.0,13.1985,21.0,5,West,Home Office,Technology,Accessories,Standard Class,December,Wednesday,4.156536582478548,0,12,3,0.872,1
818.38,3,0.2,51.1485,6.249969451843886,5,West,Home Office,Technology,Phones,Standard Class,December,Wednesday,6.7085479567113975,0,12,3,0.8521008403361344,1
20.34,1,0.0,0.2034,1.0,5,West,Home Office,Office Supplies,Storage,Standard Class,December,Wednesday,3.060583245873607,0,12,3,0.7795698924731183,1
23.99,1,0.0,5.5177,23.0,5,West,Home Office,Furniture,Furnishings,Standard Class,December,Wednesday,3.218475744846861,0,12,3,0.8065522620904836,1
37.3,2,0.0,17.158,46.00000000000001,4,Central,Corporate,Furniture,Furnishings,Standard Class,November,Thursday,3.6454498961866,0,11,4,0.8065522620904836,1
81.96,2,0.0,39.3408,48.00000000000001,4,Central,Corporate,Office Supplies,Binders,Standard Class,November,Thursday,4.418358563921272,0,11,4,0.6011730205278593,1
54.79,6,0.7,-40.1808,-73.33601022084322,1,West,Consumer,Office Supplies,Binders,First Class,October,Sunday,4.021594641857437,1,10,7,0.6011730205278593,0
10.78,1,0.2,0.8088,7.50278293135436,2,Central,Consumer,Office Supplies,Storage,First Class,September,Tuesday,2.4664031782234406,0,9,2,0.7795698924731183,1
290.98,1,0.0,75.6548,25.999999999999996,5,South,Consumer,Furniture,Chairs,Second Class,October,Thursday,5.676685306771834,0,10,4,0.6042154566744731,1
21.4,5,0.0,10.058,47.0,5,West,Consumer,Office Supplies,Paper,Standard Class,September,Thursday,3.109060958860994,0,9,4,1.0,1
48.66,7,0.2,15.8158,32.50267159884916,5,West,Consumer,Office Supplies,Binders,Standard Class,September,Thursday,3.9051997800800207,0,9,4,0.6011730205278593,1
16.56,4,0.0,6.9552,42.0,6,West,Consumer,Office Supplies,Art,Standard Class,September,Sunday,2.8656235882069705,0,9,7,1.0,1
62.31,3,0.0,22.4316,36.0,6,Central,Corporate,Technology,Accessories,Standard Class,February,Thursday,4.148043294556035,0,2,4,0.872,1
20.32,4,0.0,6.9088,34.0,6,Central,Corporate,Furniture,Furnishings,Standard Class,February,Thursday,3.0596455992976437,0,2,4,0.8065522620904836,1
34.86,7,0.0,16.0356,46.0,4,East,Consumer,Office Supplies,Labels,Standard Class,November,Sunday,3.5796224681769866,0,11,7,1.0,1
89.34,6,0.0,24.1218,27.0,4,East,Consumer,Furniture,Furnishings,Standard Class,November,Sunday,4.503580330226458,0,11,7,0.8065522620904836,1
2.3,2,0.8,-3.9032,-169.70434782608697,4,Central,Consumer,Office Supplies,Binders,Standard Class,November,Monday,1.1939224684724346,1,11,1,0.6011730205278593,0
408.01,2,0.1,72.5344,17.77760349011054,3,East,Consumer,Furniture,Chairs,First Class,November,Monday,6.013739605621659,0,11,1,0.6042154566744731,1
40.44,3,0.0,10.5144,26.0,3,East,Consumer,Office Supplies,Storage,First Class,November,Monday,3.7242465979512276,0,11,1,0.7795698924731183,1
122.35,3,0.2,13.7646,11.250183898651409,0,West,Home Office,Furniture,Chairs,Same Day,October,Friday,4.815025842975365,0,10,5,0.6042154566744731,1
15.28,2,0.0,7.4872,49.0,0,West,Home Office,Office Supplies,Envelopes,Same Day,October,Friday,2.7899373605743945,0,10,5,1.0,1
11.96,2,0.0,5.8604,49.0,7,West,Corporate,Office Supplies,Paper,Standard Class,March,Thursday,2.561867690924129,0,3,4,1.0,1
105.98,2,0.0,1.0598,1.0,3,East,Corporate,Technology,Phones,Standard Class,February,Friday,4.672641901103104,0,2,5,0.8521008403361344,1
493.92,7,0.3,-28.224,-5.714285714285714,3,East,Corporate,Furniture,Tables,Standard Class,February,Friday,6.204396133345775,1,2,5,0.3627906976744186,0
383.61,9,0.3,-5.4801,-1.4285602565105184,5,Central,Consumer,Furniture,Chairs,Second Class,July,Sunday,5.9522298338567,1,7,7,0.6042154566744731,0
148.48,2,0.2,16.704,11.250000000000002,5,Central,Consumer,Technology,Phones,Second Class,July,Sunday,5.0071626046172835,0,7,7,0.8521008403361344,1
537.54,7,0.2,53.7544,10.000074413066935,5,Central,Consumer,Technology,Phones,Second Class,July,Sunday,6.288861774246333,0,7,7,0.8521008403361344,1
1.93,2,0.8,-2.9884,-154.83937823834196,5,Central,Consumer,Office Supplies,Binders,Second Class,July,Sunday,1.0750024230289759,1,7,7,0.6011730205278593,0
6.91,3,0.2,0.6912,10.002894356005788,5,Central,Consumer,Office Supplies,Art,Second Class,July,Sunday,2.0681277817795625,0,7,7,1.0,1
7.76,1,0.6,-2.134,-27.499999999999996,5,Central,Consumer,Furniture,Furnishings,Second Class,July,Sunday,2.1701959049483,1,7,7,0.8065522620904836,0
659.17,4,0.2,49.4376,7.499977244110018,5,Central,Consumer,Technology,Phones,Second Class,July,Sunday,6.492497377611107,0,7,7,0.8521008403361344,1
351.22,3,0.2,4.3902,1.2499857639086611,4,West,Corporate,Furniture,Tables,Standard Class,July,Sunday,5.86425598036694,0,7,7,0.3627906976744186,1
230.28,3,0.2,23.028,10.0,6,West,Consumer,Furniture,Chairs,Standard Class,December,Saturday,5.443629097708091,0,12,6,0.6042154566744731,1
12.84,3,0.0,5.778,44.99999999999999,6,West,Consumer,Office Supplies,Paper,Standard Class,December,Saturday,2.6275629501895237,0,12,6,1.0,1
56.82,3,0.0,28.41,50.0,3,Central,Consumer,Office Supplies,Binders,Second Class,February,Saturday,4.0573347365882,0,2,6,0.6011730205278593,1
31.56,4,0.0,14.202,45.0,3,South,Consumer,Office Supplies,Fasteners,First Class,March,Monday,3.4830845411343394,0,3,1,0.9019607843137255,1
27.92,4,0.0,0.5584,2.0,3,South,Consumer,Office Supplies,Storage,First Class,March,Monday,3.3645333972905638,0,3,1,0.7795698924731183,1
49.57,2,0.2,17.9684,36.24853742182771,5,Central,Corporate,Office Supplies,Envelopes,Standard Class,December,Wednesday,3.9233585150918917,0,12,3,1.0,1
127.87,3,0.3,-9.1335,-7.142801282552592,3,Central,Consumer,Furniture,Chairs,First Class,May,Monday,4.8588041443003,1,5,1,0.6042154566744731,0
271.44,3,0.0,122.148,45.0,5,West,Corporate,Office Supplies,Envelopes,Second Class,December,Friday,5.607418406373117,0,12,5,1.0,1
110.35,3,0.2,8.2764,7.50013593112823,5,West,Corporate,Technology,Phones,Second Class,December,Friday,4.712678393703377,0,12,5,0.8521008403361344,1
36.4,5,0.0,13.832,38.00000000000001,5,West,Corporate,Furniture,Furnishings,Second Class,December,Friday,3.6216707044204863,0,12,5,0.8065522620904836,1
100.7,6,0.2,-1.2588,-1.2500496524329692,5,West,Corporate,Office Supplies,Storage,Standard Class,December,Tuesday,4.622027303054514,0,12,2,0.7795698924731183,0
10.48,6,0.8,-17.2854,-164.93702290076334,5,Central,Consumer,Office Supplies,Binders,Standard Class,November,Sunday,2.4406063908914204,1,11,7,0.6011730205278593,0
76.14,3,0.0,26.649,35.0,2,West,Home Office,Furniture,Furnishings,Second Class,April,Saturday,4.345621952780082,0,4,6,0.8065522620904836,1
21.24,3,0.0,8.0712,38.0,2,Central,Home Office,Office Supplies,Art,Second Class,May,Monday,3.1018924693823817,0,5,1,1.0,1
127.96,2,0.0,60.1412,47.0,2,Central,Home Office,Office Supplies,Binders,Second Class,May,Monday,4.859502278758318,0,5,1,0.6011730205278593,1
657.93,7,0.0,184.2204,28.000000000000004,6,Central,Home Office,Technology,Phones,Standard Class,December,Monday,6.4906173073127995,0,12,1,0.8521008403361344,1
33.48,4,0.0,8.7048,26.000000000000007,6,Central,Home Office,Furniture,Furnishings,Standard Class,December,Monday,3.5403794457954922,0,12,1,0.8065522620904836,1
13.9,5,0.0,3.614,26.0,6,Central,Home Office,Office Supplies,Art,Standard Class,December,Monday,2.7013612129514133,0,12,1,1.0,1
26.86,2,0.0,6.715,25.0,6,Central,Home Office,Office Supplies,Storage,Standard Class,December,Monday,3.3271919683516598,0,12,1,0.7795698924731183,1
9.58,1,0.2,3.3544,35.01461377870564,5,West,Consumer,Office Supplies,Binders,Standard Class,April,Friday,2.3589654264301534,0,4,5,0.6011730205278593,1
113.1,3,0.0,56.55,50.0,6,South,Home Office,Office Supplies,Binders,Standard Class,June,Tuesday,4.73707525686803,0,6,2,0.6011730205278593,1
65.78,11,0.0,32.2322,49.0,6,East,Corporate,Office Supplies,Paper,Standard Class,July,Sunday,4.201403634515509,0,7,7,1.0,1
239.7,6,0.0,105.468,44.00000000000001,6,South,Corporate,Technology,Accessories,Standard Class,July,Friday,5.483551344789026,0,7,5,0.872,1
25.63,3,0.2,3.8448,15.001170503316427,3,East,Home Office,Furniture,Furnishings,First Class,September,Monday,3.282038399825841,0,9,1,0.8065522620904836,1
23.62,8,0.2,7.9704,33.74428450465707,2,East,Consumer,Office Supplies,Labels,First Class,June,Friday,3.2035591207563074,0,6,5,1.0,1
8.26,2,0.0,3.7996,46.0,2,West,Corporate,Office Supplies,Art,Second Class,August,Friday,2.225704048658088,0,8,5,1.0,1
17.76,2,0.0,4.9728,27.999999999999996,5,West,Corporate,Office Supplies,Supplies,Standard Class,December,Monday,2.9317269435780786,0,12,1,0.816793893129771,1
302.38,2,0.2,30.2384,10.000132283881209,5,West,Corporate,Technology,Phones,Standard Class,December,Monday,5.714986145163526,0,12,1,0.8521008403361344,1
146.35,3,0.2,-5.4882,-3.750051247010591,5,West,Corporate,Furniture,Chairs,Standard Class,December,Monday,4.992810709183703,0,12,1,0.6042154566744731,0
7.9,2,0.0,2.054,25.999999999999996,5,West,Corporate,Office Supplies,Appliances,Standard Class,December,Monday,2.186051276738094,0,12,1,0.867109634551495,1
902.71,3,0.2,33.8517,3.7500083083160702,5,West,Corporate,Furniture,Tables,Standard Class,December,Monday,6.8065085124658085,0,12,1,0.3627906976744186,1
53.97,3,0.0,15.1116,27.999999999999996,5,West,Corporate,Office Supplies,Art,Standard Class,December,Monday,4.006787581872569,0,12,1,1.0,1
33.92,8,0.0,13.2288,38.99999999999999,5,East,Home Office,Office Supplies,Art,Second Class,December,Monday,3.5530597309714014,0,12,1,1.0,1
150.98,1,0.0,43.7842,29.000000000000004,4,East,Home Office,Furniture,Chairs,Standard Class,July,Thursday,5.023748933241639,0,7,4,0.6042154566744731,1
137.25,9,0.0,63.135,46.0,4,East,Home Office,Office Supplies,Envelopes,Standard Class,July,Thursday,4.929063640402444,0,7,4,1.0,1
11.52,4,0.0,5.4144,47.0,4,East,Home Office,Office Supplies,Fasteners,Standard Class,July,Thursday,2.5273273656719524,0,7,4,0.9019607843137255,1
18.27,1,0.2,5.9384,32.503557744937055,3,South,Home Office,Office Supplies,Paper,Second Class,May,Tuesday,2.958549482426275,0,5,2,1.0,1
153.73,4,0.2,53.8048,34.99954465621545,3,South,Home Office,Office Supplies,Paper,Second Class,May,Tuesday,5.041681662501581,0,5,2,1.0,1
12.22,2,0.2,4.4312,36.261865793780686,3,South,Home Office,Office Supplies,Envelopes,Second Class,May,Tuesday,2.5817308344235403,0,5,2,1.0,1
167.94,7,0.2,50.3832,30.00071454090747,3,South,Home Office,Technology,Accessories,Second Class,May,Tuesday,5.129543622299351,0,5,2,0.872,1
45.99,1,0.0,13.3371,28.999999999999996,5,East,Consumer,Technology,Phones,Standard Class,May,Thursday,3.849934813114724,0,5,4,0.8521008403361344,1
535.41,3,0.0,160.623,30.0,5,East,Consumer,Office Supplies,Storage,Standard Class,May,Thursday,6.284898794037626,0,5,4,0.7795698924731183,1
6.1,2,0.2,2.0574,33.72786885245901,5,East,Consumer,Office Supplies,Binders,Standard Class,May,Thursday,1.9600947840472698,0,5,4,0.6011730205278593,1
45.36,7,0.0,21.7728,48.0,5,East,Consumer,Office Supplies,Paper,Standard Class,May,Thursday,3.836437018471551,0,5,4,1.0,1
31.36,4,0.0,15.68,50.0,2,South,Corporate,Office Supplies,Binders,Second Class,January,Sunday,3.4769230921902907,0,1,7,0.6011730205278593,1
47.62,3,0.2,3.5712,7.499370012599749,6,South,Consumer,Office Supplies,Art,Standard Class,December,Saturday,3.884034968887977,0,12,6,1.0,1
23.48,5,0.2,8.218,35.0,6,South,Consumer,Office Supplies,Paper,Standard Class,December,Saturday,3.1978564576441255,0,12,6,1.0,1
62.79,3,0.8,-166.3935,-265.0,5,Central,Home Office,Office Supplies,Appliances,Standard Class,September,Monday,4.1555964382538635,1,9,1,0.867109634551495,0
28.44,9,0.2,4.266,15.0,5,Central,Home Office,Office Supplies,Fasteners,Standard Class,September,Monday,3.3823542938606757,0,9,1,0.9019607843137255,1
134.38,3,0.2,6.7188,4.99985116832862,3,Central,Corporate,Technology,Accessories,Second Class,September,Friday,4.908085639080461,0,9,5,0.872,1
589.9,2,0.0,147.475,25.0,5,East,Home Office,Technology,Phones,Standard Class,September,Monday,6.381646798351629,0,9,1,0.8521008403361344,1
542.94,3,0.0,141.1644,25.999999999999996,5,East,Home Office,Furniture,Chairs,Standard Class,September,Monday,6.298838946655453,0,9,1,0.6042154566744731,1
77.55,5,0.0,21.714,27.999999999999996,3,East,Corporate,Office Supplies,Storage,Second Class,October,Monday,4.36373536470163,0,10,1,0.7795698924731183,1
77.55,5,0.0,20.163,26.0,5,East,Corporate,Office Supplies,Storage,Standard Class,November,Sunday,4.36373536470163,0,11,7,0.7795698924731183,1
24.88,2,0.0,6.9664,28.000000000000004,5,East,Corporate,Office Supplies,Storage,Standard Class,November,Sunday,3.2534704696327,0,11,7,0.7795698924731183,1
140.75,5,0.0,39.41,27.999999999999996,5,East,Corporate,Office Supplies,Art,Standard Class,November,Sunday,4.954064942607862,0,11,7,1.0,1
36.63,3,0.0,9.8901,27.0,5,East,Corporate,Office Supplies,Storage,Standard Class,November,Sunday,3.627801604605346,0,11,7,0.7795698924731183,1
17.14,2,0.0,6.1704,36.0,0,Central,Consumer,Furniture,Furnishings,Same Day,October,Thursday,2.8981194446869907,0,10,4,0.8065522620904836,1
586.4,6,0.15,34.494,5.882332878581174,5,West,Corporate,Furniture,Bookcases,Standard Class,August,Friday,6.37570601876452,0,8,5,0.5263157894736842,1
80.98,1,0.0,3.2392,3.9999999999999996,5,West,Corporate,Office Supplies,Storage,Standard Class,August,Friday,4.406475315076191,0,8,5,0.7795698924731183,1
1599.92,8,0.0,751.9624,47.0,5,South,Consumer,Technology,Copiers,Standard Class,September,Sunday,7.3783337429787155,0,9,7,1.0,1
11.09,1,0.0,5.4341,49.0,5,South,Consumer,Office Supplies,Envelopes,Standard Class,September,Sunday,2.492378664626701,0,9,7,1.0,1
6.37,2,0.2,2.1492,33.739403453689164,4,West,Consumer,Office Supplies,Binders,Standard Class,August,Sunday,1.9974177062012453,0,8,7,0.6011730205278593,1
558.4,2,0.2,41.88,7.500000000000001,4,West,Consumer,Technology,Machines,Standard Class,August,Sunday,6.32686478076786,0,8,7,0.5975609756097561,1
145.76,2,0.1,-8.098,-5.555708013172339,4,East,Home Office,Furniture,Chairs,Standard Class,August,Friday,4.988798599487081,0,8,5,0.6042154566744731,0
13.62,3,0.0,6.129,45.0,6,South,Corporate,Office Supplies,Paper,Standard Class,May,Friday,2.6823904543216326,0,5,5,1.0,1
434.65,3,0.1,62.7822,14.444311515012078,5,East,Home Office,Furniture,Chairs,Standard Class,April,Tuesday,6.076839168677296,0,4,2,0.6042154566744731,1
45.25,2,0.2,3.9592,8.749613259668507,5,Central,Corporate,Office Supplies,Storage,Standard Class,May,Monday,3.834061463958434,0,5,1,0.7795698924731183,1
59.9,2,0.2,14.2272,23.751585976627712,4,East,Consumer,Office Supplies,Art,Standard Class,May,Sunday,4.109233174715851,0,5,7,1.0,1
23.7,2,0.2,6.5164,27.495358649789033,4,East,Consumer,Office Supplies,Appliances,Standard Class,May,Sunday,3.2068032436339315,0,5,7,0.867109634551495,1
7.97,2,0.2,2.8884,36.24090338770389,4,East,Consumer,Office Supplies,Paper,Standard Class,May,Sunday,2.1938856760707046,0,5,7,1.0,1
18.2,7,0.2,2.0475,11.25,4,East,Consumer,Office Supplies,Appliances,Standard Class,May,Sunday,2.954910279033736,0,5,7,0.867109634551495,1
27.55,3,0.2,-0.3444,-1.2500907441016333,4,East,Consumer,Technology,Accessories,Standard Class,May,Sunday,3.351656936102019,0,5,7,0.872,0
844.12,6,0.3,-36.1764,-4.285693977159646,4,East,Consumer,Furniture,Chairs,Standard Class,May,Sunday,6.739478629108768,1,5,7,0.6042154566744731,0
76.75,3,0.2,-9.594,-12.500325732899023,4,East,Consumer,Office Supplies,Storage,Standard Class,May,Sunday,4.353498551059343,0,5,7,0.7795698924731183,0
3.0,1,0.2,1.05,35.0,4,South,Consumer,Office Supplies,Labels,Standard Class,September,Sunday,1.3862943611198906,0,9,7,1.0,1
7.51,9,0.7,-6.0048,-79.95739014647137,4,South,Consumer,Office Supplies,Binders,Standard Class,September,Thursday,2.1412419425852827,1,9,4,0.6011730205278593,0
16.56,2,0.2,5.796,35.0,4,South,Consumer,Office Supplies,Labels,Standard Class,September,Thursday,2.8656235882069705,0,9,4,1.0,1
79.92,4,0.0,34.3656,43.0,7,West,Corporate,Furniture,Furnishings,Standard Class,January,Sunday,4.393461012299545,0,1,7,0.8065522620904836,1
69.98,2,0.0,13.2962,19.0,7,West,Corporate,Technology,Accessories,Standard Class,January,Sunday,4.2623981472183505,0,1,7,0.872,1
283.14,4,0.1,72.358,25.55555555555556,6,Central,Consumer,Office Supplies,Appliances,Standard Class,July,Sunday,5.649467074443931,0,7,7,0.867109634551495,1
635.96,4,0.0,165.3496,26.0,6,Central,Consumer,Technology,Phones,Standard Class,July,Sunday,6.456706859252007,0,7,7,0.8521008403361344,1
118.99,1,0.0,33.3172,28.000000000000004,6,Central,Consumer,Technology,Phones,Standard Class,July,Sunday,4.787408405976297,0,7,7,0.8521008403361344,1
272.94,3,0.0,30.0234,11.0,6,Central,Consumer,Furniture,Furnishings,Standard Class,July,Sunday,5.6129091043066754,0,7,7,0.8065522620904836,1
33.09,4,0.2,11.1672,33.747960108794196,5,West,Consumer,Office Supplies,Binders,Standard Class,March,Friday,3.5290040861498118,0,3,5,0.6011730205278593,1
80.98,1,0.0,3.2392,3.9999999999999996,5,West,Consumer,Office Supplies,Storage,Standard Class,March,Friday,4.406475315076191,0,3,5,0.7795698924731183,1
82.8,12,0.0,6.624,8.0,5,West,Consumer,Technology,Accessories,Standard Class,March,Friday,4.428433007488037,0,3,5,0.872,1
21.36,2,0.0,5.7672,27.0,5,West,Consumer,Office Supplies,Storage,Standard Class,March,Friday,3.1072736482868986,0,3,5,0.7795698924731183,1
62.05,2,0.2,20.1656,32.49895245769541,5,West,Consumer,Office Supplies,Binders,Standard Class,March,Friday,4.143928062410929,0,3,5,0.6011730205278593,1
29.61,9,0.0,13.3245,45.0,4,East,Consumer,Office Supplies,Fasteners,Second Class,July,Thursday,3.421326752957321,0,7,4,0.9019607843137255,1
863.93,9,0.2,86.3928,9.999976849976271,0,South,Consumer,Technology,Phones,Same Day,December,Thursday,6.762648578801795,0,12,4,0.8521008403361344,1
241.92,4,0.4,-56.448,-23.333333333333332,5,East,Corporate,Furniture,Tables,Standard Class,August,Monday,5.492732171029375,1,8,1,0.3627906976744186,0
163.88,4,0.5,-81.94,-50.0,5,East,Corporate,Furniture,Bookcases,Standard Class,August,Monday,5.1052179365822035,1,8,1,0.5263157894736842,0
3.49,2,0.7,-2.7888,-79.90830945558739,5,East,Corporate,Office Supplies,Binders,Standard Class,August,Monday,1.501852701754163,1,8,1,0.6011730205278593,0
10.58,7,0.2,-2.3814,-22.50850661625709,5,East,Corporate,Office Supplies,Fasteners,Standard Class,August,Monday,2.449279472144849,0,8,1,0.9019607843137255,0
440.91,9,0.0,123.4548,27.999999999999996,6,Central,Consumer,Technology,Phones,Standard Class,June,Friday,6.091106241434848,0,6,5,0.8521008403361344,1
51.97,2,0.2,10.3936,19.999230325187607,2,West,Consumer,Furniture,Furnishings,First Class,December,Saturday,3.9697257155564354,0,12,6,0.8065522620904836,1
71.98,3,0.2,21.5928,29.998332870241732,2,West,Consumer,Technology,Accessories,First Class,December,Saturday,4.290185431008302,0,12,6,0.872,1
242.35,3,0.2,-42.4116,-17.500144419228388,2,West,Consumer,Furniture,Chairs,First Class,December,Saturday,5.494500736279464,0,12,6,0.6042154566744731,0
221.92,5,0.2,77.672,35.0,2,West,Consumer,Office Supplies,Paper,First Class,December,Saturday,5.406812962701336,0,12,6,1.0,1
8.45,2,0.2,2.64,31.24260355029586,2,West,Consumer,Office Supplies,Paper,First Class,December,Saturday,2.2460147415056513,0,12,6,1.0,1
29.52,4,0.0,14.4648,49.0,0,Central,Consumer,Office Supplies,Binders,Same Day,December,Thursday,3.4183822064162563,0,12,4,0.6011730205278593,1
302.94,3,0.0,48.4704,16.0,0,Central,Consumer,Furniture,Chairs,Same Day,December,Thursday,5.716830313505459,0,12,4,0.6042154566744731,1
142.36,2,0.0,38.4372,26.999999999999996,0,Central,Consumer,Furniture,Chairs,Same Day,December,Thursday,4.96535894922662,0,12,4,0.6042154566744731,1
546.66,9,0.0,136.665,25.0,0,Central,Consumer,Furniture,Chairs,Same Day,December,Thursday,6.3056546564405345,0,12,4,0.6042154566744731,1
212.13,3,0.0,14.8491,7.000000000000001,0,Central,Consumer,Furniture,Furnishings,Same Day,December,Thursday,5.361902308173147,0,12,4,0.8065522620904836,1
8.71,2,0.8,-19.602,-225.05166475315724,4,Central,Corporate,Office Supplies,Appliances,Standard Class,June,Friday,2.2731562823032334,1,6,5,0.867109634551495,0
65.17,7,0.0,18.8993,28.999999999999996,1,East,Consumer,Office Supplies,Supplies,First Class,May,Tuesday,4.192227188023968,0,5,2,0.816793893129771,1
14.62,2,0.0,6.8714,47.0,1,East,Consumer,Office Supplies,Labels,First Class,May,Tuesday,2.7485521444115397,0,5,2,1.0,1
173.24,4,0.0,17.324,10.0,1,East,Consumer,Furniture,Furnishings,First Class,May,Tuesday,5.16043365918465,0,5,2,0.8065522620904836,1
0.85,1,0.7,-0.5964,-70.16470588235295,0,East,Consumer,Office Supplies,Binders,Same Day,March,Monday,0.6151856390902334,1,3,1,0.6011730205278593,0
36.29,7,0.2,12.7008,34.99807109396528,5,Central,Consumer,Office Supplies,Paper,Standard Class,December,Tuesday,3.6187251941907292,0,12,2,1.0,1
56.57,2,0.6,-74.9526,-132.4953155382712,5,Central,Consumer,Furniture,Furnishings,Standard Class,December,Tuesday,4.053001598687718,1,12,2,0.8065522620904836,0
201.58,2,0.2,20.1584,10.000198432384165,4,West,Consumer,Technology,Phones,Standard Class,May,Tuesday,5.311134870258651,0,5,2,0.8521008403361344,1
8.22,3,0.0,2.2194,26.999999999999996,5,East,Consumer,Office Supplies,Art,Standard Class,December,Saturday,2.2213750375685026,0,12,6,1.0,1
45.36,7,0.0,21.7728,48.0,1,West,Corporate,Office Supplies,Paper,First Class,October,Saturday,3.836437018471551,0,10,6,1.0,1
947.17,7,0.0,9.4717,1.0,2,West,Home Office,Office Supplies,Storage,Second Class,April,Saturday,6.854533811072749,0,4,6,0.7795698924731183,1
61.96,2,0.0,27.882,45.0,2,West,Home Office,Office Supplies,Paper,Second Class,April,Saturday,4.1424996041091475,0,4,6,1.0,1
268.94,3,0.5,-209.7693,-77.99854986242283,4,Central,Consumer,Furniture,Tables,Second Class,June,Saturday,5.5981997120811355,1,6,6,0.3627906976744186,0
14.73,3,0.0,7.2177,49.0,0,South,Consumer,Office Supplies,Labels,Same Day,May,Sunday,2.7555697170701863,0,5,7,1.0,1
9.89,2,0.7,-6.9216,-69.98584428715874,4,South,Home Office,Office Supplies,Binders,Standard Class,November,Friday,2.387844936944869,1,11,5,0.6011730205278593,0
671.54,3,0.2,50.3658,7.500044673437174,4,South,Home Office,Office Supplies,Appliances,Standard Class,November,Friday,6.511061589261059,0,11,5,0.867109634551495,1
1117.92,4,0.0,55.896,5.0,4,East,Home Office,Office Supplies,Storage,Second Class,November,Tuesday,7.02011921335229,0,11,2,0.7795698924731183,1
275.95,3,0.2,-37.9434,-13.750099655734735,4,East,Home Office,Furniture,Bookcases,Second Class,November,Tuesday,5.623836984479113,0,11,2,0.5263157894736842,0
123.14,7,0.2,46.179,37.50121812571057,5,West,Consumer,Office Supplies,Binders,Standard Class,November,Friday,4.821409960985506,0,11,5,0.6011730205278593,1
15.58,3,0.2,3.3099,21.244544287548138,5,Central,Consumer,Technology,Accessories,Second Class,July,Monday,2.8081971497071487,0,7,1,0.872,1
212.64,6,0.0,99.9408,47.0,2,West,Consumer,Office Supplies,Paper,Second Class,March,Sunday,5.364292355471569,0,3,7,1.0,1
9.87,3,0.0,4.5402,46.0,2,West,Consumer,Office Supplies,Paper,Second Class,March,Sunday,2.386006701133118,0,3,7,1.0,1
53.25,3,0.0,20.7675,38.99999999999999,2,West,Consumer,Technology,Accessories,Second Class,March,Sunday,3.993602992420569,0,3,7,0.872,1
19.92,3,0.0,9.5616,48.0,2,West,Consumer,Furniture,Furnishings,Second Class,March,Sunday,3.040705639196722,0,3,7,0.8065522620904836,1
658.75,3,0.1,146.388,22.222087286527515,5,East,Corporate,Furniture,Chairs,Standard Class,April,Thursday,6.4918609753834335,0,4,4,0.6042154566744731,1
8.26,2,0.0,3.8822,47.0,6,East,Home Office,Office Supplies,Binders,Standard Class,June,Saturday,2.225704048658088,0,6,6,0.6011730205278593,1
29.84,2,0.0,13.428,45.0,6,East,Home Office,Office Supplies,Binders,Standard Class,June,Saturday,3.4288125486951286,0,6,6,0.6011730205278593,1
67.98,2,0.0,14.9556,22.0,6,East,Home Office,Technology,Accessories,Standard Class,June,Saturday,4.233816607508695,0,6,6,0.872,1
61.06,2,0.0,28.0876,46.0,6,West,Consumer,Office Supplies,Labels,Standard Class,February,Wednesday,4.128101659020234,0,2,3,1.0,1
35.54,1,0.2,-0.8886,-2.5002813731007314,6,West,Consumer,Furniture,Tables,Standard Class,February,Wednesday,3.5984075509498608,0,2,3,0.3627906976744186,0
25.35,3,0.0,7.605,30.0,0,West,Corporate,Office Supplies,Supplies,Same Day,March,Thursday,3.2714682749873716,0,3,4,0.816793893129771,1
35.28,3,0.0,11.9952,34.0,0,West,Corporate,Furniture,Furnishings,Same Day,March,Thursday,3.591266625246936,0,3,4,0.8065522620904836,1
33.4,5,0.0,16.032,48.00000000000001,1,West,Corporate,Office Supplies,Paper,First Class,December,Saturday,3.5380565643793527,0,12,6,1.0,1
837.6,3,0.2,62.82,7.5,2,West,Corporate,Technology,Machines,First Class,October,Friday,6.731733834736662,0,10,5,0.5975609756097561,1
40.68,3,0.2,-9.153,-22.5,4,South,Consumer,Technology,Phones,Standard Class,December,Friday,3.7300213974451113,0,12,5,0.8521008403361344,0
22.37,4,0.2,6.4308,28.747429593205183,4,Central,Consumer,Technology,Accessories,Standard Class,December,Saturday,3.1514531485507664,0,12,6,0.872,1
783.96,4,0.0,219.5088,27.999999999999996,4,East,Consumer,Technology,Phones,Standard Class,November,Monday,6.665632761070125,0,11,1,0.8521008403361344,1
48.9,2,0.2,18.336,37.49693251533742,4,East,Consumer,Office Supplies,Binders,Standard Class,November,Monday,3.910021002757473,0,11,1,0.6011730205278593,1
7.86,2,0.2,2.8478,36.231552162849866,4,East,Consumer,Office Supplies,Binders,Standard Class,November,Monday,2.1815467646169897,0,11,1,0.6011730205278593,1
5.9,2,0.2,1.9926,33.7728813559322,5,East,Consumer,Office Supplies,Labels,Standard Class,December,Friday,1.9315214116032138,0,12,5,1.0,1
13.71,2,0.2,1.0284,7.5010940919037195,5,East,Consumer,Office Supplies,Supplies,Standard Class,December,Friday,2.688527534613346,0,12,5,0.816793893129771,1
182.94,3,0.0,85.9818,47.0,4,West,Consumer,Office Supplies,Envelopes,Standard Class,September,Wednesday,5.214609617474552,0,9,3,1.0,1
25.99,1,0.0,7.5371,28.999999999999996,4,East,Home Office,Office Supplies,Art,Standard Class,April,Friday,3.2954664270299134,0,4,5,1.0,1
113.52,5,0.2,29.799,26.25,3,Central,Corporate,Technology,Accessories,First Class,March,Monday,4.740749480229915,0,3,1,0.872,1
359.88,3,0.2,22.4925,6.25,3,Central,Corporate,Technology,Phones,First Class,March,Monday,5.888545493100141,0,3,1,0.8521008403361344,1
11.95,3,0.2,4.1832,35.005857740585775,5,West,Home Office,Office Supplies,Binders,Second Class,September,Monday,2.5610957881455465,0,9,1,0.6011730205278593,1
6.24,3,0.0,1.872,30.0,5,West,Home Office,Office Supplies,Supplies,Second Class,September,Monday,1.979621206397625,0,9,1,0.816793893129771,1
742.34,8,0.2,83.5128,11.249939380876686,3,West,Consumer,Technology,Phones,Second Class,October,Friday,6.611153544355703,0,10,5,0.8521008403361344,1
8.67,3,0.0,4.0749,47.0,4,East,Corporate,Office Supplies,Labels,Second Class,February,Friday,2.269028309465203,0,2,5,1.0,1
25.71,3,0.0,6.6846,25.999999999999996,4,East,Corporate,Office Supplies,Supplies,Second Class,February,Friday,3.2850380271218693,0,2,5,0.816793893129771,1
63.88,1,0.1,10.647,16.667188478396994,2,East,Consumer,Furniture,Chairs,First Class,July,Tuesday,4.1725394098071575,0,7,2,0.6042154566744731,1
683.14,4,0.3,0.0,0.0,5,Central,Consumer,Furniture,Chairs,Standard Class,November,Friday,6.528162575041366,1,11,5,0.6042154566744731,0
1.48,3,0.8,-2.214,-149.59459459459458,5,Central,Consumer,Office Supplies,Binders,Standard Class,November,Friday,0.9082585601768908,1,11,5,0.6011730205278593,0
40.71,7,0.2,3.5623,8.750429869810857,5,Central,Consumer,Office Supplies,Supplies,Standard Class,November,Friday,3.730740908208854,0,11,5,0.816793893129771,1
13.12,5,0.2,1.148,8.75,5,West,Consumer,Office Supplies,Art,Standard Class,December,Friday,2.647592232065096,0,12,5,1.0,1
69.58,4,0.7,-143.7904,-206.6547858580052,5,West,Consumer,Furniture,Bookcases,Standard Class,December,Friday,4.256746818247124,1,12,5,0.5263157894736842,0
4.22,3,0.2,0.4752,11.260663507109006,5,West,Consumer,Office Supplies,Art,Standard Class,December,Friday,1.6524974018945473,0,12,5,1.0,1
58.08,4,0.2,-6.534,-11.25,5,West,Consumer,Technology,Accessories,Standard Class,December,Friday,4.078892457663179,0,12,5,0.872,0
52.42,9,0.2,15.0696,28.747806180847,5,West,Consumer,Furniture,Furnishings,Standard Class,December,Friday,3.9781852076818147,0,12,5,0.8065522620904836,1
54.92,5,0.2,10.984,20.0,5,West,Consumer,Furniture,Furnishings,Standard Class,December,Friday,4.0239220979255546,0,12,5,0.8065522620904836,1
364.95,5,0.5,-248.166,-68.0,5,West,Consumer,Furniture,Tables,Standard Class,December,Friday,5.9024967120472365,1,12,5,0.3627906976744186,0
85.06,3,0.2,28.7064,33.74841288502233,5,West,Consumer,Office Supplies,Paper,Standard Class,December,Friday,4.455044727410454,0,12,5,1.0,1
27.7,3,0.2,9.6936,34.99494584837545,5,West,Consumer,Office Supplies,Paper,Standard Class,December,Friday,3.3568971227655755,0,12,5,1.0,1
24.96,4,0.0,11.232,44.99999999999999,5,East,Consumer,Office Supplies,Paper,Standard Class,June,Monday,3.2565568918358894,0,6,1,1.0,1
43.13,1,0.0,18.1146,42.0,7,West,Corporate,Furniture,Furnishings,Standard Class,March,Monday,3.7871398232814557,0,3,1,0.8065522620904836,1
5.64,3,0.0,2.7072,48.0,4,South,Consumer,Office Supplies,Binders,Standard Class,August,Thursday,1.8931119634883424,0,8,4,0.6011730205278593,1
57.58,3,0.7,-44.1462,-76.66932962834318,5,South,Corporate,Office Supplies,Binders,Standard Class,May,Saturday,4.070393341399587,1,5,6,0.6011730205278593,0
31.1,6,0.2,10.8864,35.004501607717046,5,South,Corporate,Office Supplies,Paper,Standard Class,May,Saturday,3.4688560301359703,0,5,6,1.0,1
30.19,3,0.2,8.3028,27.501821795296454,5,South,Corporate,Furniture,Furnishings,Standard Class,May,Saturday,3.440097530619712,0,5,6,0.8065522620904836,1
43.6,5,0.2,4.36,10.0,5,South,Corporate,Technology,Phones,Standard Class,May,Saturday,3.7977338590260183,0,5,6,0.8521008403361344,1
4.77,2,0.2,0.4172,8.746331236897277,5,South,Corporate,Office Supplies,Art,Standard Class,May,Saturday,1.7526720805200082,0,5,6,1.0,1
10.38,2,0.7,-7.612,-73.33333333333333,5,South,Corporate,Office Supplies,Binders,Standard Class,May,Saturday,2.431857428698185,1,5,6,0.6011730205278593,0
13.39,8,0.7,-9.8208,-73.34428678117997,5,South,Corporate,Office Supplies,Binders,Standard Class,May,Saturday,2.6665335208992764,1,5,6,0.6011730205278593,0
37.94,2,0.0,18.2112,48.00000000000001,3,West,Consumer,Office Supplies,Paper,Second Class,November,Sunday,3.6620219999440535,0,11,7,1.0,1
42.8,10,0.0,19.26,45.00000000000001,3,West,Consumer,Office Supplies,Paper,Second Class,November,Sunday,3.7796338173824005,0,11,7,1.0,1
33.63,3,0.0,10.089,30.0,3,West,Consumer,Office Supplies,Storage,Second Class,November,Sunday,3.5447203584143305,0,11,7,0.7795698924731183,1
62.81,3,0.2,21.1977,33.74892533036141,5,East,Corporate,Office Supplies,Envelopes,Standard Class,November,Sunday,4.155909917880256,0,11,7,1.0,1
195.64,4,0.0,91.9508,47.0,3,Central,Consumer,Office Supplies,Paper,First Class,December,Sunday,5.281374645817724,0,12,7,1.0,1
239.9,2,0.0,71.97,30.0,3,Central,Consumer,Technology,Phones,First Class,December,Sunday,5.484381909620826,0,12,7,0.8521008403361344,1
380.06,3,0.3,-21.7176,-5.714255643845709,5,East,Consumer,Furniture,Chairs,Second Class,November,Monday,5.942956843042938,1,11,1,0.6042154566744731,0
1199.98,4,0.4,179.9964,14.99994999916665,5,East,Consumer,Technology,Copiers,Second Class,November,Monday,7.0908931691519825,1,11,1,1.0,1
48.58,3,0.2,9.7152,19.998353231782627,5,East,Consumer,Furniture,Furnishings,Second Class,November,Monday,3.9035875266070446,0,11,1,0.8065522620904836,1
17.94,3,0.0,8.073,45.0,2,West,Consumer,Office Supplies,Paper,First Class,May,Sunday,2.9412760877579323,0,5,7,1.0,1
18.26,3,0.2,6.1641,33.75739320920044,5,East,Consumer,Office Supplies,Paper,Standard Class,December,Friday,2.9580304063699794,0,12,5,1.0,1
34.66,2,0.2,5.6316,16.248124639353723,5,East,Consumer,Office Supplies,Appliances,Standard Class,December,Friday,3.574029612434994,0,12,5,0.867109634551495,1
81.55,2,0.2,8.1552,10.000245248313918,5,East,Consumer,Office Supplies,Appliances,Standard Class,December,Friday,4.413404170366137,0,12,5,0.867109634551495,1
227.14,4,0.2,-42.588,-18.749669807167386,5,East,Consumer,Office Supplies,Storage,Standard Class,December,Friday,5.429959475599752,0,12,5,0.7795698924731183,0
463.25,8,0.8,-1181.2824,-254.9988990825688,4,Central,Consumer,Office Supplies,Appliances,Standard Class,April,Tuesday,6.140423200232815,1,4,2,0.867109634551495,0
383.95,6,0.2,47.994,12.500065112644876,4,Central,Consumer,Technology,Accessories,Standard Class,April,Tuesday,5.953113455724059,0,4,2,0.872,1
44.86,6,0.7,-35.8848,-79.99286669638876,1,West,Home Office,Office Supplies,Binders,Same Day,July,Sunday,3.8255932774297583,1,7,7,0.6011730205278593,0
30.35,7,0.7,-24.276,-79.98682042833607,5,East,Consumer,Technology,Machines,Standard Class,November,Monday,3.4452142670789296,1,11,1,0.5975609756097561,0
127.55,3,0.3,-9.111,-7.143081144649158,5,East,Consumer,Furniture,Chairs,Standard Class,November,Monday,4.856317933711899,1,11,1,0.6042154566744731,0
77.95,3,0.2,15.5904,20.00051314945478,5,East,Consumer,Furniture,Furnishings,Standard Class,November,Monday,4.3688147407016515,0,11,1,0.8065522620904836,1
69.52,2,0.0,19.4656,27.999999999999996,7,South,Corporate,Office Supplies,Storage,Standard Class,November,Saturday,4.25589635752967,0,11,6,0.7795698924731183,1
5.64,3,0.0,1.6356,28.999999999999996,7,South,Corporate,Office Supplies,Art,Standard Class,November,Saturday,1.8931119634883424,0,11,6,1.0,1
13.78,3,0.2,4.4772,32.49056603773585,6,East,Consumer,Office Supplies,Binders,Standard Class,May,Sunday,2.6932749155200555,0,5,7,0.6011730205278593,1
245.88,6,0.0,68.8464,28.000000000000004,5,Central,Consumer,Office Supplies,Appliances,Standard Class,November,Friday,5.5089023886148505,0,11,5,0.867109634551495,1
36.63,3,0.0,9.8901,27.0,5,Central,Consumer,Office Supplies,Storage,Standard Class,November,Friday,3.627801604605346,0,11,5,0.7795698924731183,1
22.58,2,0.0,5.8708,26.0,5,Central,Consumer,Office Supplies,Storage,Standard Class,November,Friday,3.160398895109225,0,11,5,0.7795698924731183,1
12.39,3,0.0,5.8233,47.0,5,Central,Consumer,Office Supplies,Binders,Standard Class,November,Friday,2.5945081597030812,0,11,5,0.6011730205278593,1
5.55,3,0.7,-4.0722,-73.37297297297297,5,East,Consumer,Office Supplies,Binders,Standard Class,December,Friday,1.8794650496471605,1,12,5,0.6011730205278593,0
14.96,4,0.0,0.2992,2.0,2,East,Consumer,Office Supplies,Fasteners,First Class,November,Monday,2.7700855920216627,0,11,1,0.9019607843137255,1
7.18,2,0.2,2.245,31.267409470752096,1,West,Corporate,Office Supplies,Binders,First Class,April,Friday,2.1016921506146558,0,4,5,0.6011730205278593,1
10.51,3,0.2,3.6792,35.00666032350143,3,East,Consumer,Office Supplies,Binders,Second Class,July,Thursday,2.4432162227337915,0,7,4,0.6011730205278593,1
263.96,5,0.2,19.797,7.500000000000001,2,West,Corporate,Technology,Phones,Second Class,June,Wednesday,5.579578871196895,0,6,3,0.8521008403361344,1
71.63,11,0.2,17.908,25.00069803155103,2,West,Corporate,Office Supplies,Art,Second Class,June,Wednesday,4.285378059618076,0,6,3,1.0,1
9.33,1,0.2,0.8162,8.7481243301179,2,West,Corporate,Office Supplies,Art,Second Class,June,Wednesday,2.3350522831315472,0,6,3,1.0,1
5.88,2,0.0,2.646,45.0,6,West,Consumer,Office Supplies,Art,Standard Class,September,Monday,1.9286186519452522,0,9,1,1.0,1
975.92,5,0.2,121.99,12.5,6,West,Consumer,Furniture,Chairs,Standard Class,September,Monday,6.884404765373887,0,9,1,0.6042154566744731,1
303.84,8,0.0,91.152,30.000000000000004,6,West,Consumer,Office Supplies,Art,Standard Class,September,Monday,5.719787048797917,0,9,1,1.0,1
485.88,6,0.0,19.4352,3.9999999999999996,6,West,Consumer,Office Supplies,Storage,Standard Class,September,Monday,6.188017686148661,0,9,1,0.7795698924731183,1
12.54,3,0.0,4.5144,36.00000000000001,3,West,Consumer,Furniture,Furnishings,Second Class,December,Friday,2.605648267484129,0,12,5,0.8065522620904836,1
8.94,3,0.0,0.6258,7.000000000000001,3,West,Consumer,Office Supplies,Storage,Second Class,December,Friday,2.2965670206684825,0,12,5,0.7795698924731183,1
9.24,3,0.0,4.4352,48.0,3,West,Consumer,Furniture,Furnishings,Second Class,December,Friday,2.3263016196113617,0,12,5,0.8065522620904836,1
70.01,3,0.2,24.5028,34.999000142836735,4,West,Consumer,Office Supplies,Binders,Standard Class,January,Tuesday,4.262820712194002,0,1,2,0.6011730205278593,1
77.6,4,0.0,38.024,49.00000000000001,4,West,Consumer,Furniture,Furnishings,Standard Class,January,Tuesday,4.364371699435161,0,1,2,0.8065522620904836,1
464.85,9,0.0,92.97,20.0,4,West,Consumer,Furniture,Furnishings,Standard Class,January,Tuesday,6.143863693896434,0,1,2,0.8065522620904836,1
1793.98,2,0.0,843.1706,47.0,6,East,Corporate,Office Supplies,Binders,Standard Class,December,Sunday,7.4927491587990245,0,12,7,0.6011730205278593,1
758.35,6,0.2,265.4232,35.000092305663614,5,Central,Home Office,Technology,Phones,Second Class,April,Friday,6.632462804176279,0,4,5,0.8521008403361344,1
20.37,1,0.2,7.3834,36.24644084437899,4,East,Corporate,Office Supplies,Binders,Standard Class,November,Thursday,3.0619880693310564,0,11,4,0.6011730205278593,1
49.85,3,0.2,16.8237,33.748645937813436,4,East,Corporate,Office Supplies,Binders,Standard Class,November,Thursday,3.928880122494569,0,11,4,0.6011730205278593,1
119.8,5,0.2,29.95,25.0,5,East,Corporate,Technology,Accessories,Standard Class,December,Tuesday,4.794136285500715,0,12,2,0.872,1
61.57,2,0.2,4.6176,7.499756374857886,6,South,Home Office,Office Supplies,Storage,Standard Class,October,Friday,4.136285930010272,0,10,5,0.7795698924731183,1
6.19,3,0.2,0.4644,7.502423263327948,6,South,Home Office,Office Supplies,Art,Standard Class,October,Friday,1.9726911717329554,0,10,5,1.0,1
2.21,3,0.7,-1.476,-66.78733031674207,2,South,Consumer,Office Supplies,Binders,First Class,July,Friday,1.1662709371419244,1,7,5,0.6011730205278593,0
114.2,5,0.0,52.532,46.0,4,Central,Corporate,Office Supplies,Paper,Standard Class,December,Tuesday,4.746669748261791,0,12,2,1.0,1
182.67,3,0.0,52.9743,29.000000000000004,3,South,Corporate,Furniture,Chairs,Second Class,November,Monday,5.213140669140444,0,11,1,0.6042154566744731,1
101.7,6,0.0,6.102,6.000000000000001,3,South,Corporate,Technology,Accessories,Second Class,November,Monday,4.631812116934513,0,11,1,0.872,1
1126.02,3,0.0,56.301,5.0,3,South,Corporate,Office Supplies,Storage,Second Class,November,Monday,7.0273322601112405,0,11,1,0.7795698924731183,1
1263.3,6,0.0,315.825,25.0,3,South,Corporate,Office Supplies,Storage,Second Class,November,Monday,7.142273888317852,0,11,1,0.7795698924731183,1
8.82,3,0.0,2.5578,28.999999999999996,7,West,Corporate,Office Supplies,Art,Standard Class,December,Friday,2.2844211223663744,0,12,5,1.0,1
37.94,2,0.0,18.2112,48.00000000000001,7,West,Corporate,Office Supplies,Paper,Standard Class,December,Friday,3.6620219999440535,0,12,5,1.0,1
4.2,2,0.0,1.176,27.999999999999996,7,West,Corporate,Office Supplies,Art,Standard Class,December,Friday,1.6486586255873816,0,12,5,1.0,1
227.28,2,0.0,2.2728,1.0,7,West,Corporate,Office Supplies,Storage,Standard Class,December,Friday,5.430572945668508,0,12,5,0.7795698924731183,1
47.9,1,0.0,22.992,48.00000000000001,7,West,Corporate,Office Supplies,Paper,Standard Class,December,Friday,3.8897773964808264,0,12,5,1.0,1
61.96,2,0.0,30.3604,49.0,7,West,Corporate,Office Supplies,Envelopes,Standard Class,December,Friday,4.1424996041091475,0,12,5,1.0,1
1117.92,4,0.0,55.896,5.0,7,West,Corporate,Office Supplies,Storage,Standard Class,December,Friday,7.02011921335229,0,12,5,0.7795698924731183,1
183.37,2,0.3,-7.8588,-4.285761029612259,2,East,Consumer,Furniture,Chairs,First Class,October,Wednesday,5.216944608082299,1,10,3,0.6042154566744731,0
7.97,2,0.2,2.8884,36.24090338770389,2,East,Consumer,Office Supplies,Paper,First Class,October,Wednesday,2.1938856760707046,0,10,3,1.0,1
26.35,8,0.7,-18.4464,-70.00531309297912,5,West,Consumer,Office Supplies,Binders,Standard Class,August,Monday,3.3087165288679903,1,8,1,0.6011730205278593,0
674.06,3,0.3,-19.2588,-2.857134379728808,2,Central,Corporate,Furniture,Chairs,Second Class,December,Monday,6.514801575811036,1,12,1,0.6042154566744731,0
22.92,4,0.0,11.0016,48.0,2,East,Corporate,Office Supplies,Binders,Second Class,October,Tuesday,3.1747149290824312,0,10,2,0.6011730205278593,1
269.9,5,0.0,16.194,6.000000000000001,2,East,Corporate,Office Supplies,Storage,Second Class,October,Tuesday,5.6017497490910495,0,10,2,0.7795698924731183,1
11.81,8,0.7,-8.6592,-73.32091447925487,5,East,Consumer,Office Supplies,Binders,Second Class,November,Tuesday,2.550226115908643,1,11,2,0.6011730205278593,0
9.59,2,0.4,-2.0774,-21.662148070907193,5,East,Consumer,Technology,Phones,Second Class,November,Tuesday,2.359910159613315,1,11,2,0.8521008403361344,0
35.96,2,0.0,10.4284,28.999999999999996,2,West,Consumer,Office Supplies,Art,Second Class,September,Thursday,3.6098362467734835,0,9,4,1.0,1
14.95,3,0.2,5.4201,36.25484949832776,2,West,Consumer,Office Supplies,Binders,Second Class,September,Thursday,2.7694588292308535,0,9,4,0.6011730205278593,1
173.94,3,0.0,38.2668,22.000000000000004,5,East,Corporate,Furniture,Bookcases,Standard Class,January,Saturday,5.164443057991709,0,1,6,0.5263157894736842,1
231.98,2,0.0,67.2742,28.999999999999996,5,East,Corporate,Technology,Phones,Standard Class,January,Saturday,5.450952612971631,0,1,6,0.8521008403361344,1
57.75,5,0.0,16.17,28.000000000000004,1,East,Consumer,Office Supplies,Art,First Class,September,Tuesday,4.073291153024268,0,9,2,1.0,1
14.94,3,0.0,7.0218,47.0,1,East,Consumer,Office Supplies,Paper,First Class,September,Tuesday,2.768831673362069,0,9,2,1.0,1
12.54,1,0.2,4.2309,33.73923444976077,6,West,Consumer,Office Supplies,Envelopes,Standard Class,September,Monday,2.605648267484129,0,9,1,1.0,1
1.08,2,0.7,-0.792,-73.33333333333333,6,West,Consumer,Office Supplies,Binders,Standard Class,September,Monday,0.7323678937132266,1,9,1,0.6011730205278593,0
4.51,3,0.2,0.846,18.75831485587583,6,West,Consumer,Office Supplies,Fasteners,Standard Class,September,Monday,1.706564623164823,0,9,1,0.9019607843137255,1
16.78,3,0.2,1.6776,9.99761620977354,6,West,Corporate,Technology,Phones,Standard Class,March,Sunday,2.8780742300857587,0,3,7,0.8521008403361344,1
1325.85,5,0.0,238.653,18.0,5,West,Consumer,Office Supplies,Storage,Standard Class,January,Monday,7.190562991017657,0,1,1,0.7795698924731183,1
334.0,3,0.15,3.9294,1.1764670658682634,5,West,Consumer,Furniture,Bookcases,Standard Class,January,Monday,5.814130531825066,0,1,1,0.5263157894736842,1
19.9,5,0.0,6.567,33.0,5,West,Consumer,Office Supplies,Art,Standard Class,January,Monday,3.039749158970765,0,1,1,1.0,1
1268.82,9,0.0,266.4522,21.000000000000004,7,East,Consumer,Furniture,Chairs,Standard Class,February,Friday,7.1466304371242035,0,2,5,0.6042154566744731,1
283.92,4,0.0,82.3368,28.999999999999996,7,East,Consumer,Furniture,Bookcases,Standard Class,February,Friday,5.6522084391101535,0,2,5,0.5263157894736842,1
5.68,2,0.0,1.7608,31.0,7,East,Consumer,Office Supplies,Art,Standard Class,February,Friday,1.8991179875485542,0,2,5,1.0,1
96.08,2,0.0,46.1184,48.00000000000001,1,West,Consumer,Office Supplies,Paper,First Class,September,Monday,4.5755353808584,0,9,1,1.0,1
11.68,2,0.2,3.942,33.75,1,West,Consumer,Office Supplies,Binders,First Class,September,Monday,2.5400259490090797,0,9,1,0.6011730205278593,1
4.36,2,0.0,1.7876,41.0,1,West,Consumer,Office Supplies,Fasteners,First Class,September,Monday,1.6789639750827108,0,9,1,0.9019607843137255,1
29.24,4,0.0,13.7428,47.0,5,West,Consumer,Office Supplies,Labels,Standard Class,October,Saturday,3.4091655513113324,0,10,6,1.0,1
12.42,3,0.0,5.2164,42.00000000000001,4,East,Consumer,Office Supplies,Art,Second Class,October,Friday,2.5967461315435356,0,10,5,1.0,1
12.96,2,0.0,6.2208,47.99999999999999,4,Central,Consumer,Office Supplies,Paper,Standard Class,June,Tuesday,2.6361960973342264,0,6,2,1.0,1
85.9,2,0.0,2.577,3.0,4,East,Corporate,Technology,Phones,Standard Class,March,Monday,4.464758032271346,0,3,1,0.8521008403361344,1
18.06,7,0.0,4.6956,26.0,4,West,Corporate,Office Supplies,Art,Second Class,June,Monday,2.947591898226056,0,6,1,1.0,1
79.14,3,0.0,36.4044,46.0,4,West,Corporate,Office Supplies,Paper,Second Class,June,Monday,4.383775105207999,0,6,1,1.0,1
37.4,2,0.0,14.212,38.0,4,West,Corporate,Furniture,Furnishings,Second Class,June,Monday,3.648057459593681,0,6,1,0.8065522620904836,1
2.51,2,0.8,-4.396,-175.13944223107572,6,Central,Consumer,Office Supplies,Binders,Standard Class,March,Friday,1.2556160374777743,1,3,5,0.6011730205278593,0
18.86,9,0.2,6.1308,32.5068928950159,6,Central,Consumer,Office Supplies,Fasteners,Standard Class,March,Friday,2.9887076586170265,0,3,5,0.9019607843137255,1
61.19,1,0.2,6.1192,10.000326850792614,4,West,Home Office,Technology,Phones,Standard Class,November,Friday,4.1301942151157975,0,11,5,0.8521008403361344,1
67.84,1,0.0,18.3168,27.0,4,West,Home Office,Office Supplies,Appliances,Standard Class,November,Friday,4.231784971343338,0,11,5,0.867109634551495,1
48.71,1,0.2,5.4801,11.250461917470746,1,West,Consumer,Furniture,Chairs,First Class,March,Friday,3.906206120106581,0,3,5,0.6042154566744731,1
17.94,3,0.0,4.6644,25.999999999999996,1,West,Consumer,Office Supplies,Art,First Class,March,Friday,2.9412760877579323,0,3,5,1.0,1
242.94,3,0.0,4.8588,1.9999999999999998,1,West,Consumer,Office Supplies,Storage,First Class,March,Friday,5.496922293415092,0,3,5,0.7795698924731183,1
7.76,4,0.7,-5.176,-66.70103092783506,4,South,Consumer,Office Supplies,Binders,Second Class,May,Sunday,2.1701959049483,1,5,7,0.6011730205278593,0
467.04,4,0.2,58.38,12.5,3,South,Corporate,Technology,Phones,Second Class,May,Monday,6.148553762350757,0,5,1,0.8521008403361344,1
128.85,3,0.0,3.8655,3.0000000000000004,3,East,Home Office,Technology,Phones,Second Class,August,Sunday,4.866379938108757,0,8,7,0.8521008403361344,1
8.4,2,0.0,4.116,48.99999999999999,3,East,Home Office,Office Supplies,Paper,Second Class,August,Sunday,2.2407096892759584,0,8,7,1.0,1
199.98,2,0.0,83.9916,42.00000000000001,3,East,Home Office,Technology,Accessories,Second Class,August,Sunday,5.303205400620812,0,8,7,0.872,1
110.98,1,0.0,15.5372,13.999999999999998,3,East,Home Office,Furniture,Chairs,Second Class,August,Sunday,4.718320283920748,0,8,7,0.6042154566744731,1
207.98,2,0.2,-28.5978,-13.750264448504664,3,South,Corporate,Furniture,Chairs,First Class,November,Sunday,5.342238553605965,0,11,7,0.6042154566744731,0
36.11,2,0.2,12.6392,35.001938521185274,3,South,Corporate,Office Supplies,Paper,First Class,November,Sunday,3.613886475072506,0,11,7,1.0,1
35.57,2,0.2,5.7798,16.249086308687094,3,South,Corporate,Furniture,Furnishings,First Class,November,Sunday,3.59922823216129,0,11,7,0.8065522620904836,1
88.77,2,0.2,31.0688,34.9992114453081,3,South,Corporate,Office Supplies,Paper,First Class,November,Sunday,4.497250843768597,0,11,7,1.0,1
12.9,2,0.0,6.321,49.0,5,West,Home Office,Office Supplies,Paper,Standard Class,November,Monday,2.631888840136646,0,11,1,1.0,1
717.12,9,0.2,152.388,21.25,5,South,Corporate,Technology,Accessories,Second Class,September,Friday,6.576636686002628,0,9,5,0.872,1
21.36,5,0.2,7.209,33.75,2,East,Consumer,Office Supplies,Binders,First Class,December,Monday,3.1072736482868986,0,12,1,0.6011730205278593,1
6.69,2,0.2,2.3408,34.98953662182362,2,East,Consumer,Office Supplies,Binders,First Class,December,Monday,2.0399207835175526,0,12,1,0.6011730205278593,1
773.94,6,0.0,224.4426,28.999999999999996,2,East,Consumer,Technology,Phones,First Class,December,Monday,6.6527856070014755,0,12,1,0.8521008403361344,1
20.57,3,0.2,1.5426,7.499270782693242,4,Central,Corporate,Office Supplies,Supplies,Second Class,December,Friday,3.071303460401065,0,12,5,0.816793893129771,1
4.36,2,0.8,-11.7612,-269.7522935779817,4,Central,Corporate,Office Supplies,Appliances,Second Class,December,Friday,1.6789639750827108,1,12,5,0.867109634551495,0
19.04,4,0.2,-1.428,-7.5,4,Central,Corporate,Technology,Accessories,Second Class,December,Friday,2.997730276216664,0,12,5,0.872,0
5.22,2,0.0,2.4012,46.0,6,West,Corporate,Office Supplies,Labels,Standard Class,November,Sunday,1.827769906751088,0,11,7,1.0,1
84.84,3,0.0,22.9068,27.0,4,West,Consumer,Office Supplies,Storage,Second Class,November,Sunday,4.452485098322443,0,11,7,0.7795698924731183,1
7.24,5,0.2,1.1765,16.25,4,South,Corporate,Office Supplies,Fasteners,Standard Class,September,Sunday,2.1090003439213802,0,9,7,0.9019607843137255,1
14.4,5,0.0,7.056,49.0,0,East,Consumer,Office Supplies,Labels,Same Day,September,Wednesday,2.7343675094195836,0,9,3,1.0,1
15.55,3,0.2,5.4432,35.004501607717046,4,West,Home Office,Office Supplies,Paper,Standard Class,April,Sunday,2.806386101823072,0,4,7,1.0,1
1325.76,6,0.2,149.148,11.25,4,West,Home Office,Furniture,Chairs,Standard Class,April,Sunday,7.190495158894599,0,4,7,0.6042154566744731,1
3.11,2,0.7,-2.1756,-69.9549839228296,4,West,Home Office,Office Supplies,Binders,Standard Class,April,Sunday,1.413423028508143,1,4,7,0.6011730205278593,0
55.94,8,0.2,18.8784,33.747586700035754,7,South,Corporate,Office Supplies,Envelopes,Standard Class,December,Friday,4.041998081849892,0,12,5,1.0,1
18.43,8,0.2,5.9904,32.503526858383076,7,South,Corporate,Office Supplies,Labels,Standard Class,December,Friday,2.9668182633893485,0,12,5,1.0,1
20.32,5,0.2,3.556,17.5,7,South,Corporate,Furniture,Furnishings,Standard Class,December,Friday,3.0596455992976437,0,12,5,0.8065522620904836,1
52.06,4,0.2,18.8732,36.25278524779101,6,East,Home Office,Office Supplies,Binders,Standard Class,November,Tuesday,3.971423348709594,0,11,2,0.6011730205278593,1
109.59,1,0.2,8.2194,7.500136873802354,4,West,Home Office,Technology,Phones,Standard Class,January,Sunday,4.705829669087269,0,1,7,0.8521008403361344,1
56.7,5,0.0,27.783,49.0,4,West,Home Office,Office Supplies,Paper,Standard Class,January,Sunday,4.055257173514054,0,1,7,1.0,1
69.5,5,0.0,20.155,29.000000000000004,0,South,Home Office,Office Supplies,Supplies,Same Day,May,Tuesday,4.255612709818223,0,5,2,0.816793893129771,1
191.6,4,0.0,91.968,48.00000000000001,0,South,Home Office,Office Supplies,Paper,Same Day,May,Tuesday,5.260615499364025,0,5,2,1.0,1
10.56,2,0.0,5.0688,48.00000000000001,5,West,Consumer,Office Supplies,Paper,Standard Class,October,Friday,2.4475508632442313,0,10,5,1.0,1
47.79,3,0.0,16.2486,34.0,2,South,Consumer,Technology,Accessories,Second Class,April,Wednesday,3.8875253738277458,0,4,3,0.872,1
714.3,5,0.0,207.147,28.999999999999996,4,Central,Corporate,Office Supplies,Storage,Second Class,November,Tuesday,6.572702035114338,0,11,2,0.7795698924731183,1
2321.9,2,0.0,1114.512,48.0,5,East,Home Office,Technology,Machines,Standard Class,November,Monday,7.7505716840607874,0,11,1,0.5975609756097561,1
17.94,3,0.0,3.0498,17.0,5,East,Home Office,Office Supplies,Storage,Standard Class,November,Monday,2.9412760877579323,0,11,1,0.7795698924731183,1
9.52,1,0.7,-6.9828,-73.34873949579833,7,East,Corporate,Office Supplies,Binders,Standard Class,September,Monday,2.3532782073095637,1,9,1,0.6011730205278593,0
791.96,6,0.4,-131.994,-16.666750846002323,7,East,Corporate,Technology,Phones,Standard Class,September,Monday,6.675772779000723,1,9,1,0.8521008403361344,0
4.92,3,0.7,-3.9384,-80.04878048780488,7,East,Corporate,Office Supplies,Binders,Standard Class,September,Monday,1.7783364488959144,1,9,1,0.6011730205278593,0
35.17,7,0.2,9.6712,27.498436167187947,5,East,Consumer,Furniture,Furnishings,Standard Class,November,Monday,3.5882300459640066,0,11,1,0.8065522620904836,1
1502.38,4,0.4,-250.396,-16.666622292629025,5,East,Consumer,Technology,Phones,Standard Class,November,Monday,7.31547118547542,1,11,1,0.8521008403361344,0
10.11,3,0.0,3.2352,32.0,3,West,Consumer,Furniture,Furnishings,First Class,November,Saturday,2.4078456036515385,0,11,6,0.8065522620904836,1
772.47,3,0.0,146.7693,18.999999999999996,3,West,Consumer,Technology,Accessories,First Class,November,Saturday,6.650886884516306,0,11,6,0.872,1
20.46,2,0.0,5.3196,26.0,3,West,Consumer,Office Supplies,Supplies,First Class,November,Saturday,3.0661907372025525,0,11,6,0.816793893129771,1
72.64,2,0.0,21.792,30.000000000000004,6,West,Consumer,Technology,Accessories,Standard Class,December,Sunday,4.299188356364877,0,12,7,0.872,1
772.47,3,0.0,146.7693,18.999999999999996,6,West,Consumer,Technology,Accessories,Standard Class,December,Sunday,6.650886884516306,0,12,7,0.872,1
39.92,4,0.0,11.1776,27.999999999999996,6,West,Consumer,Furniture,Furnishings,Standard Class,December,Sunday,3.711618941083426,0,12,7,0.8065522620904836,1
239.98,3,0.2,53.9946,22.499624968747394,5,Central,Consumer,Technology,Accessories,Second Class,September,Tuesday,5.48471394249513,0,9,2,0.872,1
212.94,3,0.0,25.5528,12.000000000000002,7,East,Corporate,Furniture,Chairs,Standard Class,December,Monday,5.3656956018779844,0,12,1,0.6042154566744731,1
26.49,1,0.0,7.4172,28.000000000000004,7,East,Corporate,Office Supplies,Appliances,Standard Class,December,Monday,3.3138223021771545,0,12,1,0.867109634551495,1
687.4,5,0.0,48.118,7.000000000000001,4,Central,Home Office,Furniture,Bookcases,Second Class,August,Sunday,6.534370064337384,0,8,7,0.5263157894736842,1
653.55,3,0.0,111.1035,17.0,6,West,Corporate,Furniture,Tables,Standard Class,April,Sunday,6.483947976626108,0,4,7,0.3627906976744186,1
33.9,2,0.0,2.034,6.0,6,West,Corporate,Technology,Accessories,Standard Class,April,Sunday,3.5524868292083815,0,4,7,0.872,1
199.84,4,0.3,-37.1124,-18.57105684547638,1,East,Corporate,Furniture,Tables,First Class,July,Saturday,5.302508571166505,1,7,6,0.3627906976744186,0
716.0,2,0.0,193.32,27.0,1,East,Corporate,Technology,Phones,First Class,July,Saturday,6.57507584059962,0,7,6,0.8521008403361344,1
221.06,7,0.0,103.8982,47.0,1,East,Corporate,Office Supplies,Binders,First Class,July,Saturday,5.40294761562612,0,7,6,0.6011730205278593,1
67.71,3,0.0,32.5008,48.00000000000001,3,West,Consumer,Office Supplies,Paper,Second Class,November,Thursday,4.229894749042985,0,11,4,1.0,1
129.92,4,0.0,38.976,30.000000000000004,3,West,Consumer,Office Supplies,Appliances,Second Class,November,Thursday,4.87458644963298,0,11,4,0.867109634551495,1
467.46,9,0.0,191.6586,41.0,3,West,Consumer,Furniture,Furnishings,Second Class,November,Thursday,6.149450719164764,0,11,4,0.8065522620904836,1
61.4,5,0.0,28.858,47.0,3,West,Consumer,Office Supplies,Paper,Second Class,November,Thursday,4.133565275375382,0,11,4,1.0,1
720.76,4,0.0,187.3976,26.0,3,West,Consumer,Office Supplies,Storage,Second Class,November,Thursday,6.581692673660085,0,11,4,0.7795698924731183,1
5.18,3,0.2,1.8144,35.02702702702703,3,West,Consumer,Office Supplies,Binders,Second Class,November,Thursday,1.8213182714695995,0,11,4,0.6011730205278593,1
14.7,5,0.0,3.969,27.0,3,West,Consumer,Office Supplies,Art,Second Class,November,Thursday,2.7536607123542622,0,11,4,1.0,1
8.13,7,0.8,-13.8278,-170.08364083640834,4,Central,Consumer,Office Supplies,Binders,Standard Class,March,Monday,2.211565694606877,1,3,1,0.6011730205278593,0
79.98,2,0.2,13.9972,17.500875218804698,4,Central,Consumer,Technology,Accessories,Standard Class,March,Monday,4.394202210604015,0,3,1,0.872,1
18.54,2,0.0,8.7138,47.00000000000001,6,West,Home Office,Office Supplies,Paper,Standard Class,September,Friday,2.972463646614637,0,9,5,1.0,1
24.4,2,0.2,7.93,32.5,4,East,Corporate,Office Supplies,Envelopes,Standard Class,November,Saturday,3.2347491740244907,0,11,6,1.0,1
398.4,5,0.2,84.66,21.25,5,Central,Consumer,Technology,Accessories,Second Class,January,Saturday,5.989963420981715,0,1,6,0.872,1
7.06,3,0.2,0.7938,11.243626062322946,5,Central,Consumer,Office Supplies,Art,Second Class,January,Saturday,2.0869135565185366,0,1,6,1.0,1
1352.4,9,0.32,-437.5404,-32.35288376220053,5,Central,Consumer,Furniture,Bookcases,Second Class,January,Saturday,7.210375223798125,1,1,6,0.5263157894736842,0
26.4,5,0.0,11.88,45.00000000000001,3,West,Consumer,Office Supplies,Paper,First Class,September,Tuesday,3.3105430133940246,0,9,2,1.0,1
41.88,6,0.0,0.8376,2.0,3,West,Consumer,Office Supplies,Storage,First Class,September,Tuesday,3.7584055167625467,0,9,2,0.7795698924731183,1
99.85,9,0.7,-83.205,-83.32999499248874,4,East,Consumer,Office Supplies,Binders,Standard Class,April,Sunday,4.613634264400221,1,4,7,0.6011730205278593,0
699.98,2,0.0,195.9944,28.000000000000004,2,South,Consumer,Technology,Phones,Second Class,December,Monday,6.552479355957112,0,12,1,0.8521008403361344,1
584.82,9,0.0,70.1784,11.999999999999998,2,South,Consumer,Office Supplies,Storage,Second Class,December,Monday,6.373012575155999,0,12,1,0.7795698924731183,1
43.98,2,0.0,21.99,50.0,4,Central,Consumer,Office Supplies,Binders,Standard Class,May,Friday,3.8062179465311696,0,5,5,0.6011730205278593,1
377.97,3,0.0,105.8316,27.999999999999996,4,Central,Consumer,Technology,Phones,Standard Class,May,Friday,5.937457046276627,0,5,5,0.8521008403361344,1
123.96,3,0.0,11.1564,9.0,4,Central,Consumer,Furniture,Furnishings,Standard Class,May,Friday,4.827993686091376,0,5,5,0.8065522620904836,1
549.99,1,0.0,274.995,50.0,4,Central,Home Office,Technology,Copiers,Standard Class,August,Friday,6.311716660167896,0,8,5,1.0,1
167.54,3,0.1,37.23,22.221559030679238,4,Central,Home Office,Office Supplies,Appliances,Standard Class,August,Friday,5.1271731103442075,0,8,5,0.867109634551495,1
38.34,3,0.0,17.253,44.99999999999999,4,Central,Home Office,Office Supplies,Envelopes,Standard Class,August,Friday,3.672241812960913,0,8,5,1.0,1
53.88,6,0.0,22.6296,42.0,4,Central,Home Office,Furniture,Furnishings,Standard Class,August,Friday,4.00514898341763,0,8,5,0.8065522620904836,1
299.98,2,0.0,83.9944,27.999999999999996,4,Central,Home Office,Technology,Phones,Standard Class,August,Friday,5.7070438173585725,0,8,5,0.8521008403361344,1
62.8,4,0.0,15.7,25.0,0,West,Consumer,Office Supplies,Storage,Same Day,November,Thursday,4.155753190350744,0,11,4,0.7795698924731183,1
744.1,5,0.3,-95.67,-12.857142857142856,2,Central,Consumer,Furniture,Tables,Second Class,April,Sunday,6.613518437559682,1,4,7,0.3627906976744186,0
44.84,5,0.2,5.605,12.5,2,Central,Consumer,Office Supplies,Storage,Second Class,April,Sunday,3.8251570724064843,0,4,7,0.7795698924731183,1
401.59,2,0.3,-131.951,-32.857142857142854,2,Central,Consumer,Furniture,Tables,Second Class,April,Sunday,5.997918674347781,1,4,7,0.3627906976744186,0
20.74,4,0.2,7.2576,34.993249758919966,0,East,Home Office,Office Supplies,Paper,Same Day,December,Friday,3.0791538816930633,0,12,5,1.0,1
35.17,4,0.2,8.3524,23.74864941711686,4,South,Consumer,Technology,Accessories,Standard Class,September,Thursday,3.5882300459640066,0,9,4,0.872,1
64.7,3,0.2,23.4552,36.252241112828436,4,South,Consumer,Office Supplies,Paper,Standard Class,September,Thursday,4.185098925490565,0,9,4,1.0,1
105.52,4,0.0,48.5392,46.0,3,East,Corporate,Office Supplies,Paper,Second Class,June,Monday,4.668332760945732,0,6,1,1.0,1
5.79,2,0.8,-9.5568,-165.05699481865287,4,Central,Home Office,Office Supplies,Binders,Standard Class,June,Friday,1.9154509415706047,1,6,5,0.6011730205278593,0
466.16,7,0.4,-93.2316,-19.999914192551913,4,East,Corporate,Technology,Phones,Standard Class,March,Thursday,6.146671811410365,1,3,4,0.8521008403361344,0
10.31,1,0.2,-1.289,-12.50242483026188,4,East,Corporate,Technology,Accessories,Standard Class,March,Thursday,2.425687290128029,0,3,4,0.872,0
2.56,3,0.7,-1.7892,-69.890625,4,East,Corporate,Office Supplies,Binders,Standard Class,March,Thursday,1.269760544863939,1,3,4,0.6011730205278593,0
51.45,3,0.0,13.8915,27.0,4,East,Corporate,Office Supplies,Storage,Standard Class,May,Saturday,3.9598603348423063,0,5,6,0.7795698924731183,1
14.02,4,0.8,-31.536,-224.93580599144082,4,Central,Consumer,Office Supplies,Appliances,Standard Class,December,Saturday,2.7093826463359885,1,12,6,0.867109634551495,0
214.95,5,0.5,-120.372,-56.00000000000001,4,Central,Consumer,Furniture,Tables,Standard Class,December,Saturday,5.37504689940671,1,12,6,0.3627906976744186,0
35.04,4,0.2,-7.008,-20.0,4,Central,Consumer,Technology,Phones,Standard Class,December,Saturday,3.584629432740137,0,12,6,0.8521008403361344,0
10.78,3,0.6,-4.8492,-44.983302411873844,4,Central,Consumer,Furniture,Furnishings,Standard Class,December,Saturday,2.4664031782234406,1,12,6,0.8065522620904836,0
4.6,2,0.8,-8.05,-175.00000000000003,4,Central,Consumer,Office Supplies,Binders,Standard Class,December,Saturday,1.7227665977411035,1,12,6,0.6011730205278593,0
35.17,2,0.2,-8.3524,-23.74864941711686,4,Central,Consumer,Office Supplies,Storage,Standard Class,December,Saturday,3.5882300459640066,0,12,6,0.7795698924731183,0
19.15,3,0.2,6.4638,33.753524804177545,5,West,Home Office,Office Supplies,Binders,Standard Class,August,Friday,3.0032042883926917,0,8,5,0.6011730205278593,1
4.45,2,0.2,0.3336,7.496629213483145,0,Central,Consumer,Office Supplies,Art,Same Day,March,Monday,1.6956156086751528,0,3,1,1.0,1
5.18,1,0.2,1.8792,36.277992277992276,0,Central,Consumer,Office Supplies,Paper,Same Day,March,Monday,1.8213182714695995,0,3,1,1.0,1
15.55,3,0.2,5.4432,35.004501607717046,0,Central,Consumer,Office Supplies,Paper,Same Day,March,Monday,2.806386101823072,0,3,1,1.0,1
40.03,6,0.2,12.51,31.25156132900325,4,East,Consumer,Office Supplies,Paper,Second Class,March,Thursday,3.714303506454095,0,3,4,1.0,1
16.78,3,0.2,5.0328,29.99284862932062,4,East,Consumer,Technology,Accessories,Second Class,March,Thursday,2.8780742300857587,0,3,4,0.872,1
186.3,4,0.2,13.9728,7.500161030595813,6,South,Consumer,Furniture,Chairs,Standard Class,December,Sunday,5.2327116094500425,0,12,7,0.6042154566744731,1
66.36,4,0.0,23.226,35.0,7,South,Corporate,Technology,Accessories,Standard Class,September,Saturday,4.210051369934071,0,9,6,0.872,1
52.51,6,0.2,19.692,37.50142829937155,4,East,Corporate,Office Supplies,Envelopes,Standard Class,October,Saturday,3.979868552323213,0,10,6,1.0,1
186.91,6,0.2,-35.046,-18.750200631319885,4,East,Corporate,Office Supplies,Storage,Standard Class,October,Saturday,5.235963124801061,0,10,6,0.7795698924731183,0
10.05,4,0.2,3.14,31.24378109452736,4,East,Corporate,Office Supplies,Paper,Standard Class,October,Saturday,2.402430427963762,0,10,6,1.0,1
17.5,9,0.6,-7.4358,-42.49028571428572,0,Central,Consumer,Furniture,Furnishings,Same Day,November,Friday,2.917770732084279,1,11,5,0.8065522620904836,0
15.55,3,0.2,5.4432,35.004501607717046,2,Central,Consumer,Office Supplies,Paper,Second Class,January,Sunday,2.806386101823072,0,1,7,1.0,1
10.78,3,0.2,3.3675,31.238404452690173,5,West,Consumer,Office Supplies,Binders,Standard Class,November,Thursday,2.4664031782234406,0,11,4,0.6011730205278593,1
34.44,3,0.0,16.1868,47.00000000000001,7,East,Consumer,Office Supplies,Fasteners,Standard Class,September,Saturday,3.56784112573688,0,9,6,0.9019607843137255,1
629.93,7,0.0,296.0671,47.0,7,East,Consumer,Technology,Machines,Standard Class,September,Saturday,6.447194921363696,0,9,6,0.5975609756097561,1
79.06,9,0.2,28.6578,36.24816594991146,7,East,Consumer,Office Supplies,Binders,Standard Class,September,Saturday,4.382776353564427,0,9,6,0.6011730205278593,1
232.55,5,0.0,9.302,3.9999999999999996,4,South,Corporate,Office Supplies,Storage,Standard Class,April,Friday,5.453396186948117,0,4,5,0.7795698924731183,1
99.98,2,0.0,42.9914,43.0,4,South,Corporate,Technology,Accessories,Standard Class,April,Friday,4.6149224774307696,0,4,5,0.872,1
19.44,3,0.0,9.3312,48.00000000000001,4,South,Corporate,Office Supplies,Paper,Standard Class,April,Friday,3.017493765335504,0,4,5,1.0,1
12.96,2,0.0,6.3504,48.99999999999999,4,South,Corporate,Office Supplies,Paper,Standard Class,April,Friday,2.6361960973342264,0,4,5,1.0,1
464.29,9,0.4,-108.3348,-23.333433845226043,0,East,Consumer,Furniture,Tables,Same Day,September,Sunday,6.142660867108804,1,9,7,0.3627906976744186,0
68.46,7,0.0,31.4916,46.0,0,East,Consumer,Office Supplies,Envelopes,Same Day,September,Sunday,4.240751047315928,0,9,7,1.0,1
2799.96,4,0.0,1371.9804,49.0,0,East,Consumer,Technology,Machines,Same Day,September,Sunday,7.937717494544073,0,9,7,0.5975609756097561,1
601.3,2,0.0,198.429,33.0,0,East,Consumer,Office Supplies,Appliances,Same Day,September,Sunday,6.4007556600496756,0,9,7,0.867109634551495,1
16.99,1,0.0,4.4174,26.0,0,East,Consumer,Technology,Phones,Same Day,September,Sunday,2.8898160479624417,0,9,7,0.8521008403361344,1
287.97,3,0.0,80.6316,27.999999999999996,0,East,Consumer,Technology,Phones,Same Day,September,Sunday,5.666322876495819,0,9,7,0.8521008403361344,1
44.82,9,0.0,21.0654,47.0,0,East,Consumer,Office Supplies,Paper,Same Day,September,Sunday,3.8247206770253497,0,9,7,1.0,1
107.98,3,0.2,37.7916,34.99870346360437,6,South,Consumer,Technology,Phones,Standard Class,June,Sunday,4.691164379154952,0,6,7,0.8521008403361344,1
17.05,5,0.0,8.184,47.99999999999999,5,West,Home Office,Office Supplies,Fasteners,Standard Class,October,Sunday,2.89314568477889,0,10,7,0.9019607843137255,1
8.1,2,0.2,2.7324,33.733333333333334,5,West,Consumer,Office Supplies,Binders,Standard Class,December,Monday,2.2082744135228043,0,12,1,0.6011730205278593,1
30.36,4,0.0,13.0548,43.0,4,Central,Corporate,Furniture,Furnishings,Standard Class,November,Sunday,3.445533195482207,0,11,7,0.8065522620904836,1
119.9,2,0.0,43.164,36.0,4,West,Consumer,Technology,Accessories,Standard Class,November,Sunday,4.794963757620747,0,11,7,0.872,1
1317.49,6,0.1,292.776,22.222255956401945,4,East,Consumer,Furniture,Chairs,Standard Class,April,Friday,7.184242421388395,0,4,5,0.6042154566744731,1
63.84,8,0.0,18.5136,28.999999999999996,4,East,Consumer,Office Supplies,Supplies,Standard Class,April,Friday,4.171922696867475,0,4,5,0.816793893129771,1
3.59,1,0.2,1.1225,31.267409470752096,4,East,Consumer,Office Supplies,Binders,Standard Class,April,Friday,1.5238800240724537,0,4,5,0.6011730205278593,1
1214.85,3,0.0,352.3065,29.000000000000004,0,East,Consumer,Technology,Phones,Same Day,June,Saturday,7.103198699654068,0,6,6,0.8521008403361344,1
2.69,1,0.2,0.84,31.226765799256505,6,East,Consumer,Office Supplies,Binders,Standard Class,June,Monday,1.3056264580524357,0,6,1,0.6011730205278593,1
6.6,3,0.0,2.904,44.0,6,East,Consumer,Office Supplies,Art,Standard Class,June,Monday,2.028148247292285,0,6,1,1.0,1
28.4,4,0.0,13.064,46.0,1,Central,Consumer,Office Supplies,Binders,First Class,August,Friday,3.380994674344636,0,8,5,0.6011730205278593,1
212.94,3,0.0,34.0704,16.0,1,Central,Consumer,Furniture,Furnishings,First Class,August,Friday,5.3656956018779844,0,8,5,0.8065522620904836,1
105.58,2,0.2,9.2386,8.750331502178444,4,West,Corporate,Technology,Phones,Second Class,October,Monday,4.668895876868636,0,10,1,0.8521008403361344,1
68.72,2,0.2,-14.603,-21.25,4,West,Corporate,Technology,Phones,Second Class,October,Monday,4.24448722065182,0,10,1,0.8521008403361344,0
1367.84,8,0.0,259.8896,19.0,6,West,Corporate,Furniture,Bookcases,Standard Class,July,Wednesday,7.221718944827807,0,7,3,0.5263157894736842,1
301.96,2,0.0,33.2156,11.000000000000002,5,Central,Consumer,Furniture,Chairs,Second Class,November,Friday,5.713600783593539,0,11,5,0.6042154566744731,1
170.35,3,0.2,-17.0352,-10.000117405341943,5,West,Consumer,Furniture,Chairs,Standard Class,July,Monday,5.143708248320618,0,7,1,0.6042154566744731,0
3.9,2,0.0,1.521,38.99999999999999,6,Central,Consumer,Office Supplies,Art,Standard Class,November,Monday,1.589235205116581,0,11,1,1.0,1
12.84,3,0.0,5.778,44.99999999999999,6,Central,Consumer,Office Supplies,Paper,Standard Class,November,Monday,2.6275629501895237,0,11,1,1.0,1
15.84,3,0.0,7.128,45.0,6,Central,Consumer,Office Supplies,Paper,Standard Class,November,Monday,2.8237570088141806,0,11,1,1.0,1
563.94,3,0.0,112.788,20.0,6,Central,Consumer,Furniture,Chairs,Standard Class,November,Monday,6.3367195308171205,0,11,1,0.6042154566744731,1
62.94,3,0.0,11.9586,19.0,6,Central,Consumer,Office Supplies,Storage,Standard Class,November,Monday,4.157945143631696,0,11,1,0.7795698924731183,1
535.41,3,0.0,160.623,30.0,6,Central,Consumer,Office Supplies,Storage,Standard Class,November,Monday,6.284898794037626,0,11,1,0.7795698924731183,1
3504.9,5,0.0,700.98,20.0,2,Central,Corporate,Furniture,Chairs,Second Class,May,Friday,8.162202542541603,0,5,5,0.6042154566744731,1
144.12,3,0.0,69.1776,48.0,2,Central,Corporate,Office Supplies,Paper,Second Class,May,Friday,4.977560986366827,0,5,5,1.0,1
314.55,3,0.0,150.984,48.00000000000001,2,Central,Corporate,Office Supplies,Paper,Second Class,May,Friday,5.754317148030249,0,5,5,1.0,1
3.41,1,0.2,0.8946,26.234604105571847,2,West,Corporate,Office Supplies,Art,First Class,March,Sunday,1.4838746894587547,0,3,7,1.0,1
53.25,2,0.2,19.968,37.498591549295774,3,West,Consumer,Office Supplies,Binders,First Class,November,Saturday,3.993602992420569,0,11,6,0.6011730205278593,1
4.99,3,0.2,1.6848,33.763527054108216,4,East,Corporate,Office Supplies,Binders,Standard Class,December,Monday,1.7900914121273581,0,12,1,0.6011730205278593,1
37.68,2,0.0,15.8256,42.0,6,West,Corporate,Furniture,Furnishings,Standard Class,April,Monday,3.6553226705850936,0,4,1,0.8065522620904836,1
258.58,2,0.2,19.3932,7.499883981746462,6,West,Corporate,Technology,Phones,Standard Class,April,Monday,5.559064940259613,0,4,1,0.8521008403361344,1
75.84,2,0.0,29.5776,39.0,6,West,Corporate,Office Supplies,Appliances,Standard Class,April,Monday,4.341725337900356,0,4,1,0.867109634551495,1
1801.63,6,0.2,-337.806,-18.750020814484657,5,South,Consumer,Office Supplies,Storage,Standard Class,October,Saturday,7.497001988611139,0,10,6,0.7795698924731183,0
748.75,8,0.4,-162.2296,-21.6667245409015,6,East,Home Office,Technology,Phones,Standard Class,November,Friday,6.619739817629118,1,11,5,0.8521008403361344,0
199.96,4,0.0,15.9968,8.0,5,Central,Consumer,Technology,Accessories,Standard Class,September,Sunday,5.303105883279834,0,9,7,0.872,1
1516.2,7,0.0,394.212,26.0,5,Central,Consumer,Furniture,Chairs,Standard Class,September,Sunday,7.324621809814744,0,9,7,0.6042154566744731,1
397.6,5,0.0,43.736,10.999999999999998,3,South,Corporate,Furniture,Furnishings,Second Class,November,Friday,5.987958407778694,0,11,5,0.8065522620904836,1
85.96,7,0.0,40.4012,47.00000000000001,3,South,Corporate,Office Supplies,Paper,Second Class,November,Friday,4.465448242812954,0,11,5,1.0,1
13.12,4,0.0,4.3296,33.0,3,South,Corporate,Office Supplies,Art,Second Class,November,Friday,2.647592232065096,0,11,5,1.0,1
45.66,3,0.0,22.3734,49.00000000000001,3,South,Corporate,Office Supplies,Binders,Second Class,November,Friday,3.842887266593284,0,11,5,0.6011730205278593,1
158.13,3,0.0,77.4837,49.0,5,West,Consumer,Office Supplies,Envelopes,Standard Class,May,Saturday,5.0697214782220925,0,5,6,1.0,1
43.6,5,0.2,4.36,10.0,5,West,Consumer,Technology,Phones,Standard Class,May,Saturday,3.7977338590260183,0,5,6,0.8521008403361344,1
3930.07,3,0.2,-786.0144,-20.000010177935764,5,Central,Consumer,Office Supplies,Supplies,Standard Class,March,Thursday,8.276666932437061,0,3,4,0.816793893129771,0
2.3,1,0.2,0.7776,33.80869565217392,5,Central,Consumer,Office Supplies,Fasteners,Standard Class,March,Thursday,1.1939224684724346,0,3,4,0.9019607843137255,1
431.98,3,0.2,32.3982,7.499930552340387,5,Central,Consumer,Technology,Phones,Standard Class,March,Thursday,6.070691537559284,0,3,4,0.8521008403361344,1
41.72,7,0.2,5.7365,13.750000000000002,5,Central,Consumer,Technology,Accessories,Standard Class,March,Thursday,3.7546671946519394,0,3,4,0.872,1
104.23,7,0.0,28.1421,26.999999999999996,4,West,Consumer,Furniture,Furnishings,Standard Class,August,Saturday,4.656148430752721,0,8,6,0.8065522620904836,1
70.26,3,0.0,18.9702,26.999999999999996,4,West,Consumer,Office Supplies,Storage,Standard Class,August,Saturday,4.26633516017769,0,8,6,0.7795698924731183,1
9.26,2,0.0,3.0558,33.0,6,East,Consumer,Office Supplies,Art,Standard Class,September,Saturday,2.3282528397426234,0,9,6,1.0,1
105.98,2,0.0,4.2392,4.0,6,East,Consumer,Office Supplies,Storage,Standard Class,September,Saturday,4.672641901103104,0,9,6,0.7795698924731183,1
1.24,1,0.0,0.5828,47.0,6,East,Consumer,Office Supplies,Fasteners,Standard Class,September,Saturday,0.8064758658669484,0,9,6,0.9019607843137255,1
20.7,2,0.0,9.936,48.00000000000001,6,East,Consumer,Office Supplies,Labels,Standard Class,September,Saturday,3.077312260546414,0,9,6,1.0,1
28.9,5,0.0,14.161,49.0,6,East,Consumer,Office Supplies,Paper,Standard Class,September,Saturday,3.3978584803966405,0,9,6,1.0,1
27.18,1,0.0,12.7746,47.0,6,East,Consumer,Office Supplies,Envelopes,Standard Class,September,Saturday,3.3386125064705343,0,9,6,1.0,1
465.18,3,0.0,120.9468,26.0,6,East,Corporate,Office Supplies,Storage,Standard Class,January,Monday,6.144571825638524,0,1,1,0.7795698924731183,1
36.63,3,0.0,9.8901,27.0,4,East,Consumer,Office Supplies,Storage,Second Class,May,Tuesday,3.627801604605346,0,5,2,0.7795698924731183,1
51.45,3,0.0,13.8915,27.0,0,West,Consumer,Office Supplies,Storage,Same Day,September,Monday,3.9598603348423063,0,9,1,0.7795698924731183,1
7.83,3,0.0,3.6018,46.0,0,West,Consumer,Office Supplies,Labels,Same Day,September,Monday,2.178155014615869,0,9,1,1.0,1
35.4,5,0.0,13.452,38.0,0,West,Consumer,Office Supplies,Art,Same Day,September,Monday,3.594568774642695,0,9,1,1.0,1
29.9,5,0.0,13.455,45.0,0,West,Consumer,Office Supplies,Paper,Same Day,September,Monday,3.4307561839036995,0,9,1,1.0,1
212.94,3,0.0,57.4938,27.0,6,Central,Home Office,Furniture,Bookcases,Standard Class,June,Saturday,5.3656956018779844,0,6,6,0.5263157894736842,1
36.56,5,0.2,12.796,35.0,5,East,Consumer,Office Supplies,Binders,Standard Class,June,Tuesday,3.6259396543400624,0,6,2,0.6011730205278593,1
186.14,6,0.2,60.4968,32.50069839905448,5,East,Consumer,Office Supplies,Binders,Standard Class,June,Tuesday,5.231856999847767,0,6,2,0.6011730205278593,1
353.57,2,0.2,-44.196,-12.499929292643607,5,East,Consumer,Furniture,Bookcases,Standard Class,June,Tuesday,5.870905787692259,0,6,2,0.5263157894736842,0
81.98,2,0.0,40.1702,49.0,5,West,Home Office,Office Supplies,Paper,Standard Class,November,Wednesday,4.418599614904722,0,11,3,1.0,1
605.34,6,0.0,145.2816,24.0,4,South,Corporate,Furniture,Chairs,Standard Class,October,Saturday,6.407440884841794,0,10,6,0.6042154566744731,1
54.96,3,0.0,15.9384,28.999999999999996,3,Central,Corporate,Office Supplies,Appliances,First Class,November,Saturday,4.024637149797281,0,11,6,0.867109634551495,1
164.22,3,0.0,50.9082,31.0,4,East,Consumer,Furniture,Furnishings,Standard Class,September,Saturday,5.10727791913436,0,9,6,0.8065522620904836,1
362.94,3,0.0,36.294,10.0,4,East,Consumer,Furniture,Bookcases,Standard Class,September,Saturday,5.896989018885097,0,9,6,0.5263157894736842,1
59.98,2,0.0,26.3912,44.00000000000001,4,East,Consumer,Technology,Accessories,Standard Class,September,Saturday,4.110545941560109,0,9,6,0.872,1
332.94,3,0.0,6.6588,2.0,6,West,Consumer,Office Supplies,Storage,Standard Class,September,Sunday,5.810961336120811,0,9,7,0.7795698924731183,1
39.87,2,0.2,12.9584,32.50163029847003,6,West,Consumer,Office Supplies,Binders,Standard Class,September,Sunday,3.7103962975761857,0,9,7,0.6011730205278593,1
13.68,2,0.0,3.6936,27.0,3,West,Corporate,Office Supplies,Supplies,Second Class,September,Friday,2.6864860231863696,0,9,5,0.816793893129771,1
10.44,1,0.0,4.8024,46.0,1,South,Home Office,Office Supplies,Binders,First Class,July,Monday,2.437115985951652,0,7,1,0.6011730205278593,1
136.46,2,0.2,15.3522,11.250329766964677,2,West,Corporate,Furniture,Tables,Second Class,August,Tuesday,4.923332965693459,0,8,2,0.3627906976744186,1
333.58,3,0.2,33.3576,9.999880088734336,2,West,Corporate,Technology,Phones,Second Class,August,Tuesday,5.812876013903135,0,8,2,0.8521008403361344,1
12.54,2,0.2,4.704,37.51196172248804,2,West,Corporate,Office Supplies,Binders,Second Class,August,Tuesday,2.605648267484129,0,8,2,0.6011730205278593,1
20.77,8,0.8,-52.9584,-254.97544535387578,6,Central,Consumer,Office Supplies,Appliances,Standard Class,May,Thursday,3.080532875246456,1,5,4,0.867109634551495,0
12.58,4,0.2,4.0872,32.489666136724956,5,East,Corporate,Office Supplies,Fasteners,Standard Class,April,Thursday,2.60859812213055,0,4,4,0.9019607843137255,1
249.95,5,0.0,19.996,8.0,6,South,Consumer,Technology,Accessories,Standard Class,December,Monday,5.525253716100942,0,12,1,0.872,1
49.12,4,0.0,23.0864,47.0,6,South,Consumer,Office Supplies,Paper,Standard Class,December,Monday,3.9144201300278674,0,12,1,1.0,1
182.91,3,0.0,53.0439,29.000000000000004,3,South,Consumer,Office Supplies,Appliances,First Class,October,Friday,5.21444650751089,0,10,5,0.867109634551495,1
107.65,2,0.2,33.64,31.249419414770085,4,West,Home Office,Office Supplies,Binders,Second Class,March,Friday,4.688131706702439,0,3,5,0.6011730205278593,1
99.37,2,0.3,-7.098,-7.143000905705947,2,East,Corporate,Furniture,Chairs,Second Class,March,Thursday,4.608863357825709,1,3,4,0.6042154566744731,0
33.57,2,0.2,-5.4548,-16.24903187369675,2,East,Corporate,Furniture,Furnishings,Second Class,March,Thursday,3.5429862539335333,0,3,4,0.8065522620904836,0
10.56,2,0.0,4.752,44.99999999999999,6,Central,Consumer,Office Supplies,Paper,Standard Class,August,Monday,2.4475508632442313,0,8,1,1.0,1
196.78,3,0.2,14.7582,7.499847545482265,3,Central,Home Office,Technology,Phones,First Class,September,Sunday,5.287155301841845,0,9,7,0.8521008403361344,1
2.92,2,0.8,-4.818,-165.0,3,Central,Home Office,Office Supplies,Binders,First Class,September,Sunday,1.366091653802371,1,9,7,0.6011730205278593,0
200.8,1,0.3,-22.948,-11.42828685258964,3,Central,Home Office,Furniture,Tables,First Class,September,Sunday,5.307277107919509,1,9,7,0.3627906976744186,0
46.69,4,0.2,-2.918,-6.249732276718785,3,Central,Home Office,Technology,Accessories,First Class,September,Sunday,3.864721732310133,0,9,7,0.872,0
21.86,3,0.2,3.5529,16.252973467520587,3,Central,Home Office,Office Supplies,Art,First Class,September,Sunday,3.1293886583666644,0,9,7,1.0,1
3.74,4,0.7,-2.6208,-70.07486631016042,3,South,Home Office,Office Supplies,Binders,First Class,November,Saturday,1.556037135706985,1,11,6,0.6011730205278593,0
715.2,3,0.0,178.8,25.0,2,East,Consumer,Furniture,Chairs,Second Class,November,Saturday,6.5739594575643325,0,11,6,0.6042154566744731,1
340.12,6,0.3,-9.7176,-2.857109255556862,4,Central,Home Office,Furniture,Chairs,Standard Class,September,Saturday,5.832234321537425,1,9,6,0.6042154566744731,0
105.52,4,0.0,48.5392,46.0,6,South,Consumer,Office Supplies,Paper,Standard Class,December,Sunday,4.668332760945732,0,12,7,1.0,1
6.16,2,0.0,2.9568,48.0,5,Central,Corporate,Furniture,Furnishings,Standard Class,September,Saturday,1.9685099809725544,0,9,6,0.8065522620904836,1
36.84,3,0.0,17.3148,47.0,5,Central,Corporate,Office Supplies,Paper,Standard Class,September,Saturday,3.6333667441836774,0,9,6,1.0,1
15.84,3,0.0,0.0,0.0,5,West,Corporate,Office Supplies,Storage,Standard Class,March,Sunday,2.8237570088141806,0,3,7,0.7795698924731183,0
44.4,3,0.0,22.2,50.0,5,West,Corporate,Office Supplies,Labels,Standard Class,March,Sunday,3.8155121050473024,0,3,7,1.0,1
17.9,2,0.2,6.2664,35.007821229050286,7,Central,Consumer,Office Supplies,Paper,Standard Class,September,Monday,2.9391619220655967,0,9,1,1.0,1
966.7,5,0.3,-13.81,-1.4285714285714286,7,Central,Consumer,Furniture,Chairs,Standard Class,September,Monday,6.874922121886897,1,9,1,0.6042154566744731,0
182.11,6,0.2,61.4628,33.750370655098564,7,Central,Consumer,Office Supplies,Paper,Standard Class,September,Monday,5.210087065153623,0,9,1,1.0,1
51.59,1,0.4,-15.4764,-29.99883698391161,4,East,Consumer,Furniture,Tables,Standard Class,December,Saturday,3.962525987601253,1,12,6,0.3627906976744186,0
4.08,2,0.0,1.9176,47.0,3,West,Corporate,Office Supplies,Envelopes,First Class,September,Friday,1.6253112615903906,0,9,5,1.0,1
18.9,3,0.0,8.694,46.00000000000001,3,West,Corporate,Office Supplies,Labels,First Class,September,Friday,2.990719731730447,0,9,5,1.0,1
2275.5,10,0.0,386.835,17.0,4,South,Corporate,Furniture,Tables,Standard Class,May,Monday,7.730394454774837,0,5,1,0.3627906976744186,1
1979.7,6,0.0,653.301,33.0,4,South,Corporate,Technology,Accessories,Standard Class,May,Monday,7.591205596563219,0,5,1,0.872,1
62.1,6,0.0,29.808,48.0,4,South,Corporate,Office Supplies,Labels,Standard Class,May,Monday,4.144720769547168,0,5,1,1.0,1
37.3,2,0.3,-1.0656,-2.8568364611260058,4,Central,Consumer,Furniture,Chairs,Standard Class,November,Sunday,3.6454498961866,1,11,7,0.6042154566744731,0
8.54,2,0.6,-7.476,-87.54098360655739,2,Central,Home Office,Furniture,Furnishings,First Class,September,Sunday,2.255493485460195,1,9,7,0.8065522620904836,0
68.95,5,0.0,28.959,42.0,5,East,Corporate,Furniture,Furnishings,Standard Class,February,Sunday,4.24778070111149,0,2,7,0.8065522620904836,1
296.37,3,0.0,80.0199,27.0,5,East,Corporate,Office Supplies,Storage,Standard Class,February,Sunday,5.694977154694463,0,2,7,0.7795698924731183,1
39.98,2,0.0,1.999,5.000000000000001,5,East,Corporate,Technology,Phones,Standard Class,February,Sunday,3.7130841428107537,0,2,7,0.8521008403361344,1
9.22,4,0.2,3.3408,36.23427331887202,6,South,Home Office,Office Supplies,Labels,Standard Class,August,Sunday,2.3243465847755584,0,8,7,1.0,1
28.05,2,0.2,3.506,12.499108734402851,6,South,Home Office,Office Supplies,Supplies,Standard Class,August,Sunday,3.3690184832979204,0,8,7,0.816793893129771,1
187.06,9,0.2,11.691,6.2498663530418055,6,South,Consumer,Furniture,Chairs,Standard Class,May,Monday,5.236761060848931,0,5,1,0.6042154566744731,1
16.9,5,0.0,6.253,37.00000000000001,5,West,Consumer,Office Supplies,Art,Standard Class,December,Friday,2.884800712846709,0,12,5,1.0,1
25.08,6,0.0,9.0288,36.00000000000001,5,West,Consumer,Furniture,Furnishings,Standard Class,December,Friday,3.261168737058452,0,12,5,0.8065522620904836,1
6.68,2,0.0,2.004,30.0,5,East,Corporate,Office Supplies,Art,Standard Class,January,Saturday,2.038619547159581,0,1,6,1.0,1
19.44,3,0.0,9.3312,48.00000000000001,2,West,Consumer,Office Supplies,Paper,Second Class,January,Monday,3.017493765335504,0,1,1,1.0,1
31.92,2,0.2,2.394,7.5,4,Central,Consumer,Technology,Phones,Standard Class,March,Thursday,3.494080375808869,0,3,4,0.8521008403361344,1
33.57,2,0.2,11.7488,34.99791480488531,3,East,Consumer,Office Supplies,Binders,Second Class,December,Sunday,3.5429862539335333,0,12,7,0.6011730205278593,1
63.94,1,0.0,24.9366,39.0,4,East,Consumer,Furniture,Furnishings,Standard Class,September,Sunday,4.1734637666747,0,9,7,0.8065522620904836,1
60.6,5,0.2,20.4525,33.75,4,East,Consumer,Office Supplies,Binders,Standard Class,September,Sunday,4.120661870539474,0,9,7,0.6011730205278593,1
22.72,4,0.0,6.5888,29.000000000000004,4,East,Consumer,Office Supplies,Supplies,Standard Class,September,Sunday,3.1663185741295248,0,9,7,0.816793893129771,1
10.68,4,0.0,4.0584,38.0,6,East,Consumer,Furniture,Furnishings,Standard Class,August,Tuesday,2.457877977400081,0,8,2,0.8065522620904836,1
17.34,3,0.0,8.4966,49.00000000000001,6,East,Consumer,Office Supplies,Paper,Standard Class,August,Tuesday,2.9090844668283187,0,8,2,1.0,1
3.38,1,0.0,1.5548,46.0,6,East,Consumer,Office Supplies,Paper,Standard Class,August,Tuesday,1.4770487243883548,0,8,2,1.0,1
26.98,4,0.2,8.7672,32.49518161601186,4,West,Corporate,Office Supplies,Binders,Standard Class,May,Thursday,3.331489969237335,0,5,4,0.6011730205278593,1
244.55,5,0.0,4.891,2.0,5,East,Consumer,Office Supplies,Storage,Second Class,November,Monday,5.503500592485254,0,11,1,0.7795698924731183,1
12.24,6,0.0,5.7528,47.0,5,East,Consumer,Office Supplies,Envelopes,Second Class,November,Monday,2.5832425505088623,0,11,1,1.0,1
13.98,2,0.0,6.0114,43.0,5,East,Consumer,Technology,Accessories,Second Class,November,Monday,2.7067159780890733,0,11,1,0.872,1
899.95,5,0.0,53.997,6.0,5,East,Consumer,Technology,Accessories,Second Class,November,Monday,6.803449762172823,0,11,1,0.872,1
1.63,1,0.2,0.5508,33.79141104294479,6,Central,Corporate,Office Supplies,Envelopes,Standard Class,November,Friday,0.9669838461896731,0,11,5,1.0,1
267.96,5,0.2,16.7475,6.25,6,Central,Corporate,Technology,Phones,Standard Class,November,Friday,5.594562669660306,0,11,5,0.8521008403361344,1
31.95,1,0.0,2.2365,6.999999999999999,2,East,Consumer,Technology,Accessories,Second Class,October,Sunday,3.4949912609485163,0,10,7,0.872,1
32.34,3,0.0,15.5232,47.99999999999999,6,Central,Corporate,Office Supplies,Binders,Standard Class,January,Sunday,3.506757877322648,0,1,7,0.6011730205278593,1
39.9,5,0.0,19.95,50.0,6,Central,Corporate,Office Supplies,Paper,Standard Class,January,Sunday,3.711130063048756,0,1,7,1.0,1
41.92,4,0.2,15.196,36.25,6,Central,Corporate,Office Supplies,Paper,Standard Class,September,Tuesday,3.759337917762498,0,9,2,1.0,1
329.58,2,0.2,37.0782,11.250136537411253,6,Central,Corporate,Technology,Phones,Standard Class,September,Tuesday,5.800848687489207,0,9,2,0.8521008403361344,1
87.28,8,0.0,41.0216,47.0,3,South,Corporate,Office Supplies,Binders,First Class,September,Saturday,4.480513581388536,0,9,6,0.6011730205278593,1
279.46,6,0.2,20.9592,7.499892650110929,6,West,Corporate,Furniture,Chairs,Standard Class,May,Tuesday,5.636431112298505,0,5,2,0.6042154566744731,1
8.0,2,0.0,3.84,48.0,6,West,Corporate,Office Supplies,Paper,Standard Class,May,Tuesday,2.1972245773362196,0,5,2,1.0,1
27.24,5,0.2,9.534,35.0,4,West,Consumer,Office Supplies,Binders,Standard Class,September,Thursday,3.3407394126250414,0,9,4,0.6011730205278593,1
16.36,1,0.0,1.636,10.0,6,West,Consumer,Technology,Accessories,Standard Class,August,Tuesday,2.854168709232204,0,8,2,0.872,1
15.78,2,0.0,0.6312,4.0,6,West,Consumer,Office Supplies,Storage,Standard Class,August,Tuesday,2.8201877010390604,0,8,2,0.7795698924731183,1
45.98,2,0.0,12.8744,28.000000000000004,6,West,Consumer,Office Supplies,Art,Standard Class,August,Tuesday,3.849721979230767,0,8,2,1.0,1
70.56,6,0.0,23.9904,34.0,4,Central,Consumer,Furniture,Furnishings,Standard Class,December,Thursday,4.270536258640519,0,12,4,0.8065522620904836,1
81.96,2,0.0,22.9488,28.000000000000004,4,Central,Consumer,Office Supplies,Appliances,Standard Class,December,Thursday,4.418358563921272,0,12,4,0.867109634551495,1
64.86,4,0.2,6.4864,10.000616712920134,3,West,Corporate,Office Supplies,Appliances,Second Class,January,Saturday,4.187531276948218,0,1,6,0.867109634551495,1
151.19,1,0.2,13.2293,8.750115748396057,4,Central,Consumer,Technology,Phones,Standard Class,November,Sunday,5.025129740246708,0,11,7,0.8521008403361344,1
15.55,3,0.2,5.4432,35.004501607717046,6,Central,Corporate,Office Supplies,Paper,Standard Class,October,Saturday,2.806386101823072,0,10,6,1.0,1
347.36,7,0.3,-69.4722,-20.000057577153385,6,Central,Corporate,Furniture,Tables,Standard Class,October,Saturday,5.853236427824539,1,10,6,0.3627906976744186,0
10.37,2,0.2,3.6288,34.993249758919966,6,Central,Corporate,Office Supplies,Paper,Standard Class,October,Saturday,2.4309783077624445,0,10,6,1.0,1
348.49,7,0.2,117.6147,33.74980630721111,2,East,Corporate,Office Supplies,Envelopes,First Class,December,Friday,5.856474948961234,0,12,5,1.0,1
172.74,4,0.2,-30.2288,-17.4995947667014,2,East,Corporate,Office Supplies,Storage,First Class,December,Friday,5.157559928831774,0,12,5,0.7795698924731183,0
15.54,3,0.0,7.6146,49.00000000000001,4,West,Consumer,Office Supplies,Paper,Standard Class,August,Sunday,2.805781689595545,0,8,7,1.0,1
105.55,6,0.2,35.6238,33.7506395073425,4,West,Consumer,Technology,Machines,Standard Class,August,Sunday,4.668614358544626,0,8,7,0.5975609756097561,1
25.92,5,0.2,9.072,34.99999999999999,2,Central,Corporate,Office Supplies,Paper,Second Class,September,Monday,3.2928695047765273,0,9,1,1.0,1
15.81,8,0.2,5.3352,33.745730550284634,2,Central,Corporate,Office Supplies,Fasteners,Second Class,September,Monday,2.8219739474205245,0,9,1,0.9019607843137255,1
10.37,2,0.2,3.7584,36.24300867888139,2,Central,Corporate,Office Supplies,Paper,Second Class,September,Monday,2.4309783077624445,0,9,1,1.0,1
22.5,6,0.0,10.8,48.00000000000001,6,East,Corporate,Office Supplies,Labels,Standard Class,November,Wednesday,3.1570004211501135,0,11,3,1.0,1
9.96,2,0.0,4.5816,46.0,6,East,Corporate,Office Supplies,Labels,Standard Class,November,Wednesday,2.3942522815198695,0,11,3,1.0,1
213.08,7,0.0,102.2784,48.0,6,East,Corporate,Office Supplies,Binders,Standard Class,November,Wednesday,5.366349776939864,0,11,3,0.6011730205278593,1
1025.88,6,0.0,235.9524,23.0,6,East,Corporate,Furniture,Bookcases,Standard Class,November,Wednesday,6.934280357921492,0,11,3,0.5263157894736842,1
21.98,7,0.0,9.891,45.0,3,West,Corporate,Office Supplies,Paper,Second Class,November,Tuesday,3.1346242724206097,0,11,2,1.0,1
63.2,5,0.0,23.384,37.0,0,West,Corporate,Furniture,Furnishings,Same Day,September,Saturday,4.162003210695915,0,9,6,0.8065522620904836,1
39.0,12,0.0,11.31,29.000000000000004,7,West,Corporate,Office Supplies,Appliances,Standard Class,November,Sunday,3.6888794541139363,0,11,7,0.867109634551495,1
2.91,3,0.7,-2.0349,-69.92783505154638,5,East,Corporate,Office Supplies,Binders,Standard Class,September,Tuesday,1.3635373739972745,1,9,2,0.6011730205278593,0
556.67,5,0.15,6.549,1.176460021197478,5,West,Consumer,Furniture,Bookcases,Standard Class,April,Saturday,6.323767389587163,0,4,6,0.5263157894736842,1
445.96,5,0.2,55.745,12.5,4,West,Consumer,Technology,Phones,Standard Class,February,Monday,6.1024691051508935,0,2,1,0.8521008403361344,1
36.24,1,0.0,15.2208,42.0,4,West,Consumer,Technology,Accessories,Standard Class,February,Monday,3.617383452408866,0,2,1,0.872,1
10.65,3,0.0,5.0055,47.0,4,West,Consumer,Office Supplies,Fasteners,Standard Class,February,Monday,2.4553061800117097,0,2,1,0.9019607843137255,1
224.75,5,0.0,62.93,27.999999999999996,3,Central,Consumer,Technology,Phones,First Class,September,Sunday,5.419428192297095,0,9,7,0.8521008403361344,1
15.36,2,0.0,7.68,50.0,2,Central,Corporate,Office Supplies,Binders,Second Class,October,Monday,2.794839331174601,0,10,1,0.6011730205278593,1
36.29,7,0.2,12.7008,34.99807109396528,3,Central,Consumer,Office Supplies,Paper,First Class,October,Friday,3.6187251941907292,0,10,5,1.0,1
150.38,2,0.2,15.0384,10.000265992818195,3,Central,Consumer,Technology,Phones,First Class,October,Friday,5.019793231881021,0,10,5,0.8521008403361344,1
280.78,3,0.4,-60.8361,-21.666820998646628,2,East,Consumer,Technology,Phones,Second Class,March,Thursday,5.64112662462513,1,3,4,0.8521008403361344,0
31.98,2,0.2,1.1994,3.7504690431519703,2,East,Consumer,Technology,Accessories,Second Class,March,Thursday,3.495901317131453,0,3,4,0.872,1
11.23,3,0.2,3.9312,35.00623330365094,4,West,Consumer,Office Supplies,Binders,Standard Class,December,Thursday,2.503891949699081,0,12,4,0.6011730205278593,1
1649.95,5,0.0,659.98,40.0,3,West,Consumer,Technology,Accessories,First Class,December,Saturday,7.409106158785584,0,12,6,0.872,1
111.9,6,0.0,51.474,46.0,3,West,Consumer,Furniture,Furnishings,First Class,December,Saturday,4.726502471155617,0,12,6,0.8065522620904836,1
599.17,5,0.15,35.245,5.882303853664236,0,West,Home Office,Furniture,Bookcases,Same Day,June,Tuesday,6.397212948418171,0,6,2,0.5263157894736842,1
46.53,3,0.0,12.0978,26.0,2,West,Home Office,Office Supplies,Storage,First Class,September,Friday,3.861361090625918,0,9,5,0.7795698924731183,1
31.98,2,0.2,1.999,6.250781738586617,2,South,Consumer,Furniture,Furnishings,First Class,September,Friday,3.495901317131453,0,9,5,0.8065522620904836,1
1640.7,5,0.0,459.396,28.000000000000004,5,West,Home Office,Office Supplies,Appliances,Standard Class,October,Monday,7.403487569300473,0,10,1,0.867109634551495,1
270.0,3,0.0,97.2,36.0,5,West,Home Office,Technology,Accessories,Standard Class,October,Monday,5.602118820879701,0,10,1,0.872,1
19.52,2,0.2,5.368,27.500000000000004,3,South,Corporate,Furniture,Furnishings,First Class,July,Saturday,3.021400020302569,0,7,6,0.8065522620904836,1
9.81,5,0.7,-6.867,-70.0,3,South,Corporate,Office Supplies,Binders,First Class,July,Saturday,2.3804716316511167,1,7,6,0.6011730205278593,0
213.22,3,0.2,15.9912,7.4998593002532585,3,South,Corporate,Furniture,Furnishings,First Class,July,Saturday,5.367003524336484,0,7,6,0.8065522620904836,1
588.78,2,0.2,183.995,31.25021230340705,5,East,Consumer,Office Supplies,Binders,Standard Class,April,Monday,6.379749586006294,0,4,1,0.6011730205278593,1
99.6,1,0.0,36.852,37.0,6,East,Consumer,Technology,Accessories,Standard Class,April,Friday,4.611152257665639,0,4,5,0.872,1
62.3,13,0.2,21.0249,33.747833065810596,6,East,Consumer,Office Supplies,Binders,Standard Class,April,Friday,4.147885329150131,0,4,5,0.6011730205278593,1
10.71,3,0.0,2.7846,26.0,6,East,Consumer,Office Supplies,Art,Standard Class,April,Friday,2.460443177609626,0,4,5,1.0,1
20.94,1,0.2,7.0659,33.74355300859599,4,Central,Home Office,Office Supplies,Envelopes,Standard Class,July,Monday,3.088311454847084,0,7,1,1.0,1
33.0,6,0.0,8.25,25.0,5,East,Corporate,Technology,Phones,Standard Class,August,Friday,3.5263605246161616,0,8,5,0.8521008403361344,1
249.95,5,0.0,87.4825,35.0,5,East,Corporate,Technology,Accessories,Standard Class,August,Friday,5.525253716100942,0,8,5,0.872,1
357.93,3,0.0,7.1586,2.0,7,Central,Home Office,Office Supplies,Supplies,Standard Class,September,Friday,5.8831273834035995,0,9,5,0.816793893129771,1
57.4,5,0.0,10.906,19.0,7,Central,Home Office,Technology,Accessories,Standard Class,September,Friday,4.067315889834181,0,9,5,0.872,1
331.96,2,0.0,149.382,45.00000000000001,7,Central,Home Office,Office Supplies,Binders,Standard Class,September,Friday,5.808022362645325,0,9,5,0.6011730205278593,1
40.56,2,0.0,12.9792,32.0,7,Central,Home Office,Furniture,Furnishings,Standard Class,September,Friday,3.727138166231027,0,9,5,0.8065522620904836,1
86.2,5,0.0,24.998,28.999999999999996,7,West,Home Office,Office Supplies,Supplies,Standard Class,July,Friday,4.468204330914934,0,7,5,0.816793893129771,1
16.27,1,0.2,-3.8646,-23.752919483712354,4,South,Corporate,Office Supplies,Storage,Standard Class,March,Friday,2.848970892158587,0,3,5,0.7795698924731183,0
32.34,10,0.7,-23.716,-73.33333333333333,1,West,Consumer,Office Supplies,Binders,First Class,January,Sunday,3.506757877322648,1,1,7,0.6011730205278593,0
56.06,4,0.2,19.6224,35.0024973242954,1,West,Consumer,Office Supplies,Paper,First Class,January,Sunday,4.044103345785354,0,1,7,1.0,1
108.72,5,0.2,36.693,33.75,1,West,Consumer,Office Supplies,Envelopes,First Class,January,Sunday,4.697931666069403,0,1,7,1.0,1
181.47,5,0.7,-320.597,-176.66666666666666,1,West,Consumer,Furniture,Bookcases,First Class,January,Sunday,5.206585775948444,1,1,7,0.5263157894736842,0
16.18,3,0.2,6.066,37.49072929542645,5,Central,Consumer,Office Supplies,Paper,Second Class,February,Friday,2.8437459165561094,0,2,5,1.0,1
122.35,3,0.2,13.7646,11.250183898651409,5,West,Consumer,Furniture,Chairs,Standard Class,June,Thursday,4.815025842975365,0,6,4,0.6042154566744731,1
585.55,3,0.2,73.194,12.50004269490223,1,West,Home Office,Furniture,Chairs,First Class,September,Friday,6.37425791595173,0,9,5,0.6042154566744731,1
19.44,3,0.0,9.3312,48.00000000000001,1,West,Home Office,Office Supplies,Paper,First Class,September,Friday,3.017493765335504,0,9,5,1.0,1
123.92,5,0.2,9.294,7.5,5,East,Consumer,Office Supplies,Appliances,Standard Class,May,Monday,4.827673532414877,0,5,1,0.867109634551495,1
128.4,3,0.0,62.916,48.99999999999999,4,East,Consumer,Office Supplies,Binders,Standard Class,November,Sunday,4.8629083820668,0,11,7,0.6011730205278593,1
1.87,1,0.7,-1.3083,-69.96256684491978,4,South,Corporate,Office Supplies,Binders,Standard Class,March,Monday,1.0543120297715298,1,3,1,0.6011730205278593,0
23.47,3,0.2,7.6284,32.502769492969755,5,South,Consumer,Office Supplies,Envelopes,Standard Class,December,Friday,3.19744787745458,0,12,5,1.0,1
3.59,4,0.8,-6.286,-175.0974930362117,5,Central,Home Office,Office Supplies,Binders,Standard Class,October,Saturday,1.5238800240724537,1,10,6,0.6011730205278593,0
7.36,2,0.0,0.1472,2.0,0,West,Home Office,Office Supplies,Supplies,Same Day,November,Friday,2.1234584270966104,0,11,5,0.816793893129771,1
41.4,4,0.0,19.872,48.00000000000001,0,West,Home Office,Office Supplies,Labels,Same Day,November,Friday,3.7471483622379123,0,11,5,1.0,1
411.33,4,0.15,-4.8392,-1.176476308560037,0,West,Home Office,Furniture,Bookcases,Same Day,November,Friday,6.021823999617328,0,11,5,0.5263157894736842,0
7.66,4,0.7,-6.1248,-79.95822454308093,4,East,Corporate,Office Supplies,Binders,Standard Class,September,Friday,2.1587147225743437,1,9,5,0.6011730205278593,0
61.96,2,0.0,27.882,45.0,0,West,Consumer,Office Supplies,Paper,Same Day,October,Saturday,4.1424996041091475,0,10,6,1.0,1
17.92,4,0.0,8.6016,47.99999999999999,6,South,Consumer,Office Supplies,Envelopes,Standard Class,April,Friday,2.9402195636237325,0,4,5,1.0,1
145.9,5,0.0,62.737,43.0,4,West,Consumer,Furniture,Furnishings,Standard Class,October,Thursday,4.989752083179832,0,10,4,0.8065522620904836,1
32.9,4,0.2,11.1024,33.74589665653495,6,West,Consumer,Office Supplies,Paper,Standard Class,February,Monday,3.5234150143864045,0,2,1,1.0,1
22.78,3,0.2,7.6869,33.744073748902544,6,West,Consumer,Office Supplies,Paper,Standard Class,February,Monday,3.1688448912626357,0,2,1,1.0,1
239.97,3,0.0,2.3997,1.0,2,East,Consumer,Technology,Phones,First Class,May,Saturday,5.484672444414411,0,5,6,0.8521008403361344,1
160.32,2,0.0,44.8896,28.000000000000004,2,East,Consumer,Office Supplies,Appliances,First Class,May,Saturday,5.083389970005167,0,5,6,0.867109634551495,1
128.85,3,0.0,3.8655,3.0000000000000004,2,East,Consumer,Technology,Phones,First Class,May,Saturday,4.866379938108757,0,5,6,0.8521008403361344,1
1319.96,4,0.0,527.984,40.0,3,South,Corporate,Technology,Accessories,Second Class,November,Friday,7.186114023973034,0,11,5,0.872,1
21.55,6,0.2,7.0044,32.503016241299306,2,West,Consumer,Office Supplies,Binders,First Class,June,Sunday,3.1157350659486873,0,6,7,0.6011730205278593,1
58.24,4,0.0,15.7248,27.0,2,West,Consumer,Office Supplies,Appliances,First Class,June,Sunday,4.081596989399598,0,6,7,0.867109634551495,1
80.28,12,0.0,36.9288,46.0,2,West,Home Office,Office Supplies,Paper,First Class,December,Saturday,4.397899983830172,0,12,6,1.0,1
37.94,2,0.0,18.2112,48.00000000000001,2,East,Home Office,Office Supplies,Paper,First Class,May,Friday,3.6620219999440535,0,5,5,1.0,1
79.96,5,0.2,27.986,35.0,4,South,Corporate,Technology,Phones,Standard Class,March,Tuesday,4.3939552055391555,0,3,2,0.8521008403361344,1
179.94,6,0.0,75.5748,42.0,1,South,Consumer,Technology,Accessories,First Class,June,Monday,5.198165484597595,0,6,1,0.872,1
26.85,3,0.0,5.1015,18.999999999999996,1,South,Consumer,Technology,Accessories,First Class,June,Monday,3.326832966373293,0,6,1,0.872,1
323.37,3,0.0,129.348,40.0,1,South,Consumer,Technology,Accessories,First Class,June,Monday,5.781884839543164,0,6,1,0.872,1
59.94,3,0.0,28.1718,47.0,1,South,Consumer,Office Supplies,Paper,First Class,June,Monday,4.109889773557563,0,6,1,1.0,1
64.14,3,0.0,30.7872,48.0,1,South,Consumer,Office Supplies,Binders,First Class,June,Monday,4.176538799848087,0,6,1,0.6011730205278593,1
11.67,3,0.0,5.6016,48.00000000000001,1,South,Consumer,Office Supplies,Binders,First Class,June,Monday,2.5392369943330477,0,6,1,0.6011730205278593,1
12.96,2,0.0,6.2208,47.99999999999999,1,South,Consumer,Office Supplies,Paper,First Class,June,Monday,2.6361960973342264,0,6,1,1.0,1
17.43,3,0.0,8.0178,46.0,7,Central,Consumer,Office Supplies,Binders,Standard Class,April,Monday,2.9139797716817317,0,4,1,0.6011730205278593,1
455.97,6,0.5,-218.8656,-48.0,6,West,Corporate,Furniture,Tables,Standard Class,December,Monday,6.124617743225221,1,12,1,0.3627906976744186,0
10.44,6,0.7,-7.656,-73.33333333333334,6,West,Corporate,Office Supplies,Binders,Standard Class,December,Monday,2.437115985951652,1,12,1,0.6011730205278593,0
5.21,2,0.7,-4.1712,-80.06142034548944,6,West,Corporate,Office Supplies,Binders,Standard Class,December,Monday,1.8261608959453874,1,12,1,0.6011730205278593,0
43.68,3,0.0,11.7936,27.0,3,West,Consumer,Office Supplies,Appliances,First Class,November,Friday,3.799525974201,0,11,5,0.867109634551495,1
139.93,7,0.0,34.9825,25.0,3,West,Consumer,Technology,Accessories,First Class,November,Friday,4.9482633132034195,0,11,5,0.872,1
2.67,1,0.2,0.334,12.509363295880153,4,Central,Corporate,Office Supplies,Art,Standard Class,November,Wednesday,1.3001916620664788,0,11,3,1.0,1
16.66,6,0.2,-3.123,-18.745498199279716,4,Central,Corporate,Office Supplies,Supplies,Standard Class,November,Wednesday,2.8713021951758138,0,11,3,0.816793893129771,0
79.51,3,0.2,20.8719,26.2506602943026,4,Central,Corporate,Technology,Accessories,Standard Class,November,Wednesday,4.388381400311889,0,11,3,0.872,1
36.29,7,0.2,12.7008,34.99807109396528,4,Central,Corporate,Office Supplies,Paper,Standard Class,November,Wednesday,3.6187251941907292,0,11,3,1.0,1
67.99,1,0.32,-12.9987,-19.118546845124285,4,Central,Corporate,Furniture,Bookcases,Standard Class,November,Wednesday,4.233961566558017,1,11,3,0.5263157894736842,0
6.16,2,0.0,1.9712,32.0,4,South,Corporate,Furniture,Furnishings,Standard Class,December,Monday,1.9685099809725544,0,12,1,0.8065522620904836,1
56.3,2,0.0,15.764,28.000000000000004,4,South,Corporate,Office Supplies,Art,Standard Class,December,Monday,4.048300623720694,0,12,1,1.0,1
6.48,1,0.0,3.1104,47.99999999999999,4,West,Consumer,Office Supplies,Paper,Standard Class,December,Sunday,2.012232791986386,0,12,7,1.0,1
1325.85,5,0.0,238.653,18.0,4,West,Consumer,Office Supplies,Storage,Standard Class,December,Sunday,7.190562991017657,0,12,7,0.7795698924731183,1
14.94,3,0.0,6.8724,46.0,4,West,Consumer,Office Supplies,Labels,Standard Class,December,Sunday,2.768831673362069,0,12,7,1.0,1
98.38,3,0.2,35.6613,36.24852612319577,4,East,Corporate,Office Supplies,Paper,Standard Class,December,Friday,4.598950886174174,0,12,5,1.0,1
29.94,4,0.7,-23.952,-80.0,4,East,Corporate,Office Supplies,Binders,Standard Class,December,Friday,3.43204984514492,1,12,5,0.6011730205278593,0
17.47,3,0.2,5.6784,32.50372066399542,4,East,Corporate,Office Supplies,Paper,Standard Class,December,Friday,2.9161477942111484,0,12,5,1.0,1
36.74,1,0.4,-9.1845,-24.99863908546543,4,East,Corporate,Technology,Phones,Standard Class,December,Friday,3.630720539940404,1,12,5,0.8521008403361344,0
179.94,2,0.4,-44.985,-25.0,4,East,Corporate,Technology,Phones,Standard Class,December,Friday,5.198165484597595,1,12,5,0.8521008403361344,0
383.64,6,0.0,122.7648,32.0,4,West,Consumer,Furniture,Furnishings,Standard Class,December,Monday,5.952307831906788,0,12,1,0.8065522620904836,1
56.52,3,0.0,15.8256,27.999999999999996,4,West,Consumer,Office Supplies,Appliances,Standard Class,December,Monday,4.052132713412791,0,12,1,0.867109634551495,1
8.0,5,0.0,3.44,43.0,4,East,Home Office,Office Supplies,Art,Standard Class,May,Monday,2.1972245773362196,0,5,1,1.0,1
6.16,2,0.0,1.9712,32.0,4,West,Consumer,Furniture,Furnishings,Second Class,December,Monday,1.9685099809725544,0,12,1,0.8065522620904836,1
10.9,5,0.0,3.597,32.99999999999999,1,West,Consumer,Office Supplies,Fasteners,First Class,March,Thursday,2.4765384001174837,0,3,4,0.9019607843137255,1
6.1,2,0.2,2.2098,36.226229508196724,5,West,Home Office,Office Supplies,Binders,Standard Class,July,Saturday,1.9600947840472698,0,7,6,0.6011730205278593,1
34.05,3,0.0,9.534,28.000000000000004,3,West,Consumer,Office Supplies,Storage,Second Class,December,Thursday,3.5567756134805992,0,12,4,0.7795698924731183,1
352.38,2,0.0,81.0474,23.0,3,West,Consumer,Office Supplies,Storage,Second Class,December,Thursday,5.867543965188504,0,12,4,0.7795698924731183,1
245.98,2,0.0,27.0578,11.0,5,East,Corporate,Furniture,Chairs,Second Class,October,Monday,5.509307361689676,0,10,1,0.6042154566744731,1
18.94,1,0.0,9.47,50.0,5,East,Corporate,Office Supplies,Binders,Second Class,October,Monday,2.9927277645336923,0,10,1,0.6011730205278593,1
68.62,2,0.0,32.2514,46.99999999999999,4,East,Consumer,Office Supplies,Binders,Standard Class,September,Friday,4.243051882383293,0,9,5,0.6011730205278593,1
55.98,2,0.2,4.1988,7.500535905680601,0,East,Consumer,Office Supplies,Art,Same Day,October,Friday,4.0427003290697625,0,10,5,1.0,1
14.48,5,0.2,4.887,33.75,0,East,Consumer,Office Supplies,Envelopes,Same Day,October,Friday,2.739548868161581,0,10,5,1.0,1
142.49,3,0.2,-3.5622,-2.4999649098182326,0,East,Consumer,Technology,Accessories,Same Day,October,Friday,4.9662653463603155,0,10,5,0.872,0
14.16,1,0.2,1.062,7.5,2,Central,Corporate,Office Supplies,Storage,Second Class,August,Saturday,2.7186603802142257,0,8,6,0.7795698924731183,1
79.92,5,0.2,27.972,35.0,2,Central,Corporate,Office Supplies,Paper,Second Class,August,Saturday,4.393461012299545,0,8,6,1.0,1
590.35,6,0.2,206.6232,35.00011857372745,4,East,Corporate,Office Supplies,Binders,Standard Class,December,Thursday,6.382408058697126,0,12,4,0.6011730205278593,1
17.09,2,0.2,1.068,6.249268578115857,5,South,Corporate,Furniture,Furnishings,Standard Class,September,Tuesday,2.895359299407204,0,9,2,0.8065522620904836,1
98.39,1,0.2,-11.0691,-11.250228681776605,5,South,Corporate,Furniture,Chairs,Standard Class,September,Tuesday,4.599051504979914,0,9,2,0.6042154566744731,0
7.78,2,0.0,2.0228,26.0,5,West,Consumer,Office Supplies,Appliances,Standard Class,December,Sunday,2.1724764076470255,0,12,7,0.867109634551495,1
53.04,3,0.2,-4.641,-8.75,2,East,Consumer,Technology,Accessories,First Class,October,Monday,3.989724513091998,0,10,1,0.872,0
117.96,2,0.0,5.898,5.0,5,East,Consumer,Office Supplies,Storage,Standard Class,February,Tuesday,4.778787302151899,0,2,2,0.7795698924731183,1
21.3,5,0.0,8.733,41.0,4,East,Corporate,Office Supplies,Art,Standard Class,August,Tuesday,3.104586678466073,0,8,2,1.0,1
1040.8,5,0.0,281.016,27.0,4,East,Corporate,Office Supplies,Appliances,Standard Class,August,Tuesday,6.948705265311091,0,8,2,0.867109634551495,1
29.34,6,0.0,7.9218,27.0,4,East,Corporate,Office Supplies,Art,Standard Class,August,Tuesday,3.4124669739203863,0,8,2,1.0,1
443.92,4,0.0,8.8784,1.9999999999999998,3,West,Consumer,Office Supplies,Storage,First Class,September,Friday,6.097894490723829,0,9,5,0.7795698924731183,1
499.95,5,0.0,174.9825,35.0,5,Central,Corporate,Technology,Accessories,Standard Class,September,Sunday,6.216506295705272,0,9,7,0.872,1
3.04,1,0.0,1.0336,34.0,5,Central,Corporate,Office Supplies,Art,Standard Class,September,Sunday,1.3962446919730587,0,9,7,1.0,1
201.96,2,0.0,50.49,25.0,5,Central,Corporate,Furniture,Chairs,Standard Class,September,Sunday,5.313008915291026,0,9,7,0.6042154566744731,1
68.64,11,0.0,17.16,25.0,5,Central,Corporate,Furniture,Furnishings,Standard Class,September,Sunday,4.243339114899988,0,9,7,0.8065522620904836,1
100.0,4,0.0,21.0,21.0,4,West,Corporate,Technology,Accessories,Second Class,October,Monday,4.61512051684126,0,10,1,0.872,1
359.98,2,0.0,21.5988,6.0,4,West,Corporate,Technology,Accessories,Second Class,October,Monday,5.888822555136103,0,10,1,0.872,1
6.16,2,0.0,2.9568,48.0,2,West,Home Office,Furniture,Furnishings,Second Class,September,Monday,1.9685099809725544,0,9,1,0.8065522620904836,1
2348.82,9,0.0,399.2994,17.0,2,West,Home Office,Furniture,Tables,Second Class,September,Monday,7.76209400845992,0,9,1,0.3627906976744186,1
815.29,9,0.4,-339.705,-41.6667688797851,2,East,Home Office,Furniture,Tables,Second Class,August,Sunday,6.704769683984136,1,8,7,0.3627906976744186,0
234.45,3,0.0,103.158,44.0,4,South,Consumer,Technology,Accessories,Standard Class,February,Tuesday,5.461498576689563,0,2,2,0.872,1
1256.22,6,0.0,75.3732,6.0,4,South,Consumer,Furniture,Tables,Standard Class,February,Tuesday,7.136658213164678,0,2,2,0.3627906976744186,1
17.46,2,0.0,8.2062,47.0,4,South,Consumer,Office Supplies,Binders,Standard Class,February,Tuesday,2.9156062290747062,0,2,2,0.6011730205278593,1
10.53,7,0.2,3.6848,34.99335232668566,5,East,Home Office,Office Supplies,Binders,Second Class,September,Friday,2.4449523342809676,0,9,5,0.6011730205278593,1
152.8,5,0.0,76.4,50.0,1,Central,Home Office,Office Supplies,Binders,First Class,December,Saturday,5.035653057071544,0,12,6,0.6011730205278593,1
1325.76,6,0.2,149.148,11.25,6,West,Consumer,Furniture,Chairs,Standard Class,December,Sunday,7.190495158894599,0,12,7,0.6042154566744731,1
572.16,3,0.2,35.76,6.25,6,West,Consumer,Furniture,Chairs,Standard Class,December,Sunday,6.351164909848402,0,12,7,0.6042154566744731,1
28.8,9,0.2,10.08,35.0,5,East,Home Office,Office Supplies,Paper,Standard Class,September,Tuesday,3.3945083935113587,0,9,2,1.0,1
7.04,4,0.0,3.0976,44.0,4,South,Home Office,Furniture,Furnishings,Second Class,April,Friday,2.0844290831908747,0,4,5,0.8065522620904836,1
17.94,3,0.0,8.7906,48.99999999999999,5,South,Corporate,Office Supplies,Envelopes,Second Class,May,Friday,2.9412760877579323,0,5,5,1.0,1
192.22,14,0.0,69.1992,36.00000000000001,5,South,Corporate,Furniture,Furnishings,Standard Class,January,Sunday,5.263829436089363,0,1,7,0.8065522620904836,1
2.94,1,0.0,0.7938,26.999999999999996,7,West,Corporate,Office Supplies,Art,Standard Class,November,Tuesday,1.3711807233098425,0,11,2,1.0,1
45.24,4,0.7,-30.16,-66.66666666666666,3,West,Home Office,Office Supplies,Binders,First Class,December,Sunday,3.833845224364122,1,12,7,0.6011730205278593,0
18.69,4,0.2,2.336,12.498662386302833,3,West,Home Office,Office Supplies,Art,First Class,December,Sunday,2.9801108926510342,0,12,7,1.0,1
11.65,2,0.2,3.7856,32.49442060085837,3,West,Home Office,Office Supplies,Paper,First Class,December,Sunday,2.5376572151735295,0,12,7,1.0,1
112.78,3,0.2,-8.4582,-7.499733995389253,3,West,Home Office,Technology,Accessories,First Class,December,Sunday,4.734266759322502,0,12,7,0.872,0
377.45,5,0.5,-264.215,-70.0,3,West,Home Office,Furniture,Tables,First Class,December,Sunday,5.936083963755176,1,12,7,0.3627906976744186,0
15.94,4,0.2,5.1792,32.49184441656211,3,West,Home Office,Office Supplies,Labels,First Class,December,Sunday,2.8296776892239084,0,12,7,1.0,1
28.68,3,0.2,-7.17,-25.0,3,West,Home Office,Technology,Phones,First Class,December,Sunday,3.39047341829918,0,12,7,0.8521008403361344,0
21.44,2,0.2,7.504,35.0,7,West,Home Office,Furniture,Furnishings,Standard Class,September,Saturday,3.110845080654496,0,9,6,0.8065522620904836,1
511.06,9,0.2,-95.823,-18.749853246194185,7,West,Home Office,Office Supplies,Storage,Standard Class,September,Saturday,6.238441805673589,0,9,6,0.7795698924731183,0
18.66,2,0.2,1.3992,7.4983922829582,0,East,Corporate,Office Supplies,Art,Same Day,July,Thursday,2.9785861147190205,0,7,4,1.0,1
11.09,7,0.7,-8.1312,-73.32010820559061,0,East,Corporate,Office Supplies,Binders,Same Day,July,Thursday,2.492378664626701,1,7,4,0.6011730205278593,0
66.69,1,0.2,4.168,6.24981256560204,0,East,Corporate,Office Supplies,Storage,Same Day,July,Thursday,4.214938458520516,0,7,4,0.7795698924731183,1
99.49,2,0.2,8.7052,8.749824102924917,0,East,Corporate,Office Supplies,Storage,Same Day,July,Thursday,4.610058220060867,0,7,4,0.7795698924731183,1
14.62,2,0.0,6.8714,47.0,4,West,Consumer,Office Supplies,Labels,Standard Class,June,Saturday,2.7485521444115397,0,6,6,1.0,1
53.98,14,0.2,17.5448,32.50240829937014,4,West,Consumer,Office Supplies,Binders,Standard Class,June,Saturday,4.0069694827371,0,6,6,0.6011730205278593,1
389.97,3,0.0,132.5898,34.0,4,West,Consumer,Technology,Accessories,Standard Class,June,Saturday,5.9686308306990385,0,6,6,0.872,1
355.36,4,0.0,92.3936,26.0,2,West,Consumer,Furniture,Furnishings,Second Class,June,Tuesday,5.875941455852443,0,6,2,0.8065522620904836,1
140.38,3,0.2,8.7735,6.24982191195327,2,West,Consumer,Technology,Phones,Second Class,June,Tuesday,4.951451300742808,0,6,2,0.8521008403361344,1
12.96,2,0.0,6.2208,47.99999999999999,5,West,Consumer,Office Supplies,Paper,Standard Class,January,Friday,2.6361960973342264,0,1,5,1.0,1
57.41,6,0.2,5.7408,9.999651628636128,5,West,Corporate,Technology,Phones,Standard Class,May,Wednesday,4.067487108052218,0,5,3,0.8521008403361344,1
27.6,4,0.0,2.208,8.0,5,West,Corporate,Technology,Accessories,Standard Class,May,Wednesday,3.353406717825807,0,5,3,0.872,1
38.98,3,0.6,-50.6688,-129.98665982555158,7,Central,Consumer,Furniture,Furnishings,Standard Class,December,Monday,3.6883793290722537,1,12,1,0.8065522620904836,0
20.44,7,0.0,9.198,45.0,6,Central,Home Office,Office Supplies,Fasteners,Standard Class,July,Thursday,3.0652583362026014,0,7,4,0.9019607843137255,1
109.92,2,0.0,53.8608,49.0,6,Central,Home Office,Office Supplies,Paper,Standard Class,July,Thursday,4.708809220747577,0,7,4,1.0,1
6.38,1,0.0,2.9348,46.0,6,Central,Consumer,Office Supplies,Binders,Standard Class,September,Saturday,1.998773638612381,0,9,6,0.6011730205278593,1
6.48,1,0.0,3.1104,47.99999999999999,6,Central,Consumer,Office Supplies,Paper,Standard Class,September,Saturday,2.012232791986386,0,9,6,1.0,1
15.84,3,0.0,7.128,45.0,6,South,Consumer,Office Supplies,Paper,Standard Class,April,Wednesday,2.8237570088141806,0,4,3,1.0,1
1049.93,7,0.0,293.9804,27.999999999999996,6,South,Consumer,Technology,Phones,Standard Class,April,Wednesday,6.957430765423843,0,4,3,0.8521008403361344,1
154.9,5,0.0,40.274,26.0,6,South,Consumer,Office Supplies,Appliances,Standard Class,April,Wednesday,5.049214776063731,0,4,3,0.867109634551495,1
98.35,3,0.2,35.6526,36.25073716319268,0,West,Consumer,Office Supplies,Binders,Same Day,November,Thursday,4.598648968997826,0,11,4,0.6011730205278593,1
14.32,5,0.2,5.191,36.25,0,South,Consumer,Office Supplies,Fasteners,Same Day,July,Monday,2.729159164312445,0,7,1,0.9019607843137255,1
129.89,6,0.2,12.9888,9.999846023558396,0,South,Consumer,Furniture,Furnishings,Same Day,July,Monday,4.874357275803628,0,7,1,0.8065522620904836,1
48.94,7,0.2,16.5186,33.75275847977115,0,South,Consumer,Office Supplies,Envelopes,Same Day,July,Monday,3.910822284851627,0,7,1,1.0,1
275.06,3,0.3,-90.3762,-32.85690394822948,5,Central,Home Office,Furniture,Chairs,Standard Class,December,Saturday,5.620618233395432,1,12,6,0.6042154566744731,0
27.36,9,0.0,9.3024,34.0,6,East,Corporate,Office Supplies,Art,Standard Class,December,Thursday,3.344979701663927,0,12,4,1.0,1
44.75,5,0.0,20.585,46.0,6,East,Corporate,Office Supplies,Paper,Standard Class,December,Thursday,3.82319179172153,0,12,4,1.0,1
134.99,1,0.0,36.4473,26.999999999999996,6,East,Corporate,Technology,Phones,Standard Class,December,Thursday,4.912581353620868,0,12,4,0.8521008403361344,1
26.4,5,0.0,12.672,48.00000000000001,6,East,Corporate,Office Supplies,Paper,Standard Class,December,Thursday,3.3105430133940246,0,12,4,1.0,1
542.94,3,0.0,141.1644,25.999999999999996,6,East,Corporate,Furniture,Chairs,Standard Class,December,Thursday,6.298838946655453,0,12,4,0.6042154566744731,1
71.09,2,0.2,-1.7772,-2.4999296666197774,2,West,Consumer,Furniture,Tables,Second Class,May,Thursday,4.277915338416487,0,5,4,0.3627906976744186,0
11.84,1,0.2,4.44,37.50000000000001,0,Central,Consumer,Office Supplies,Labels,Same Day,November,Saturday,2.552565298261815,0,11,6,1.0,1
40.75,3,0.2,15.282,37.50184049079755,2,East,Home Office,Office Supplies,Envelopes,First Class,November,Thursday,3.7316994512968646,0,11,4,1.0,1
139.96,5,0.2,-22.7435,-16.25,2,East,Home Office,Technology,Accessories,First Class,November,Thursday,4.94847616218787,0,11,4,0.872,0
2.62,1,0.2,0.2952,11.267175572519083,7,East,Consumer,Office Supplies,Art,Standard Class,December,Sunday,1.2864740258376797,0,12,7,1.0,1
136.53,1,0.4,-52.3365,-38.333333333333336,7,East,Consumer,Furniture,Tables,Standard Class,December,Sunday,4.9238420751266165,1,12,7,0.3627906976744186,0
263.96,1,0.2,42.8935,16.250000000000004,7,East,Consumer,Technology,Accessories,Standard Class,December,Sunday,5.579578871196895,0,12,7,0.872,1
11.64,3,0.0,3.3756,28.999999999999996,5,East,Consumer,Office Supplies,Supplies,Standard Class,November,Monday,2.5368663887187113,0,11,1,0.816793893129771,1
79.44,3,0.0,30.1872,38.0,7,East,Consumer,Furniture,Furnishings,Standard Class,May,Friday,4.387511564904451,0,5,5,0.8065522620904836,1
357.93,3,0.0,7.1586,2.0,7,East,Consumer,Office Supplies,Supplies,Standard Class,May,Friday,5.8831273834035995,0,5,5,0.816793893129771,1
127.76,2,0.1,21.294,16.667188478396994,7,East,Consumer,Furniture,Chairs,Standard Class,May,Friday,4.8579502064306075,0,5,5,0.6042154566744731,1
2799.94,7,0.2,1014.9797,36.250051786824,7,East,Consumer,Technology,Copiers,Standard Class,May,Friday,7.937710354109578,0,5,5,1.0,1
19.44,3,0.0,9.3312,48.00000000000001,7,East,Consumer,Office Supplies,Paper,Standard Class,May,Friday,3.017493765335504,0,5,5,1.0,1
5.94,3,0.0,1.6038,26.999999999999996,4,East,Home Office,Technology,Phones,Standard Class,March,Saturday,1.937301774518713,0,3,6,0.8521008403361344,1
619.95,5,0.0,111.591,17.999999999999996,3,Central,Corporate,Technology,Accessories,Second Class,October,Friday,6.431250563394042,0,10,5,0.872,1
29.16,3,0.0,8.4564,29.000000000000004,3,Central,Corporate,Technology,Phones,Second Class,October,Friday,3.4065165431397553,0,10,5,0.8521008403361344,1
57.96,7,0.0,27.2412,47.0,3,Central,Corporate,Office Supplies,Envelopes,Second Class,October,Friday,4.076859247881081,0,10,5,1.0,1
29.4,3,0.1,5.2272,17.779591836734696,3,Central,Corporate,Office Supplies,Appliances,Second Class,October,Friday,3.414442608412176,0,10,5,0.867109634551495,1
8.72,5,0.2,2.289,26.25,3,West,Corporate,Office Supplies,Fasteners,First Class,November,Saturday,2.2741856184723477,0,11,6,0.9019607843137255,1
91.18,3,0.2,4.5588,4.999780653652116,3,West,Corporate,Technology,Accessories,First Class,November,Saturday,4.523743187292363,0,11,6,0.872,1
159.97,4,0.2,29.994,18.749765581046447,3,West,Corporate,Technology,Accessories,First Class,November,Saturday,5.081218012218138,0,11,6,0.872,1
12.96,2,0.0,6.2208,47.99999999999999,4,West,Corporate,Office Supplies,Paper,Standard Class,September,Monday,2.6361960973342264,0,9,1,1.0,1
331.54,3,0.2,-82.884,-24.99969837726971,5,Central,Corporate,Office Supplies,Storage,Standard Class,September,Monday,5.806760153612234,0,9,1,0.7795698924731183,0
899.91,9,0.0,395.9604,44.0,2,East,Corporate,Technology,Accessories,First Class,September,Friday,6.803405363606889,0,9,5,0.872,1
946.34,7,0.2,118.293,12.500052835133252,4,Central,Corporate,Technology,Phones,Standard Class,May,Monday,6.853658057261852,0,5,1,0.8521008403361344,1
13.92,3,0.2,4.872,35.0,4,East,Consumer,Office Supplies,Binders,Standard Class,June,Sunday,2.702702594775615,0,6,7,0.6011730205278593,1
19.36,2,0.0,9.2928,48.0,5,West,Consumer,Office Supplies,Paper,Standard Class,January,Monday,3.013572191682322,0,1,1,1.0,1
19.3,2,0.0,5.79,30.0,5,West,Consumer,Furniture,Furnishings,Standard Class,January,Monday,3.0106208860477417,0,1,1,0.8065522620904836,1
38.38,3,0.2,13.4316,34.99635226680562,6,West,Consumer,Office Supplies,Binders,Standard Class,December,Saturday,3.6732580732109796,0,12,6,0.6011730205278593,1
249.58,2,0.2,31.198,12.50020033656543,4,South,Consumer,Technology,Phones,Standard Class,December,Thursday,5.523778230817407,0,12,4,0.8521008403361344,1
68.11,3,0.2,17.8794,26.250770811921893,4,South,Consumer,Technology,Accessories,Standard Class,December,Thursday,4.235699438103303,0,12,4,0.872,1
16.56,3,0.2,-2.484,-15.000000000000002,4,South,Consumer,Technology,Accessories,Standard Class,December,Thursday,2.8656235882069705,0,12,4,0.872,0
355.46,3,0.5,-184.8366,-51.99926855342374,6,Central,Consumer,Furniture,Tables,Standard Class,May,Friday,5.876222031595705,1,5,5,0.3627906976744186,0
44.4,3,0.0,22.2,50.0,6,West,Consumer,Office Supplies,Labels,Standard Class,January,Friday,3.8155121050473024,0,1,5,1.0,1
20.65,5,0.0,9.499,46.00000000000001,6,West,Consumer,Office Supplies,Labels,Standard Class,January,Friday,3.075005454448499,0,1,5,1.0,1
866.4,4,0.0,225.264,26.0,7,South,Consumer,Furniture,Chairs,Standard Class,February,Wednesday,6.7655002314012656,0,2,3,0.6042154566744731,1
5.56,2,0.0,1.4456,26.0,5,South,Consumer,Office Supplies,Art,Second Class,March,Sunday,1.8809906029559975,0,3,7,1.0,1
3.16,4,0.8,-8.532,-270.0,4,Central,Consumer,Office Supplies,Appliances,Standard Class,October,Tuesday,1.425515074273172,1,10,2,0.867109634551495,0
1999.96,5,0.2,624.9875,31.249999999999993,4,Central,Consumer,Technology,Copiers,Standard Class,October,Tuesday,7.6013823443789335,0,10,2,1.0,1
46.15,3,0.2,12.1149,26.251137594799566,5,South,Consumer,Furniture,Furnishings,Standard Class,August,Tuesday,3.8533340090794663,0,8,2,0.8065522620904836,1
32.99,3,0.5,-1.9791,-5.99909063352531,1,South,Consumer,Technology,Machines,First Class,November,Sunday,3.5260663637080247,1,11,7,0.5975609756097561,0
481.32,4,0.0,125.1432,26.0,0,West,Home Office,Office Supplies,Storage,Same Day,December,Friday,6.17860779418115,0,12,5,0.7795698924731183,1
6.38,1,0.2,2.1546,33.771159874608145,0,West,Home Office,Office Supplies,Binders,Same Day,December,Friday,1.998773638612381,0,12,5,0.6011730205278593,1
1448.82,10,0.1,209.274,14.444444444444446,2,East,Corporate,Furniture,Chairs,First Class,November,Tuesday,7.279194689777835,0,11,2,0.6042154566744731,1
353.88,6,0.0,17.694,5.0,2,West,Consumer,Office Supplies,Storage,Second Class,September,Thursday,5.871779704162003,0,9,4,0.7795698924731183,1
333.58,3,0.2,25.0182,7.499910066550752,6,West,Consumer,Technology,Phones,Standard Class,November,Saturday,5.812876013903135,0,11,6,0.8521008403361344,1
60.14,6,0.2,20.2986,33.75224476222149,7,Central,Home Office,Office Supplies,Labels,Standard Class,October,Saturday,4.113166316462689,0,10,6,1.0,1
3.15,1,0.0,1.512,48.00000000000001,4,East,Consumer,Office Supplies,Labels,Standard Class,February,Wednesday,1.423108334242607,0,2,3,1.0,1
22.72,4,0.0,10.224,45.0,4,East,Consumer,Office Supplies,Paper,Standard Class,February,Wednesday,3.1663185741295248,0,2,3,1.0,1
14.91,3,0.0,4.6221,31.0,4,West,Corporate,Furniture,Furnishings,Standard Class,September,Thursday,2.7669478423496954,0,9,4,0.8065522620904836,1
1158.12,4,0.0,335.8548,29.000000000000004,4,West,Corporate,Office Supplies,Appliances,Standard Class,September,Thursday,7.055416375512467,0,9,4,0.867109634551495,1
599.99,1,0.0,233.9961,39.0,5,Central,Corporate,Technology,Copiers,Standard Class,November,Thursday,6.398578295461671,0,11,4,1.0,1
23.97,2,0.2,2.3968,9.999165623696287,6,Central,Consumer,Office Supplies,Storage,Standard Class,August,Wednesday,3.217675104291682,0,8,3,0.7795698924731183,1
638.29,7,0.2,-31.9144,-4.999984333140109,4,West,Consumer,Furniture,Chairs,Standard Class,April,Tuesday,6.460358185541786,0,4,2,0.6042154566744731,0
13.21,1,0.2,4.6228,34.99470098410295,4,West,Consumer,Office Supplies,Binders,Standard Class,April,Tuesday,2.6539459421090092,0,4,2,0.6011730205278593,1
15.53,3,0.2,5.823,37.49517063747586,4,East,Consumer,Office Supplies,Binders,Standard Class,December,Sunday,2.805176911832933,0,12,7,0.6011730205278593,1
104.85,1,0.0,50.328,48.00000000000001,5,West,Consumer,Office Supplies,Paper,Standard Class,December,Sunday,4.662022997580874,0,12,7,1.0,1
30.48,3,0.0,7.9248,26.0,7,West,Consumer,Office Supplies,Art,Standard Class,November,Tuesday,3.4493524235492026,0,11,2,1.0,1
112.65,1,0.2,11.2648,9.99982245894363,7,West,Consumer,Furniture,Chairs,Standard Class,November,Tuesday,4.7331235502985525,0,11,2,0.6042154566744731,1
71.98,3,0.2,24.2919,33.748124479021946,7,West,Consumer,Technology,Machines,Standard Class,April,Thursday,4.290185431008302,0,4,4,0.5975609756097561,1
2.21,1,0.0,0.5967,27.0,4,West,Consumer,Office Supplies,Art,Second Class,December,Saturday,1.1662709371419244,0,12,6,1.0,1
15.52,4,0.0,7.4496,48.00000000000001,4,West,Consumer,Office Supplies,Envelopes,Second Class,December,Saturday,2.804571768092832,0,12,6,1.0,1
36.44,4,0.0,16.398,45.0,4,West,Consumer,Office Supplies,Paper,Second Class,December,Saturday,3.622739651609391,0,12,6,1.0,1
1395.54,9,0.0,362.8404,26.0,4,East,Consumer,Office Supplies,Storage,Second Class,September,Monday,7.241753028011189,0,9,1,0.7795698924731183,1
117.36,4,0.0,36.3816,31.0,4,East,Consumer,Furniture,Furnishings,Second Class,September,Monday,4.773730827532009,0,9,1,0.8065522620904836,1
18.9,3,0.0,8.694,46.00000000000001,4,East,Consumer,Office Supplies,Labels,Second Class,September,Monday,2.990719731730447,0,9,1,1.0,1
77.52,2,0.0,37.9848,49.00000000000001,4,East,Consumer,Office Supplies,Paper,Second Class,September,Monday,4.3633533694082605,0,9,1,1.0,1
421.37,2,0.3,-6.0196,-1.4285782091748345,5,Central,Consumer,Furniture,Chairs,Second Class,August,Wednesday,6.045881707142546,1,8,3,0.6042154566744731,0
575.97,4,0.2,43.1976,7.499973956976926,3,Central,Consumer,Technology,Phones,First Class,July,Friday,6.357790272088822,0,7,5,0.8521008403361344,1
10.37,2,0.2,3.6288,34.993249758919966,3,Central,Consumer,Office Supplies,Paper,First Class,July,Friday,2.4309783077624445,0,7,5,1.0,1
15.98,2,0.2,1.1988,7.501877346683354,2,West,Consumer,Technology,Phones,First Class,March,Sunday,2.8320361808832013,0,3,7,0.8521008403361344,1
12.19,3,0.2,4.1148,33.755537325676784,3,South,Consumer,Office Supplies,Paper,Second Class,September,Sunday,2.579458966729223,0,9,7,1.0,1
87.17,2,0.2,8.7168,9.999770563267179,3,South,Consumer,Office Supplies,Appliances,Second Class,September,Sunday,4.479266769098936,0,9,7,0.867109634551495,1
31.74,2,0.2,8.3328,26.25330812854443,3,South,Consumer,Office Supplies,Art,Second Class,September,Sunday,3.4885975719429885,0,9,7,1.0,1
132.22,4,0.2,-18.1808,-13.750415973377706,5,South,Corporate,Furniture,Furnishings,Standard Class,February,Saturday,4.892001896985033,0,2,6,0.8065522620904836,0
105.52,4,0.0,48.5392,46.0,4,West,Corporate,Office Supplies,Paper,Standard Class,March,Sunday,4.668332760945732,0,3,7,1.0,1
91.96,2,0.0,15.6332,17.0,4,West,Corporate,Furniture,Furnishings,Standard Class,March,Sunday,4.532169293103601,0,3,7,0.8065522620904836,1
1487.98,3,0.2,185.997,12.499966397397817,4,West,Corporate,Technology,Phones,Standard Class,March,Sunday,7.305846600760356,0,3,7,0.8521008403361344,1
19.44,3,0.0,9.3312,48.00000000000001,1,East,Home Office,Office Supplies,Paper,First Class,July,Thursday,3.017493765335504,0,7,4,1.0,1
11.67,1,0.2,-0.7295,-6.251071122536418,2,South,Consumer,Technology,Accessories,First Class,June,Monday,2.5392369943330477,0,6,1,0.872,0
279.96,4,0.0,78.3888,28.000000000000004,0,East,Consumer,Technology,Phones,Same Day,November,Wednesday,5.638212310446752,0,11,3,0.8521008403361344,1
12.91,3,0.2,4.6806,36.2556158017041,0,East,Consumer,Office Supplies,Binders,Same Day,November,Wednesday,2.6326080059353516,0,11,3,0.6011730205278593,1
17.09,4,0.2,5.7672,33.74605032182563,0,East,Consumer,Office Supplies,Binders,Same Day,November,Wednesday,2.895359299407204,0,11,3,0.6011730205278593,1
93.15,9,0.0,44.712,48.0,0,East,Consumer,Office Supplies,Labels,Same Day,November,Wednesday,4.544889255103161,0,11,3,1.0,1
11.52,4,0.0,5.6448,49.00000000000001,0,East,Consumer,Office Supplies,Labels,Same Day,November,Wednesday,2.5273273656719524,0,11,3,1.0,1
26.14,3,0.2,1.9602,7.49885233358837,0,East,Consumer,Office Supplies,Appliances,Same Day,May,Friday,3.301008654406723,0,5,5,0.867109634551495,1
581.96,2,0.0,104.7528,17.999999999999996,4,Central,Consumer,Furniture,Tables,Standard Class,December,Saturday,6.368118573362027,0,12,6,0.3627906976744186,1
29.98,1,0.0,8.0946,26.999999999999996,4,Central,Consumer,Furniture,Chairs,Standard Class,December,Saturday,3.4333418349887226,0,12,6,0.6042154566744731,1
519.96,4,0.0,176.7864,34.0,4,West,Consumer,Technology,Accessories,Standard Class,July,Saturday,6.2556732633741206,0,7,6,0.872,1
6.26,3,0.2,2.0358,32.52076677316294,5,South,Consumer,Office Supplies,Labels,Standard Class,July,Thursday,1.9823798288367047,0,7,4,1.0,1
363.92,5,0.2,0.0,0.0,5,South,Consumer,Furniture,Chairs,Standard Class,July,Thursday,5.899678151477274,0,7,4,0.6042154566744731,0
64.2,5,0.7,-42.8,-66.66666666666666,7,South,Consumer,Office Supplies,Binders,Standard Class,June,Tuesday,4.177459468932607,1,6,2,0.6011730205278593,0
38.52,3,0.7,-26.964,-70.0,7,South,Consumer,Office Supplies,Binders,Standard Class,June,Tuesday,3.6768068728796672,1,6,2,0.6011730205278593,0
72.6,5,0.2,-8.1675,-11.250000000000002,7,South,Consumer,Technology,Accessories,Standard Class,June,Tuesday,4.298645025734831,0,6,2,0.872,0
83.7,5,0.0,3.348,3.9999999999999996,7,West,Consumer,Office Supplies,Storage,Standard Class,March,Friday,4.439115601658009,0,3,5,0.7795698924731183,1
32.4,5,0.0,15.552,48.0,4,South,Home Office,Office Supplies,Paper,Second Class,September,Tuesday,3.5085558999826545,0,9,2,1.0,1
47.98,2,0.0,11.0354,23.0,4,South,Home Office,Furniture,Furnishings,Second Class,September,Tuesday,3.891412051524022,0,9,2,0.8065522620904836,1
415.97,4,0.2,51.996,12.499939899511983,4,West,Consumer,Technology,Phones,Standard Class,November,Tuesday,6.033014276764776,0,11,2,0.8521008403361344,1
304.9,5,0.0,6.098,2.0,4,West,Consumer,Office Supplies,Storage,Standard Class,November,Tuesday,5.7232582511568575,0,11,2,0.7795698924731183,1
80.96,4,0.0,29.1456,36.00000000000001,4,West,Consumer,Furniture,Furnishings,Standard Class,November,Tuesday,4.406231323370699,0,11,2,0.8065522620904836,1
777.21,7,0.0,54.4047,6.999999999999999,4,West,Consumer,Office Supplies,Storage,Standard Class,November,Tuesday,6.656996410634942,0,11,2,0.7795698924731183,1
32.4,5,0.0,15.552,48.0,4,West,Consumer,Office Supplies,Paper,Standard Class,November,Tuesday,3.5085558999826545,0,11,2,1.0,1
225.57,2,0.2,2.8196,1.2499889169659086,4,West,Consumer,Furniture,Chairs,Standard Class,November,Tuesday,5.423053947949363,0,11,2,0.6042154566744731,1
36.6,3,0.0,15.372,42.0,4,West,Consumer,Furniture,Furnishings,Standard Class,November,Tuesday,3.6270040503958487,0,11,2,0.8065522620904836,1
715.64,2,0.0,178.91,25.0,4,Central,Home Office,Office Supplies,Appliances,Standard Class,November,Tuesday,6.57457362245899,0,11,2,0.867109634551495,1
795.51,3,0.0,143.1918,18.0,4,Central,Home Office,Office Supplies,Storage,Standard Class,November,Tuesday,6.6802396841991,0,11,2,0.7795698924731183,1
549.99,1,0.0,274.995,50.0,4,Central,Home Office,Technology,Copiers,Standard Class,November,Tuesday,6.311716660167896,0,11,2,1.0,1
74.76,3,0.0,34.3896,46.0,4,Central,Home Office,Office Supplies,Binders,Standard Class,November,Tuesday,4.327570448877823,0,11,2,0.6011730205278593,1
29.22,3,0.0,12.8568,44.0,4,Central,Home Office,Furniture,Furnishings,Standard Class,November,Tuesday,3.4085039568445934,0,11,2,0.8065522620904836,1
9.64,2,0.0,4.7236,49.0,4,South,Home Office,Office Supplies,Binders,Standard Class,September,Wednesday,2.3646204839134985,0,9,3,0.6011730205278593,1
33.49,7,0.2,-1.2558,-3.749776052553001,6,Central,Corporate,Office Supplies,Storage,Standard Class,August,Wednesday,3.5406694269487495,0,8,3,0.7795698924731183,0
23.04,3,0.2,-4.896,-21.25,6,Central,Corporate,Office Supplies,Supplies,Standard Class,August,Wednesday,3.179719109667007,0,8,3,0.816793893129771,0
1.36,1,0.8,-2.1792,-160.23529411764704,6,Central,Corporate,Office Supplies,Binders,Standard Class,August,Wednesday,0.8586616190375187,1,8,3,0.6011730205278593,0
14.76,5,0.6,-11.439,-77.5,6,Central,Corporate,Furniture,Furnishings,Standard Class,August,Wednesday,2.757475084429733,1,8,3,0.8065522620904836,0
301.96,2,0.0,45.294,15.0,7,South,Consumer,Furniture,Tables,Standard Class,November,Sunday,5.713600783593539,0,11,7,0.3627906976744186,1
7.97,2,0.2,2.8884,36.24090338770389,5,East,Home Office,Office Supplies,Paper,Second Class,April,Wednesday,2.1938856760707046,0,4,3,1.0,1
109.92,2,0.0,53.8608,49.0,3,South,Consumer,Office Supplies,Paper,Second Class,May,Sunday,4.708809220747577,0,5,7,1.0,1
19.44,3,0.0,9.3312,48.00000000000001,3,South,Consumer,Office Supplies,Paper,Second Class,May,Sunday,3.017493765335504,0,5,7,1.0,1
11.16,2,0.0,4.3524,39.0,3,South,Consumer,Office Supplies,Art,Second Class,May,Sunday,2.498151876538021,0,5,7,1.0,1
79.47,3,0.0,22.2516,28.000000000000004,2,East,Corporate,Office Supplies,Appliances,Second Class,August,Tuesday,4.387884444158042,0,8,2,0.867109634551495,1
4.56,2,0.0,2.0064,44.00000000000001,2,East,Corporate,Office Supplies,Art,Second Class,August,Tuesday,1.715598108262491,0,8,2,1.0,1
1133.35,5,0.0,294.671,26.0,2,East,Corporate,Furniture,Chairs,Second Class,August,Tuesday,7.03381507864287,0,8,2,0.6042154566744731,1
4.67,1,0.2,0.584,12.505353319057816,4,East,Corporate,Office Supplies,Art,Standard Class,January,Monday,1.7351891177396608,0,1,1,1.0,1
104.58,6,0.7,-80.178,-76.66666666666666,4,East,Corporate,Office Supplies,Binders,Standard Class,January,Monday,4.65946895939547,1,1,1,0.6011730205278593,0
1603.14,4,0.2,100.196,6.2499844056040015,5,West,Home Office,Furniture,Chairs,Standard Class,November,Monday,7.380343066413137,0,11,1,0.6042154566744731,1
1293.49,7,0.2,80.843,6.249990336222159,0,West,Corporate,Furniture,Tables,Same Day,June,Tuesday,7.165872074171411,0,6,2,0.3627906976744186,1
127.95,3,0.0,21.7515,17.0,4,Central,Consumer,Furniture,Furnishings,Standard Class,September,Saturday,4.859424732327354,0,9,6,0.8065522620904836,1
11.74,3,0.2,1.0269,8.74701873935264,2,East,Home Office,Office Supplies,Art,First Class,April,Tuesday,2.5447466501440172,0,4,2,1.0,1
447.86,7,0.0,219.4514,49.0,5,East,Home Office,Office Supplies,Binders,Standard Class,May,Wednesday,6.106711035112369,0,5,3,0.6011730205278593,1
17.94,3,0.0,8.7906,48.99999999999999,5,East,Home Office,Office Supplies,Paper,Standard Class,May,Wednesday,2.9412760877579323,0,5,3,1.0,1
245.88,6,0.0,68.8464,28.000000000000004,5,East,Home Office,Office Supplies,Appliances,Standard Class,May,Wednesday,5.5089023886148505,0,5,3,0.867109634551495,1
192.16,4,0.0,92.2368,48.00000000000001,6,East,Consumer,Office Supplies,Paper,Standard Class,September,Monday,5.263518861005341,0,9,1,1.0,1
801.57,2,0.2,50.098,6.2499844056040015,4,West,Corporate,Furniture,Chairs,Standard Class,September,Sunday,6.687819078614411,0,9,7,0.6042154566744731,1
368.91,9,0.0,180.7659,48.99999999999999,4,West,Corporate,Office Supplies,Paper,Standard Class,September,Sunday,5.9132597328065915,0,9,7,1.0,1
885.53,9,0.2,-99.6219,-11.249974591487584,4,West,Corporate,Furniture,Chairs,Standard Class,September,Sunday,6.787314965889217,0,9,7,0.6042154566744731,0
28.28,2,0.0,7.3528,26.0,2,West,Corporate,Furniture,Furnishings,Second Class,March,Sunday,3.3769046890931107,0,3,7,0.8065522620904836,1
4912.59,3,0.0,196.5036,4.0,2,West,Corporate,Office Supplies,Supplies,Second Class,March,Sunday,8.49976011451679,0,3,7,0.816793893129771,1
14.35,3,0.2,5.0232,35.00487804878049,1,West,Consumer,Office Supplies,Binders,Same Day,October,Thursday,2.731115474033206,0,10,4,0.6011730205278593,1
179.97,3,0.0,86.3856,48.0,1,West,Consumer,Technology,Accessories,Same Day,October,Thursday,5.19833127167211,0,10,4,0.872,1
45.68,2,0.0,21.0128,46.0,5,South,Consumer,Office Supplies,Paper,Standard Class,May,Thursday,3.8433158074183553,0,5,4,1.0,1
25.06,2,0.0,11.7782,47.0,3,East,Consumer,Office Supplies,Binders,First Class,April,Thursday,3.260401571696699,0,4,4,0.6011730205278593,1
38.43,1,0.2,13.4512,35.001821493624774,5,Central,Consumer,Office Supplies,Paper,Standard Class,November,Monday,3.674526947889536,0,11,1,1.0,1
21.57,2,0.2,1.6176,7.4993045897079265,5,Central,Consumer,Office Supplies,Storage,Standard Class,November,Monday,3.1166215908294443,0,11,1,0.7795698924731183,1
81.58,3,0.2,2.0394,2.499877420936504,5,Central,Consumer,Technology,Accessories,Standard Class,November,Monday,4.413767520457944,0,11,1,0.872,1
44.4,3,0.0,22.2,50.0,7,West,Home Office,Office Supplies,Labels,Standard Class,November,Saturday,3.8155121050473024,0,11,6,1.0,1
21.4,5,0.0,9.63,45.00000000000001,7,West,Home Office,Office Supplies,Paper,Standard Class,November,Saturday,3.109060958860994,0,11,6,1.0,1
71.12,4,0.0,22.0472,31.0,6,Central,Consumer,Furniture,Furnishings,Standard Class,April,Sunday,4.2783313983351166,0,4,7,0.8065522620904836,1
259.96,4,0.0,124.7808,48.00000000000001,6,Central,Consumer,Technology,Phones,Standard Class,April,Sunday,5.564367138872703,0,4,7,0.8521008403361344,1
24.19,9,0.2,7.56,31.252583712277797,4,West,Home Office,Office Supplies,Binders,Standard Class,November,Friday,3.226447090364519,0,11,5,0.6011730205278593,1
31.56,3,0.0,10.4148,33.0,5,East,Corporate,Furniture,Furnishings,Standard Class,November,Sunday,3.4830845411343394,0,11,7,0.8065522620904836,1
24.7,2,0.2,9.264,37.506072874493924,5,West,Corporate,Office Supplies,Binders,Standard Class,December,Friday,3.246490991901174,0,12,5,0.6011730205278593,1
59.7,3,0.0,26.865,44.99999999999999,5,West,Corporate,Office Supplies,Appliances,Standard Class,December,Friday,4.1059436980654525,0,12,5,0.867109634551495,1
14.52,3,0.0,5.6628,39.0,5,West,Corporate,Furniture,Furnishings,Standard Class,December,Friday,2.7421295147550726,0,12,5,0.8065522620904836,1
104.18,3,0.2,33.8598,32.50124784027644,5,West,Corporate,Office Supplies,Binders,Standard Class,December,Friday,4.655673168161198,0,12,5,0.6011730205278593,1
46.53,3,0.0,13.0284,27.999999999999996,5,West,Home Office,Office Supplies,Storage,Standard Class,December,Saturday,3.861361090625918,0,12,6,0.7795698924731183,1
25.5,3,0.0,6.63,26.0,2,South,Corporate,Office Supplies,Supplies,Second Class,August,Sunday,3.2771447329921766,0,8,7,0.816793893129771,1
14.9,5,0.0,1.043,6.999999999999999,6,East,Consumer,Office Supplies,Storage,Standard Class,September,Thursday,2.766319109226186,0,9,4,0.7795698924731183,1
87.71,7,0.0,41.2237,47.0,6,East,Consumer,Office Supplies,Labels,Standard Class,September,Thursday,4.485372622532496,0,9,4,1.0,1
199.76,2,0.1,8.8784,4.444533440128154,6,East,Consumer,Furniture,Chairs,Standard Class,September,Thursday,5.302110164786733,0,9,4,0.6042154566744731,1
94.6,4,0.0,27.434,29.000000000000004,6,East,Consumer,Office Supplies,Storage,Standard Class,September,Thursday,4.560172820057356,0,9,4,0.7795698924731183,1
4228.7,6,0.2,158.5764,3.750003547189444,6,East,Consumer,Furniture,Bookcases,Standard Class,September,Thursday,8.349886347539424,0,9,4,0.5263157894736842,1
2003.92,5,0.2,-25.049,-1.25,6,East,Consumer,Furniture,Bookcases,Standard Class,September,Thursday,7.603359438695257,0,9,4,0.5263157894736842,0
209.97,3,0.0,58.7916,28.000000000000004,6,East,Consumer,Technology,Phones,Standard Class,September,Thursday,5.3517159432727315,0,9,4,0.8521008403361344,1
659.9,2,0.0,217.767,33.0,6,East,Consumer,Technology,Accessories,Standard Class,September,Thursday,6.493602542476407,0,9,4,0.872,1
110.96,2,0.0,53.2608,48.00000000000001,6,East,Consumer,Office Supplies,Paper,Standard Class,September,Thursday,4.718141664647253,0,9,4,1.0,1
67.8,4,0.0,1.356,2.0000000000000004,6,East,Consumer,Technology,Phones,Standard Class,September,Thursday,4.231203744939298,0,9,4,0.8521008403361344,1
313.18,2,0.4,-120.0508,-38.33284373203908,4,East,Corporate,Furniture,Tables,Second Class,November,Saturday,5.749966070071793,1,11,6,0.3627906976744186,0
1215.92,8,0.0,316.1392,26.0,4,South,Corporate,Furniture,Tables,Standard Class,April,Tuesday,7.104078355411906,0,4,2,0.3627906976744186,1
7.31,1,0.0,3.4357,47.0,4,South,Corporate,Office Supplies,Labels,Standard Class,October,Saturday,2.1174596088673567,0,10,6,1.0,1
8.92,4,0.0,3.9248,44.0,4,South,Corporate,Furniture,Furnishings,Standard Class,October,Saturday,2.2945529212967815,0,10,6,0.8065522620904836,1
25.4,5,0.0,8.636,34.0,0,West,Home Office,Furniture,Furnishings,Same Day,July,Monday,3.2733640101522705,0,7,1,0.8065522620904836,1
177.48,3,0.2,19.9665,11.25,0,West,Home Office,Technology,Phones,Same Day,July,Monday,5.184476550124277,0,7,1,0.8521008403361344,1
71.98,3,0.2,8.997,12.49930536260072,0,West,Home Office,Technology,Phones,Same Day,July,Monday,4.290185431008302,0,7,1,0.8521008403361344,1
211.17,4,0.2,18.4772,8.749917128379979,7,West,Consumer,Technology,Phones,Standard Class,August,Saturday,5.357387840125025,0,8,6,0.8521008403361344,1
6.28,1,0.0,2.6376,42.0,4,West,Corporate,Furniture,Furnishings,Standard Class,August,Monday,1.9851308622085946,0,8,1,0.8065522620904836,1
95.1,5,0.0,30.432,32.0,4,West,Corporate,Technology,Accessories,Standard Class,August,Monday,4.565389315976247,0,8,1,0.872,1
25.92,4,0.0,12.4416,47.99999999999999,4,West,Corporate,Office Supplies,Paper,Standard Class,August,Monday,3.2928695047765273,0,8,1,1.0,1
48.84,4,0.0,13.1868,26.999999999999996,4,West,Corporate,Office Supplies,Storage,Standard Class,August,Monday,3.908817874479198,0,8,1,0.7795698924731183,1
25.9,5,0.0,12.691,49.00000000000001,4,Central,Home Office,Office Supplies,Binders,Second Class,September,Monday,3.292126286607793,0,9,1,0.6011730205278593,1
10.5,5,0.0,2.94,27.999999999999996,1,East,Corporate,Office Supplies,Art,First Class,March,Sunday,2.4423470353692043,0,3,7,1.0,1
23.97,2,0.2,7.7896,32.497288277012935,4,East,Corporate,Furniture,Furnishings,Second Class,November,Tuesday,3.217675104291682,0,11,2,0.8065522620904836,1
521.96,4,0.5,-250.5408,-47.99999999999999,4,East,Corporate,Furniture,Bookcases,Second Class,November,Tuesday,6.259504979304475,1,11,2,0.5263157894736842,0
676.55,5,0.0,6.7655,1.0000000000000002,3,West,Corporate,Office Supplies,Storage,Second Class,March,Saturday,6.518483350768723,0,3,6,0.7795698924731183,1
154.9,5,0.0,40.274,26.0,3,West,Corporate,Office Supplies,Appliances,Second Class,March,Saturday,5.049214776063731,0,3,6,0.867109634551495,1
30.56,4,0.0,14.9744,49.0,3,West,Corporate,Office Supplies,Envelopes,Second Class,March,Saturday,3.4518904959776733,0,3,6,1.0,1
770.35,3,0.2,77.0352,10.000025962224964,3,West,Corporate,Furniture,Chairs,Second Class,March,Saturday,6.648142226457948,0,3,6,0.6042154566744731,1
575.93,9,0.2,57.5928,9.999965273557551,2,West,Home Office,Technology,Phones,Second Class,November,Tuesday,6.357720941990865,0,11,2,0.8521008403361344,1
7.78,2,0.0,2.0228,26.0,2,West,Home Office,Office Supplies,Appliances,Second Class,November,Tuesday,2.1724764076470255,0,11,2,0.867109634551495,1
123.92,4,0.0,55.764,45.0,2,West,Home Office,Office Supplies,Paper,Second Class,November,Tuesday,4.827673532414877,0,11,2,1.0,1
81.98,2,0.0,40.1702,49.0,2,East,Home Office,Office Supplies,Paper,First Class,January,Friday,4.418599614904722,0,1,5,1.0,1
104.85,1,0.0,50.328,48.00000000000001,2,West,Consumer,Office Supplies,Paper,First Class,July,Sunday,4.662022997580874,0,7,7,1.0,1
8.7,2,0.2,3.1552,36.266666666666666,2,West,Consumer,Office Supplies,Binders,First Class,July,Sunday,2.272125885509337,0,7,7,0.6011730205278593,1
19.92,4,0.0,9.7608,48.99999999999999,2,West,Consumer,Office Supplies,Paper,First Class,July,Sunday,3.040705639196722,0,7,7,1.0,1
43.02,3,0.0,15.4872,36.0,2,West,Consumer,Furniture,Furnishings,First Class,July,Sunday,3.7846440760983158,0,7,7,0.8065522620904836,1
414.96,2,0.0,124.488,30.0,4,East,Home Office,Office Supplies,Appliances,Standard Class,December,Friday,6.030589101792032,0,12,5,0.867109634551495,1
387.72,5,0.2,-67.851,-17.5,5,South,Consumer,Office Supplies,Storage,Standard Class,October,Saturday,5.962859290097648,0,10,6,0.7795698924731183,0
429.9,5,0.0,111.774,26.0,6,Central,Home Office,Furniture,Tables,Standard Class,September,Sunday,6.065876044621792,0,9,7,0.3627906976744186,1
32.06,2,0.0,15.3888,48.0,6,Central,Home Office,Office Supplies,Binders,Standard Class,September,Sunday,3.498324092392878,0,9,7,0.6011730205278593,1
161.96,2,0.0,45.3488,27.999999999999996,6,Central,Home Office,Furniture,Chairs,Standard Class,September,Sunday,5.093504771918551,0,9,7,0.6042154566744731,1
19.86,2,0.0,5.7594,29.000000000000004,6,Central,Home Office,Office Supplies,Storage,Standard Class,September,Sunday,3.0378334495726262,0,9,7,0.7795698924731183,1
12.96,2,0.0,6.3504,48.99999999999999,7,East,Consumer,Office Supplies,Paper,Standard Class,November,Monday,2.6361960973342264,0,11,1,1.0,1
185.58,6,0.0,76.0878,41.0,6,South,Consumer,Furniture,Furnishings,Standard Class,July,Tuesday,5.228860101532815,0,7,2,0.8065522620904836,1
77.56,2,0.0,35.6776,46.0,6,South,Consumer,Office Supplies,Binders,Standard Class,July,Tuesday,4.36386266404621,0,7,2,0.6011730205278593,1
87.92,4,0.0,0.8792,1.0,6,South,Consumer,Office Supplies,Storage,Standard Class,July,Tuesday,4.487737089095996,0,7,2,0.7795698924731183,1
245.94,6,0.0,120.5106,49.0,6,South,Consumer,Office Supplies,Paper,Standard Class,July,Tuesday,5.509145392139597,0,7,2,1.0,1
8.6,1,0.0,4.042,47.0,6,South,Consumer,Office Supplies,Binders,Standard Class,July,Tuesday,2.2617630984737906,0,7,2,0.6011730205278593,1
504.9,5,0.0,126.225,25.0,6,South,Consumer,Furniture,Bookcases,Standard Class,July,Tuesday,6.22633902129789,0,7,2,0.5263157894736842,1
64.96,5,0.2,-4.06,-6.25,0,East,Corporate,Office Supplies,Storage,Same Day,December,Sunday,4.189048497691398,0,12,7,0.7795698924731183,0
13.52,2,0.2,1.69,12.5,0,East,Corporate,Office Supplies,Supplies,Same Day,December,Sunday,2.67552700939665,0,12,7,0.816793893129771,1
458.43,5,0.3,-137.529,-30.0,0,East,Corporate,Furniture,Chairs,Same Day,December,Sunday,6.129986590691446,1,12,7,0.6042154566744731,0
387.14,4,0.2,24.196,6.249935423877668,0,East,Corporate,Office Supplies,Appliances,Same Day,December,Sunday,5.961366099283949,0,12,7,0.867109634551495,1
328.59,3,0.4,-147.8655,-45.0,0,East,Corporate,Furniture,Tables,Same Day,December,Sunday,5.79784945776923,1,12,7,0.3627906976744186,0
338.35,3,0.2,4.2294,1.2500073887985812,4,West,Corporate,Furniture,Chairs,Standard Class,December,Wednesday,5.827032023149767,0,12,3,0.6042154566744731,1
25.92,4,0.0,12.4416,47.99999999999999,4,West,Corporate,Office Supplies,Paper,Standard Class,December,Wednesday,3.2928695047765273,0,12,3,1.0,1
91.36,4,0.0,42.0256,46.0,4,West,Corporate,Office Supplies,Paper,Standard Class,December,Wednesday,4.525693984486295,0,12,3,1.0,1
87.96,3,0.2,7.6965,8.75,4,West,Corporate,Furniture,Furnishings,Standard Class,December,Saturday,4.488186830502272,0,12,6,0.8065522620904836,1
5.21,2,0.7,-4.1712,-80.06142034548944,4,West,Corporate,Office Supplies,Binders,Standard Class,December,Saturday,1.8261608959453874,1,12,6,0.6011730205278593,0
109.76,2,0.1,8.5372,7.778061224489797,5,East,Consumer,Furniture,Chairs,Standard Class,November,Monday,4.707365698302761,0,11,1,0.6042154566744731,1
68.52,3,0.0,31.5192,46.0,4,West,Consumer,Office Supplies,Paper,Standard Class,December,Wednesday,4.241614480957137,0,12,3,1.0,1
74.94,3,0.0,14.2386,19.0,4,West,Consumer,Office Supplies,Storage,Standard Class,December,Wednesday,4.3299435548036564,0,12,3,0.7795698924731183,1
2548.56,6,0.2,286.713,11.250000000000002,4,West,Consumer,Technology,Machines,Standard Class,December,Wednesday,7.843676074244569,0,12,3,0.5975609756097561,1
271.44,3,0.0,122.148,45.0,4,West,Consumer,Office Supplies,Envelopes,Standard Class,December,Wednesday,5.607418406373117,0,12,3,1.0,1
287.88,3,0.2,35.985,12.5,4,West,Consumer,Technology,Phones,Standard Class,December,Wednesday,5.666011376969203,0,12,3,0.8521008403361344,1
14.9,5,0.0,7.152,48.0,1,West,Home Office,Office Supplies,Paper,First Class,March,Thursday,2.766319109226186,0,3,4,1.0,1
4158.91,8,0.2,363.9048,8.750004207833303,1,West,Home Office,Technology,Phones,First Class,March,Thursday,8.333248718405892,0,3,4,0.8521008403361344,1
91.96,2,0.0,15.6332,17.0,6,West,Corporate,Furniture,Furnishings,Standard Class,April,Sunday,4.532169293103601,0,4,7,0.8065522620904836,1
33.11,7,0.0,12.9129,39.0,6,West,Corporate,Furniture,Furnishings,Standard Class,April,Sunday,3.5295905964305545,0,4,7,0.8065522620904836,1
19.44,3,0.0,9.3312,48.00000000000001,6,West,Corporate,Office Supplies,Paper,Standard Class,April,Sunday,3.017493765335504,0,4,7,1.0,1
55.48,1,0.0,26.6304,48.00000000000001,6,West,Corporate,Office Supplies,Paper,Standard Class,April,Sunday,4.033886593184986,0,4,7,1.0,1
91.92,5,0.2,11.49,12.5,5,East,Consumer,Office Supplies,Appliances,Second Class,October,Sunday,4.531738907902208,0,10,7,0.867109634551495,1
17.34,2,0.0,4.6818,27.0,0,South,Consumer,Office Supplies,Appliances,Same Day,August,Saturday,2.9090844668283187,0,8,6,0.867109634551495,1
71.98,2,0.0,15.1158,21.0,0,South,Consumer,Technology,Accessories,Same Day,August,Saturday,4.290185431008302,0,8,6,0.872,1
7.08,3,0.2,2.478,35.0,4,Central,Consumer,Office Supplies,Envelopes,Standard Class,November,Monday,2.089391872533004,0,11,1,1.0,1
18.48,2,0.2,6.006,32.5,2,South,Consumer,Office Supplies,Art,First Class,November,Saturday,2.969388298214389,0,11,6,1.0,1
9.84,3,0.0,2.8536,29.000000000000004,1,West,Consumer,Office Supplies,Art,First Class,November,Monday,2.3832429960115,0,11,1,1.0,1
21.12,4,0.0,6.5472,31.0,7,East,Corporate,Furniture,Furnishings,Standard Class,December,Sunday,3.096482176654134,0,12,7,0.8065522620904836,1
15.24,3,0.0,5.1816,34.0,4,West,Home Office,Furniture,Furnishings,Standard Class,December,Monday,2.787477334733532,0,12,1,0.8065522620904836,1
19.57,2,0.8,-52.8336,-269.97240674501785,6,Central,Consumer,Office Supplies,Appliances,Standard Class,April,Sunday,3.0238337036648657,1,4,7,0.867109634551495,0
310.39,4,0.8,-512.1468,-165.00106317858177,6,Central,Consumer,Office Supplies,Binders,Standard Class,April,Sunday,5.7410461458463695,1,4,7,0.6011730205278593,0
42.6,3,0.0,16.614,39.0,4,South,Consumer,Furniture,Furnishings,Standard Class,September,Sunday,3.775057150354989,0,9,7,0.8065522620904836,1
113.94,6,0.0,54.6912,48.00000000000001,4,South,Consumer,Office Supplies,Binders,Standard Class,September,Sunday,4.744410253079596,0,9,7,0.6011730205278593,1
129.92,4,0.0,5.1968,4.0,4,South,Consumer,Office Supplies,Storage,Standard Class,September,Sunday,4.87458644963298,0,9,7,0.7795698924731183,1
5.28,3,0.0,2.5344,48.00000000000001,4,South,Consumer,Office Supplies,Art,Standard Class,September,Sunday,1.8373699804801074,0,9,7,1.0,1
14.37,2,0.2,3.9512,27.496172581767574,4,West,Consumer,Furniture,Furnishings,Standard Class,February,Thursday,2.7324175575505043,0,2,4,0.8065522620904836,1
238.15,3,0.2,89.307,37.500314927566656,5,West,Corporate,Furniture,Furnishings,Standard Class,September,Thursday,5.477090970126306,0,9,4,0.8065522620904836,1
692.94,3,0.0,173.235,25.0,7,Central,Home Office,Furniture,Tables,Standard Class,June,Thursday,6.542385501437915,0,6,4,0.3627906976744186,1
16.15,9,0.7,-12.9168,-79.98018575851394,4,South,Corporate,Office Supplies,Binders,Standard Class,November,Saturday,2.8419981736119486,1,11,6,0.6011730205278593,0
1345.49,5,0.7,-1031.5385,-76.66638176426433,4,South,Corporate,Office Supplies,Binders,Standard Class,November,Saturday,7.20525648556236,1,11,6,0.6011730205278593,0
173.49,7,0.2,54.215,31.249639748688686,3,Central,Consumer,Office Supplies,Paper,First Class,June,Wednesday,5.161867433410139,0,6,3,1.0,1
57.75,5,0.0,16.17,28.000000000000004,5,Central,Consumer,Office Supplies,Art,Standard Class,April,Saturday,4.073291153024268,0,4,6,1.0,1
272.4,5,0.0,76.272,28.000000000000004,5,Central,Consumer,Office Supplies,Appliances,Standard Class,April,Saturday,5.610935924289849,0,4,6,0.867109634551495,1
11.95,3,0.2,4.0338,33.75564853556486,3,East,Home Office,Office Supplies,Paper,Second Class,September,Friday,2.5610957881455465,0,9,5,1.0,1
28.0,4,0.2,7.7,27.500000000000004,3,East,Home Office,Furniture,Furnishings,Second Class,September,Friday,3.367295829986474,0,9,5,0.8065522620904836,1
12.2,7,0.7,-9.7608,-80.00655737704918,3,East,Home Office,Office Supplies,Binders,Second Class,September,Friday,2.580216829592325,1,9,5,0.6011730205278593,0
2.07,1,0.8,-3.4122,-164.84057971014494,2,Central,Consumer,Office Supplies,Binders,First Class,August,Thursday,1.1216775615991057,1,8,4,0.6011730205278593,0
83.84,8,0.2,30.392,36.25,2,Central,Consumer,Office Supplies,Paper,First Class,August,Thursday,4.440767129696482,0,8,4,1.0,1
11.36,2,0.0,5.3392,47.0,6,East,Home Office,Office Supplies,Envelopes,Standard Class,March,Sunday,2.514465452029545,0,3,7,1.0,1
36.4,5,0.0,17.472,48.00000000000001,6,East,Home Office,Office Supplies,Paper,Standard Class,March,Sunday,3.6216707044204863,0,3,7,1.0,1
27.97,2,0.2,6.992,24.998212370396857,4,East,Consumer,Technology,Accessories,Standard Class,December,Tuesday,3.366260811781259,0,12,2,0.872,1
142.04,4,0.0,38.3508,27.0,6,East,Home Office,Office Supplies,Storage,Standard Class,April,Friday,4.963124311425204,0,4,5,0.7795698924731183,1
14.67,3,0.0,6.0147,41.0,6,East,Home Office,Office Supplies,Art,Standard Class,April,Friday,2.7517480563679295,0,4,5,1.0,1
1199.96,5,0.2,224.9925,18.75,5,West,Consumer,Technology,Copiers,Second Class,December,Friday,7.090876515946656,0,12,5,1.0,1
12.6,3,0.0,6.174,49.00000000000001,5,West,Consumer,Office Supplies,Paper,Second Class,December,Friday,2.6100697927420065,0,12,5,1.0,1
17.94,3,0.0,8.073,45.0,5,West,Consumer,Office Supplies,Paper,Second Class,December,Friday,2.9412760877579323,0,12,5,1.0,1
23.9,6,0.2,7.7688,32.505439330543936,2,East,Consumer,Office Supplies,Labels,First Class,April,Sunday,3.214867803470662,0,4,7,1.0,1
88.96,8,0.2,10.008,11.25,6,South,Consumer,Office Supplies,Supplies,Standard Class,January,Saturday,4.499365127091115,0,1,6,0.816793893129771,1
152.69,2,0.2,-26.7204,-17.499770777392104,4,Central,Consumer,Office Supplies,Storage,Standard Class,December,Thursday,5.034937586619221,0,12,4,0.7795698924731183,0
3.49,2,0.2,0.5668,16.240687679083095,4,Central,Consumer,Office Supplies,Fasteners,Standard Class,December,Thursday,1.501852701754163,0,12,4,0.9019607843137255,1
5.89,2,0.2,-1.3248,-22.492359932088284,4,Central,Consumer,Office Supplies,Supplies,Standard Class,December,Thursday,1.9300710850255671,0,12,4,0.816793893129771,0
468.9,6,0.0,206.316,44.0,6,East,Consumer,Technology,Accessories,Standard Class,September,Thursday,6.15251990610877,0,9,4,0.872,1
72.48,2,0.0,30.4416,42.0,6,East,Consumer,Technology,Accessories,Standard Class,September,Thursday,4.297013260346925,0,9,4,0.872,1
10.95,3,0.0,3.285,30.000000000000004,6,East,Consumer,Office Supplies,Supplies,Standard Class,September,Thursday,2.4807312783775197,0,9,4,0.816793893129771,1
191.82,3,0.0,61.3824,32.0,6,East,Consumer,Furniture,Furnishings,Standard Class,September,Thursday,5.261757111236235,0,9,4,0.8065522620904836,1
25.16,5,0.6,-11.322,-44.99999999999999,0,Central,Consumer,Furniture,Furnishings,Same Day,February,Tuesday,3.264231526588998,1,2,2,0.8065522620904836,0
6.22,6,0.8,-9.6348,-154.90032154340838,5,Central,Consumer,Office Supplies,Binders,Standard Class,November,Tuesday,1.9768549529047348,1,11,2,0.6011730205278593,0
23.62,9,0.2,2.6568,11.24809483488569,5,Central,Consumer,Office Supplies,Art,Standard Class,November,Tuesday,3.2035591207563074,0,11,2,1.0,1
24.03,2,0.2,-0.6008,-2.500208073241781,5,Central,Consumer,Technology,Accessories,Standard Class,November,Tuesday,3.2200751054436827,0,11,2,0.872,0
2.09,1,0.2,0.6786,32.4688995215311,5,Central,Consumer,Office Supplies,Labels,Standard Class,November,Tuesday,1.128171090909654,0,11,2,1.0,1
4.49,6,0.8,-6.732,-149.93318485523386,5,Central,Consumer,Office Supplies,Binders,Standard Class,November,Tuesday,1.7029282555214393,1,11,2,0.6011730205278593,0
29.22,3,0.0,12.8568,44.0,4,West,Consumer,Furniture,Furnishings,Standard Class,December,Monday,3.4085039568445934,0,12,1,0.8065522620904836,1
6.48,1,0.0,3.1104,47.99999999999999,4,South,Corporate,Office Supplies,Paper,Standard Class,June,Saturday,2.012232791986386,0,6,6,1.0,1
13.63,4,0.2,3.5784,26.2538517975055,4,South,Corporate,Office Supplies,Art,Standard Class,June,Thursday,2.683074215032033,0,6,4,1.0,1
19.43,2,0.8,-49.5516,-255.02624806999486,5,Central,Consumer,Office Supplies,Appliances,Standard Class,December,Saturday,3.0170044088295307,1,12,6,0.867109634551495,0
65.44,5,0.2,-8.18,-12.5,5,Central,Consumer,Technology,Accessories,Standard Class,December,Saturday,4.196299284745094,0,12,6,0.872,0
6.0,2,0.2,2.1,35.0,5,Central,Consumer,Office Supplies,Labels,Standard Class,September,Sunday,1.9459101490553132,0,9,7,1.0,1
1.91,3,0.8,-3.2436,-169.82198952879583,5,Central,Consumer,Office Supplies,Binders,Standard Class,September,Sunday,1.0681530811834012,1,9,7,0.6011730205278593,0
1474.8,7,0.3,-21.0686,-1.4285733658801194,4,East,Consumer,Furniture,Chairs,Standard Class,November,Saturday,7.2969554946242665,1,11,6,0.6042154566744731,0
110.1,2,0.2,33.0288,29.99891008174387,4,East,Consumer,Office Supplies,Appliances,Standard Class,November,Saturday,4.7104306966455844,0,11,6,0.867109634551495,1
16.75,6,0.2,5.4444,32.50388059701492,4,East,Consumer,Office Supplies,Fasteners,Standard Class,November,Saturday,2.8763855159214247,0,11,6,0.9019607843137255,1
1537.07,9,0.3,0.0,0.0,4,East,Consumer,Furniture,Chairs,Standard Class,November,Saturday,7.3382836626839705,1,11,6,0.6042154566744731,0
449.37,2,0.3,-12.8392,-2.857155573358257,4,East,Consumer,Furniture,Chairs,Standard Class,November,Saturday,6.11006946714707,1,11,6,0.6042154566744731,0
41.9,6,0.2,14.1426,33.75322195704057,6,West,Corporate,Office Supplies,Binders,Standard Class,March,Monday,3.758871825933971,0,3,1,0.6011730205278593,1
2279.96,4,0.0,592.7896,25.999999999999996,6,East,Home Office,Technology,Phones,Standard Class,November,Sunday,7.73235168596228,0,11,7,0.8521008403361344,1
14.94,3,0.0,6.8724,46.0,6,East,Home Office,Office Supplies,Labels,Standard Class,November,Sunday,2.768831673362069,0,11,7,1.0,1
20.96,4,0.2,6.812,32.5,5,Central,Home Office,Office Supplies,Paper,Standard Class,August,Monday,3.08922261664133,0,8,1,1.0,1
328.0,6,0.1,54.666,16.666463414634144,6,East,Consumer,Furniture,Chairs,Standard Class,March,Thursday,5.796057750765372,0,3,4,0.6042154566744731,1
49.41,4,0.2,18.528,37.49848208864602,3,West,Corporate,Office Supplies,Binders,First Class,October,Saturday,3.9201895680945396,0,10,6,0.6011730205278593,1
767.21,14,0.1,161.9674,21.111221178034693,4,East,Home Office,Furniture,Chairs,Standard Class,December,Saturday,6.6440631332704525,0,12,6,0.6042154566744731,1
161.28,2,0.2,12.096,7.5,3,West,Corporate,Furniture,Tables,First Class,August,Tuesday,5.089323238338246,0,8,2,0.3627906976744186,1
192.8,4,0.0,55.912,28.999999999999996,0,West,Consumer,Office Supplies,Art,Same Day,November,Friday,5.266826699456666,0,11,5,1.0,1
27.7,3,0.2,3.462,12.498194945848375,4,Central,Home Office,Technology,Accessories,Standard Class,October,Sunday,3.3568971227655755,0,10,7,0.872,1
73.16,6,0.8,-186.5682,-255.01394204483324,4,Central,Home Office,Office Supplies,Appliances,Standard Class,October,Sunday,4.306224921257599,1,10,7,0.867109634551495,0
32.06,6,0.2,11.2224,35.004366812227076,4,South,Consumer,Office Supplies,Paper,Second Class,October,Monday,3.498324092392878,0,10,1,1.0,1
205.67,2,0.15,-12.098,-5.882238537462927,5,West,Consumer,Furniture,Bookcases,Standard Class,March,Sunday,5.331123318273214,0,3,7,0.5263157894736842,0
115.44,3,0.0,30.0144,26.0,2,West,Consumer,Office Supplies,Storage,First Class,April,Saturday,4.757376118877422,0,4,6,0.7795698924731183,1
11.76,4,0.0,3.1752,26.999999999999996,4,West,Consumer,Office Supplies,Art,Standard Class,December,Monday,2.546315277916644,0,12,1,1.0,1
201.58,2,0.2,12.599,6.2501240202401025,2,West,Consumer,Technology,Phones,Second Class,June,Monday,5.311134870258651,0,6,1,0.8521008403361344,1
354.9,5,0.0,88.725,25.0,3,South,Consumer,Furniture,Bookcases,First Class,April,Friday,5.874649792516147,0,4,5,0.5263157894736842,1
1198.33,10,0.15,70.49,5.88235294117647,3,West,Home Office,Furniture,Bookcases,Second Class,March,Tuesday,7.089518346516661,0,3,2,0.5263157894736842,1
81.54,3,0.0,38.3238,47.0,2,Central,Consumer,Office Supplies,Envelopes,Second Class,August,Wednesday,4.413283024324436,0,8,3,1.0,1
167.28,12,0.0,23.4192,13.999999999999998,2,Central,Consumer,Technology,Accessories,Second Class,August,Wednesday,5.12562925872232,0,8,3,0.872,1
772.68,4,0.0,108.1752,14.000000000000002,6,West,Consumer,Office Supplies,Storage,Standard Class,December,Saturday,6.651158351408708,0,12,6,0.7795698924731183,1
323.98,3,0.2,28.3479,8.74989196864004,2,South,Corporate,Technology,Phones,First Class,March,Wednesday,5.78376364197463,0,3,3,0.8521008403361344,1
11.81,4,0.2,3.9852,33.74428450465707,2,South,Corporate,Office Supplies,Labels,First Class,March,Wednesday,2.550226115908643,0,3,3,1.0,1
26.16,3,0.2,1.962,7.5,2,South,Corporate,Office Supplies,Storage,First Class,March,Wednesday,3.3017453026904953,0,3,3,0.7795698924731183,1
33.57,5,0.7,-25.737,-76.66666666666666,2,South,Corporate,Office Supplies,Binders,First Class,March,Wednesday,3.5429862539335333,1,3,3,0.6011730205278593,0
4.99,3,0.2,1.3728,27.511022044088172,2,South,Corporate,Furniture,Furnishings,First Class,March,Wednesday,1.7900914121273581,0,3,3,0.8065522620904836,1
20.02,3,0.2,5.5044,27.494505494505496,2,South,Corporate,Furniture,Furnishings,First Class,March,Wednesday,3.045474365448805,0,3,3,0.8065522620904836,1
170.24,2,0.2,53.2,31.25,2,South,Corporate,Technology,Accessories,First Class,March,Wednesday,5.1430660812767455,0,3,3,0.872,1
117.46,3,0.2,44.046,37.498722969521545,5,Central,Consumer,Office Supplies,Paper,Standard Class,April,Monday,4.774575350848819,0,4,1,1.0,1
22.96,2,0.0,11.2504,49.0,3,West,Corporate,Office Supplies,Paper,Second Class,September,Saturday,3.1763857732472487,0,9,6,1.0,1
13.36,2,0.0,6.4128,48.0,3,South,Consumer,Office Supplies,Paper,Second Class,August,Wednesday,2.664446563620078,0,8,3,1.0,1
34.25,3,0.2,11.5587,33.74802919708029,5,East,Corporate,Office Supplies,Binders,Second Class,December,Monday,3.5624655292582776,0,12,1,0.6011730205278593,1
3.52,2,0.0,1.0208,28.999999999999996,5,East,Corporate,Office Supplies,Art,Second Class,December,Monday,1.5085119938441398,0,12,1,1.0,1
26.7,5,0.0,12.549,47.0,6,Central,Home Office,Office Supplies,Binders,Standard Class,August,Saturday,3.3214324131932926,0,8,6,0.6011730205278593,1
21.2,2,0.0,9.116,43.0,6,Central,Home Office,Technology,Accessories,Standard Class,August,Saturday,3.100092288878234,0,8,6,0.872,1
838.38,2,0.0,226.3626,26.999999999999996,6,Central,Home Office,Office Supplies,Storage,Standard Class,August,Saturday,6.732663524072866,0,8,6,0.7795698924731183,1
1690.04,4,0.0,422.51,25.0,5,South,Consumer,Furniture,Chairs,Standard Class,September,Monday,7.433099003261037,0,9,1,0.6042154566744731,1
85.96,7,0.0,24.0688,28.000000000000004,5,South,Consumer,Office Supplies,Storage,Standard Class,September,Monday,4.465448242812954,0,9,1,0.7795698924731183,1
121.96,2,0.0,57.3212,47.0,5,South,Consumer,Office Supplies,Envelopes,Standard Class,September,Monday,4.8118590992303405,0,9,1,1.0,1
23.92,4,0.0,11.7208,49.0,5,South,Consumer,Office Supplies,Paper,Standard Class,September,Monday,3.2156706939192525,0,9,1,1.0,1
63.96,2,0.0,6.396,10.0,5,South,Consumer,Office Supplies,Storage,Standard Class,September,Monday,4.173771695853422,0,9,1,0.7795698924731183,1
629.95,5,0.0,176.386,27.999999999999996,5,South,Consumer,Technology,Phones,Standard Class,September,Monday,6.4472266200989194,0,9,1,0.8521008403361344,1
113.73,3,0.0,32.9817,28.999999999999996,5,South,Consumer,Technology,Phones,Standard Class,September,Monday,4.7425815418110515,0,9,1,0.8521008403361344,1
14.6,2,0.0,6.862,47.0,5,South,Consumer,Office Supplies,Binders,Standard Class,September,Monday,2.747270914255491,0,9,1,0.6011730205278593,1
887.84,8,0.0,17.7568,1.9999999999999998,5,South,Consumer,Office Supplies,Storage,Standard Class,September,Monday,6.789917241813198,0,9,1,0.7795698924731183,1
403.92,5,0.2,25.245,6.25,2,West,Home Office,Furniture,Chairs,First Class,December,Sunday,6.003689516730551,0,12,7,0.6042154566744731,1
106.8,10,0.2,10.68,10.0,5,East,Consumer,Office Supplies,Art,Standard Class,August,Friday,4.680277658474897,0,8,5,1.0,1
70.95,3,0.0,20.5755,29.000000000000004,2,East,Corporate,Office Supplies,Storage,First Class,November,Sunday,4.2759714333333765,0,11,7,0.7795698924731183,1
34.94,6,0.2,11.7936,33.75386376645678,2,East,Corporate,Office Supplies,Binders,First Class,November,Sunday,3.581850881355413,0,11,7,0.6011730205278593,1
119.04,6,0.0,35.712,30.0,2,East,Corporate,Office Supplies,Art,First Class,November,Sunday,4.787825020572167,0,11,7,1.0,1
799.56,9,0.0,207.8856,26.0,4,East,Consumer,Furniture,Furnishings,Standard Class,December,Saturday,6.6853114827822,0,12,6,0.8065522620904836,1
63.77,7,0.0,28.6965,44.99999999999999,4,Central,Consumer,Office Supplies,Paper,Standard Class,November,Friday,4.170842533194826,0,11,5,1.0,1
50.97,3,0.0,13.2522,26.0,4,Central,Consumer,Technology,Phones,Standard Class,November,Friday,3.9506666290203505,0,11,5,0.8521008403361344,1
96.08,2,0.0,46.1184,48.00000000000001,4,Central,Consumer,Office Supplies,Paper,Standard Class,November,Friday,4.5755353808584,0,11,5,1.0,1
1439.97,4,0.2,485.9892,33.74995312402341,4,Central,Consumer,Technology,Copiers,Standard Class,April,Thursday,7.273071776907026,0,4,4,1.0,1
43.56,3,0.2,-4.9005,-11.25,4,Central,Consumer,Technology,Accessories,Standard Class,April,Thursday,3.7968365956190286,0,4,4,0.872,0
563.92,5,0.2,7.049,1.2500000000000002,7,West,Consumer,Furniture,Chairs,Standard Class,December,Friday,6.336684128200863,0,12,5,0.6042154566744731,1
235.15,8,0.4,-47.0304,-20.000170104188815,6,East,Consumer,Technology,Phones,Standard Class,October,Friday,5.4644671963421265,1,10,5,0.8521008403361344,0
51.02,7,0.2,15.9425,31.247549980399842,4,Central,Consumer,Office Supplies,Paper,Second Class,October,Thursday,3.9516282600205055,0,10,4,1.0,1
25.25,4,0.2,7.89,31.247524752475247,4,Central,Consumer,Office Supplies,Fasteners,Second Class,October,Thursday,3.2676659890376327,0,10,4,0.9019607843137255,1
56.69,1,0.3,-14.5764,-25.71247133533251,4,Central,Consumer,Furniture,Chairs,Second Class,October,Thursday,4.055083848268798,1,10,4,0.6042154566744731,0
7.64,1,0.0,3.7436,49.0,4,West,Consumer,Office Supplies,Envelopes,Standard Class,October,Saturday,2.1564025828159643,0,10,6,1.0,1
68.16,3,0.0,27.9456,41.0,5,East,Corporate,Furniture,Furnishings,Standard Class,November,Saturday,4.23642266081509,0,11,6,0.8065522620904836,1
62.24,8,0.0,29.2528,47.0,5,East,Corporate,Office Supplies,Envelopes,Standard Class,November,Saturday,4.146937012341271,0,11,6,1.0,1
29.97,3,0.0,0.2997,1.0000000000000002,6,South,Consumer,Technology,Phones,Standard Class,July,Monday,3.4330189939851112,0,7,1,0.8521008403361344,1
125.7,6,0.0,35.196,27.999999999999996,6,Central,Consumer,Technology,Phones,Standard Class,October,Thursday,4.841822087327094,0,10,4,0.8521008403361344,1
191.98,2,0.0,51.8346,27.0,6,Central,Consumer,Technology,Phones,Standard Class,October,Thursday,5.262586556592238,0,10,4,0.8521008403361344,1
20.86,7,0.0,1.4602,6.999999999999999,6,Central,Consumer,Office Supplies,Storage,Standard Class,October,Thursday,3.0846584827483925,0,10,4,0.7795698924731183,1
66.29,1,0.7,-103.8606,-156.6761200784432,4,West,Consumer,Furniture,Bookcases,Standard Class,October,Monday,4.209011637200227,1,10,1,0.5263157894736842,0
291.17,4,0.2,-14.5584,-4.999965655802452,4,West,Consumer,Furniture,Chairs,Standard Class,October,Monday,5.677335824641218,0,10,1,0.6042154566744731,0
88.78,3,0.2,7.7679,8.749605767064654,5,Central,Consumer,Technology,Phones,Standard Class,November,Sunday,4.497362233353786,0,11,7,0.8521008403361344,1
110.38,4,0.4,-20.2356,-18.33266896176844,5,East,Home Office,Technology,Phones,Standard Class,January,Friday,4.7129477781615225,1,1,5,0.8521008403361344,0
55.18,3,0.2,15.8631,28.74791591156216,5,East,Home Office,Technology,Accessories,Standard Class,January,Friday,4.0285608216760975,0,1,5,0.872,1
57.58,3,0.2,21.591,37.497394928794726,4,East,Corporate,Office Supplies,Envelopes,Standard Class,February,Tuesday,4.070393341399587,0,2,2,1.0,1
26.34,4,0.2,9.2176,34.994684889901286,7,East,Consumer,Office Supplies,Binders,Standard Class,January,Friday,3.3083508312958037,0,1,5,0.6011730205278593,1
166.5,3,0.0,21.645,13.0,4,West,Consumer,Furniture,Furnishings,Standard Class,December,Saturday,5.120983351265121,0,12,6,0.8065522620904836,1
360.38,2,0.0,93.6988,26.0,4,West,Consumer,Office Supplies,Storage,Standard Class,December,Saturday,5.889930036283685,0,12,6,0.7795698924731183,1
11.74,1,0.2,3.8168,32.511073253833054,3,West,Consumer,Office Supplies,Binders,Second Class,October,Saturday,2.5447466501440172,0,10,6,0.6011730205278593,1
18.24,2,0.7,-14.592,-80.0,7,South,Home Office,Office Supplies,Binders,Standard Class,December,Sunday,2.9569914452375605,1,12,7,0.6011730205278593,0
25.35,3,0.0,7.605,30.0,4,West,Home Office,Office Supplies,Supplies,Standard Class,November,Thursday,3.2714682749873716,0,11,4,0.816793893129771,1
119.04,6,0.0,30.9504,25.999999999999996,5,West,Home Office,Office Supplies,Art,Standard Class,November,Friday,4.787825020572167,0,11,5,1.0,1
22.14,3,0.0,6.4206,28.999999999999996,5,West,Home Office,Furniture,Furnishings,Standard Class,November,Friday,3.1415627217655304,0,11,5,0.8065522620904836,1
13.98,2,0.0,6.0114,43.0,5,West,Home Office,Technology,Accessories,Standard Class,November,Friday,2.7067159780890733,0,11,5,0.872,1
2.39,1,0.8,-6.3441,-265.44351464435147,2,Central,Consumer,Office Supplies,Appliances,First Class,December,Tuesday,1.220829921392359,1,12,2,0.867109634551495,0
58.32,9,0.0,27.9936,48.0,0,South,Home Office,Office Supplies,Paper,Same Day,April,Monday,4.082946517269732,0,4,1,1.0,1
200.97,3,0.0,50.2425,25.0,0,South,Home Office,Technology,Phones,Same Day,April,Monday,5.308119171520297,0,4,1,0.8521008403361344,1
21.36,8,0.0,8.1168,38.0,6,South,Corporate,Furniture,Furnishings,Standard Class,September,Tuesday,3.1072736482868986,0,9,2,0.8065522620904836,1
3.44,1,0.7,-2.5256,-73.4186046511628,2,South,Home Office,Office Supplies,Binders,Second Class,September,Sunday,1.4906543764441333,1,9,7,0.6011730205278593,0
22.92,3,0.0,11.2308,49.0,2,East,Consumer,Office Supplies,Envelopes,Second Class,March,Saturday,3.1747149290824312,0,3,6,1.0,1
11.36,4,0.0,5.5664,49.0,4,Central,Consumer,Office Supplies,Binders,Second Class,August,Thursday,2.514465452029545,0,8,4,0.6011730205278593,1
14.59,3,0.2,4.9248,33.75462645647704,6,West,Consumer,Office Supplies,Binders,Standard Class,May,Tuesday,2.7466296830696852,0,5,2,0.6011730205278593,1
442.37,7,0.8,-729.9138,-165.00074598187038,2,Central,Corporate,Office Supplies,Binders,First Class,September,Saturday,6.094404635894591,1,9,6,0.6011730205278593,0
28.85,5,0.0,14.425,50.0,0,Central,Consumer,Office Supplies,Binders,Same Day,October,Thursday,3.396184839838611,0,10,4,0.6011730205278593,1
3.49,2,0.2,1.1772,33.730659025787965,5,South,Consumer,Office Supplies,Paper,Standard Class,November,Monday,1.501852701754163,0,11,1,1.0,1
143.86,9,0.2,48.5514,33.74906158765466,5,South,Consumer,Office Supplies,Paper,Standard Class,November,Monday,4.97576775876718,0,11,1,1.0,1
311.98,2,0.0,93.594,30.0,3,East,Home Office,Technology,Phones,Second Class,October,Thursday,5.746139290735026,0,10,4,0.8521008403361344,1
22.45,5,0.0,10.327,46.0,3,East,Home Office,Office Supplies,Binders,Second Class,October,Thursday,3.1548704948922883,0,10,4,0.6011730205278593,1
12.42,3,0.0,4.4712,36.0,5,West,Consumer,Furniture,Furnishings,Second Class,July,Sunday,2.5967461315435356,0,7,7,0.8065522620904836,1
428.4,3,0.0,89.964,21.000000000000004,5,West,Consumer,Technology,Accessories,Second Class,July,Sunday,6.062388885444681,0,7,7,0.872,1
24.75,5,0.0,10.89,44.0,5,West,Consumer,Furniture,Furnishings,Second Class,July,Sunday,3.248434627109745,0,7,7,0.8065522620904836,1
87.71,7,0.0,41.2237,47.0,5,West,Consumer,Office Supplies,Labels,Second Class,July,Sunday,4.485372622532496,0,7,7,1.0,1
69.52,2,0.0,17.38,25.0,5,West,Consumer,Office Supplies,Storage,Second Class,July,Sunday,4.25589635752967,0,7,7,0.7795698924731183,1
20.78,2,0.2,-4.6764,-22.504331087584216,5,West,Consumer,Technology,Phones,Second Class,July,Sunday,3.0809921175048145,0,7,7,0.8521008403361344,0
12.82,3,0.2,4.1652,32.489859594383766,5,West,Consumer,Office Supplies,Binders,Second Class,July,Sunday,2.626116818339524,0,7,7,0.6011730205278593,1
63.82,2,0.2,9.5736,15.00094014415544,6,East,Consumer,Furniture,Furnishings,Standard Class,November,Friday,4.171614197713401,0,11,5,0.8065522620904836,1
141.55,3,0.2,-26.541,-18.750264924055102,6,East,Consumer,Office Supplies,Storage,Standard Class,November,Friday,4.9596928153586815,0,11,5,0.7795698924731183,0
304.9,5,0.0,143.303,47.0,4,West,Corporate,Office Supplies,Envelopes,Standard Class,September,Saturday,5.7232582511568575,0,9,6,1.0,1
563.24,5,0.2,56.324,10.0,4,West,Corporate,Furniture,Chairs,Standard Class,September,Saturday,6.3354796928999235,0,9,6,0.6042154566744731,1
661.18,2,0.4,-231.4116,-34.99978825735806,5,East,Corporate,Furniture,Tables,Standard Class,October,Friday,6.495537422301262,1,10,5,0.3627906976744186,0
239.98,3,0.2,17.9982,7.499874989582465,7,South,Home Office,Technology,Phones,Standard Class,October,Monday,5.48471394249513,0,10,1,0.8521008403361344,1
502.49,3,0.2,-87.9354,-17.499930346872574,4,West,Corporate,Furniture,Tables,Standard Class,July,Tuesday,6.221563850988198,0,7,2,0.3627906976744186,0
196.7,6,0.2,68.8464,35.00071174377224,4,West,Corporate,Office Supplies,Binders,Standard Class,July,Tuesday,5.286750730176571,0,7,2,0.6011730205278593,1
915.14,4,0.2,102.9528,11.249950827195839,5,West,Home Office,Furniture,Chairs,Second Class,March,Friday,6.820169191423475,0,3,5,0.6042154566744731,1
327.76,8,0.0,91.7728,28.000000000000004,5,West,Home Office,Furniture,Furnishings,Second Class,March,Friday,5.795328001280299,0,3,5,0.8065522620904836,1
88.78,3,0.2,7.7679,8.749605767064654,4,West,Consumer,Technology,Phones,Standard Class,April,Wednesday,4.497362233353786,0,4,3,0.8521008403361344,1
64.14,3,0.0,16.6764,26.0,4,West,Consumer,Office Supplies,Art,Standard Class,April,Wednesday,4.176538799848087,0,4,3,1.0,1
33.55,1,0.2,12.582,37.50223546944859,3,East,Corporate,Office Supplies,Binders,First Class,September,Tuesday,3.542407550213679,0,9,2,0.6011730205278593,1
1737.18,6,0.0,503.7822,28.999999999999996,4,East,Corporate,Office Supplies,Appliances,Standard Class,December,Sunday,7.46059386778137,0,12,7,0.867109634551495,1
704.25,5,0.0,84.51,12.000000000000002,4,East,Corporate,Office Supplies,Storage,Standard Class,December,Sunday,6.558552349882105,0,12,7,0.7795698924731183,1
141.76,4,0.0,66.6272,47.0,4,East,Corporate,Office Supplies,Paper,Standard Class,December,Sunday,4.961164898621959,0,12,7,1.0,1
36.36,3,0.2,12.2715,33.75,5,West,Corporate,Office Supplies,Binders,Standard Class,October,Tuesday,3.620600613360642,0,10,2,0.6011730205278593,1
24.59,3,0.8,-38.1114,-154.98739324928835,6,Central,Consumer,Office Supplies,Binders,Standard Class,June,Friday,3.2422016501716975,1,6,5,0.6011730205278593,0
13.98,2,0.2,4.7196,33.75965665236051,6,Central,Consumer,Office Supplies,Envelopes,Standard Class,June,Friday,2.7067159780890733,0,6,5,1.0,1
17.58,7,0.2,-4.1762,-23.755403868031856,2,West,Corporate,Office Supplies,Supplies,Second Class,November,Friday,2.922085733385692,0,11,5,0.816793893129771,0
104.78,1,0.2,-14.4078,-13.750524909333842,2,West,Corporate,Furniture,Chairs,Second Class,November,Friday,4.6613614656378335,0,11,5,0.6042154566744731,0
47.95,3,0.2,16.7832,35.0014598540146,2,West,Corporate,Office Supplies,Paper,Second Class,November,Friday,3.8907993689765195,0,11,5,1.0,1
650.35,3,0.2,-97.5528,-15.000046129007458,2,West,Corporate,Furniture,Chairs,Second Class,November,Friday,6.479047132143573,0,11,5,0.6042154566744731,0
629.18,8,0.2,228.0792,36.250230458692265,2,West,Corporate,Office Supplies,Labels,Second Class,November,Friday,6.446005492862739,0,11,5,1.0,1
15.18,1,0.2,5.3116,34.99077733860343,2,West,Corporate,Office Supplies,Paper,Second Class,November,Friday,2.7837759116303458,0,11,5,1.0,1
127.95,3,0.0,21.7515,17.0,5,West,Consumer,Furniture,Furnishings,Standard Class,September,Thursday,4.859424732327354,0,9,4,0.8065522620904836,1
151.92,4,0.0,45.576,30.000000000000004,5,Central,Corporate,Office Supplies,Art,Standard Class,November,Monday,5.029914908828212,0,11,1,1.0,1
196.62,2,0.0,96.3438,49.0,5,Central,Corporate,Office Supplies,Labels,Standard Class,November,Monday,5.286345994766816,0,11,1,1.0,1
144.12,3,0.0,69.1776,48.0,5,Central,Corporate,Office Supplies,Paper,Standard Class,November,Monday,4.977560986366827,0,11,1,1.0,1
15.96,2,0.0,7.98,50.0,5,Central,Corporate,Office Supplies,Paper,Standard Class,November,Monday,2.830857630363757,0,11,1,1.0,1
7.75,3,0.2,2.8101,36.259354838709676,4,East,Corporate,Office Supplies,Binders,Standard Class,October,Monday,2.169053700369523,0,10,1,0.6011730205278593,1
15.28,2,0.0,7.4872,49.0,4,Central,Home Office,Office Supplies,Envelopes,Second Class,June,Tuesday,2.7899373605743945,0,6,2,1.0,1
65.97,3,0.0,31.0059,47.0,6,East,Consumer,Technology,Machines,Standard Class,June,Tuesday,4.204244757921959,0,6,2,0.5975609756097561,1
33.4,5,0.0,16.032,48.00000000000001,4,West,Corporate,Office Supplies,Paper,Standard Class,October,Thursday,3.5380565643793527,0,10,4,1.0,1
210.84,4,0.0,103.3116,49.0,4,West,Corporate,Office Supplies,Envelopes,Standard Class,October,Thursday,5.3558312727486435,0,10,4,1.0,1
13.98,1,0.0,4.0542,28.999999999999996,6,Central,Consumer,Office Supplies,Storage,Standard Class,January,Monday,2.7067159780890733,0,1,1,0.7795698924731183,1
272.94,3,0.0,30.0234,11.0,6,Central,Consumer,Furniture,Furnishings,Standard Class,January,Monday,5.6129091043066754,0,1,1,0.8065522620904836,1
19.05,5,0.0,8.9535,47.0,6,Central,Consumer,Office Supplies,Binders,Standard Class,January,Monday,2.998229153752578,0,1,1,0.6011730205278593,1
247.72,4,0.1,93.5816,37.777167770062974,6,Central,Consumer,Office Supplies,Appliances,Standard Class,January,Monday,5.516327765750498,0,1,1,0.867109634551495,1
66.58,2,0.0,15.9792,24.000000000000004,6,Central,Consumer,Office Supplies,Storage,Standard Class,January,Monday,4.213312081286144,0,1,1,0.7795698924731183,1
43.92,3,0.0,12.7368,28.999999999999996,6,Central,Consumer,Office Supplies,Art,Standard Class,January,Monday,3.8048831298702424,0,1,1,1.0,1
14.73,3,0.0,4.8609,33.0,6,Central,Consumer,Furniture,Furnishings,Standard Class,January,Monday,2.7555697170701863,0,1,1,0.8065522620904836,1
29.7,5,0.0,13.365,45.0,6,Central,Consumer,Office Supplies,Binders,Standard Class,January,Monday,3.4242626545931514,0,1,1,0.6011730205278593,1
49.12,4,0.0,23.0864,47.0,4,East,Consumer,Office Supplies,Paper,Standard Class,July,Friday,3.9144201300278674,0,7,5,1.0,1
18.28,5,0.2,6.398,35.0,4,East,Consumer,Office Supplies,Binders,Standard Class,July,Friday,2.9590682891823996,0,7,5,0.6011730205278593,1
47.04,4,0.0,15.9936,34.0,7,West,Consumer,Furniture,Furnishings,Standard Class,August,Tuesday,3.872033997211783,0,8,2,0.8065522620904836,1
339.96,5,0.2,42.495,12.5,7,West,Consumer,Technology,Phones,Standard Class,August,Tuesday,5.831765168350307,0,8,2,0.8521008403361344,1
156.51,4,0.2,-35.2152,-22.500287521564122,2,East,Consumer,Office Supplies,Storage,First Class,December,Saturday,5.059488948313644,0,12,6,0.7795698924731183,0
119.85,3,0.0,52.734,44.00000000000001,3,East,Home Office,Technology,Accessories,First Class,March,Saturday,4.794550107149492,0,3,6,0.872,1
30.44,2,0.0,14.9156,49.0,3,East,Home Office,Office Supplies,Binders,First Class,March,Saturday,3.448080967561006,0,3,6,0.6011730205278593,1
69.28,2,0.0,33.2544,47.99999999999999,3,East,Home Office,Office Supplies,Binders,First Class,March,Saturday,4.252487263318897,0,3,6,0.6011730205278593,1
587.97,3,0.0,170.5113,28.999999999999996,3,East,Home Office,Technology,Phones,First Class,March,Saturday,6.378375248568339,0,3,6,0.8521008403361344,1
12.18,1,0.2,4.4138,36.23809523809524,5,West,Consumer,Office Supplies,Binders,Standard Class,May,Friday,2.578700529074361,0,5,5,0.6011730205278593,1
37.32,3,0.0,10.4496,28.000000000000004,5,West,Consumer,Office Supplies,Storage,Standard Class,May,Friday,3.6459719531026598,0,5,5,0.7795698924731183,1
35.06,2,0.0,10.518,30.0,5,West,Consumer,Office Supplies,Supplies,Standard Class,May,Friday,3.585184217775171,0,5,5,0.816793893129771,1
2.41,1,0.7,-2.01,-83.402489626556,6,East,Consumer,Office Supplies,Binders,Standard Class,September,Sunday,1.2267122912954254,1,9,7,0.6011730205278593,0
8.39,1,0.0,2.0975,25.0,6,East,Corporate,Office Supplies,Appliances,Standard Class,September,Sunday,2.2396452932201716,0,9,7,0.867109634551495,1
337.98,2,0.0,101.394,30.0,6,East,Corporate,Technology,Phones,Standard Class,September,Sunday,5.825941108589908,0,9,7,0.8521008403361344,1
83.92,5,0.2,-13.637,-16.25,7,East,Consumer,Office Supplies,Storage,Standard Class,October,Monday,4.441709636835055,0,10,1,0.7795698924731183,0
56.3,2,0.0,15.764,28.000000000000004,5,West,Home Office,Office Supplies,Art,Standard Class,December,Thursday,4.048300623720694,0,12,4,1.0,1
51.02,7,0.2,8.2901,16.24872598980792,5,West,Consumer,Office Supplies,Art,Standard Class,November,Tuesday,3.9516282600205055,0,11,2,1.0,1
38.08,5,0.6,-29.512,-77.5,4,Central,Corporate,Furniture,Furnishings,Standard Class,October,Monday,3.6656108271745818,1,10,1,0.8065522620904836,0
113.57,2,0.2,12.7764,11.249801884300432,0,East,Home Office,Furniture,Bookcases,Same Day,November,Monday,4.741185989905534,0,11,1,0.5263157894736842,1
561.58,2,0.2,70.198,12.500089034509774,4,South,Corporate,Furniture,Chairs,Standard Class,April,Tuesday,6.332533346188176,0,4,2,0.6042154566744731,1
99.92,5,0.2,-1.249,-1.25,4,South,Corporate,Office Supplies,Storage,Standard Class,April,Tuesday,4.614328123772857,0,4,2,0.7795698924731183,0
4.93,2,0.2,1.7248,34.98580121703854,3,East,Home Office,Office Supplies,Labels,First Class,October,Friday,1.780024213009634,0,10,5,1.0,1
14.76,2,0.0,4.2804,29.000000000000004,7,West,Consumer,Furniture,Furnishings,Standard Class,December,Thursday,2.757475084429733,0,12,4,0.8065522620904836,1
49.79,8,0.2,-11.8256,-23.75095400682868,5,West,Home Office,Office Supplies,Fasteners,Standard Class,April,Tuesday,3.9276994848131537,0,4,2,0.9019607843137255,0
299.98,5,0.5,-167.986,-55.99906660444029,4,East,Consumer,Furniture,Bookcases,Standard Class,March,Tuesday,5.7070438173585725,1,3,2,0.5263157894736842,0
158.38,4,0.4,-36.9544,-23.332744033337544,4,East,Consumer,Technology,Phones,Standard Class,March,Tuesday,5.071291287969602,1,3,2,0.8521008403361344,0
10.56,2,0.0,4.752,44.99999999999999,5,Central,Consumer,Office Supplies,Paper,Standard Class,January,Thursday,2.4475508632442313,0,1,4,1.0,1
229.94,2,0.0,6.8982,3.0000000000000004,5,Central,Consumer,Office Supplies,Storage,Standard Class,January,Thursday,5.44215793652371,0,1,4,0.7795698924731183,1
311.15,5,0.0,146.2405,47.0,4,South,Corporate,Office Supplies,Envelopes,Standard Class,February,Saturday,5.743483841507753,0,2,6,1.0,1
12.96,2,0.0,6.3504,48.99999999999999,4,South,Corporate,Office Supplies,Paper,Standard Class,February,Saturday,2.6361960973342264,0,2,6,1.0,1
14.62,2,0.0,6.7252,46.0,5,East,Consumer,Office Supplies,Paper,Standard Class,December,Wednesday,2.7485521444115397,0,12,3,1.0,1
5.76,2,0.0,2.8224,49.00000000000001,5,East,Consumer,Office Supplies,Labels,Standard Class,December,Wednesday,1.9110228900548727,0,12,3,1.0,1
21.48,6,0.0,10.5252,49.0,5,East,Consumer,Office Supplies,Fasteners,Standard Class,December,Wednesday,3.1126260250254902,0,12,3,0.9019607843137255,1
396.92,4,0.0,198.46,50.0,5,East,Consumer,Furniture,Furnishings,Standard Class,December,Wednesday,5.986250980055095,0,12,3,0.8065522620904836,1
17.15,1,0.0,4.6305,27.0,5,East,Consumer,Office Supplies,Storage,Standard Class,December,Wednesday,2.8986705607108596,0,12,3,0.7795698924731183,1
23.12,2,0.2,7.803,33.75,5,East,Consumer,Office Supplies,Binders,Standard Class,December,Wednesday,3.1830413718589847,0,12,3,0.6011730205278593,1
177.48,3,0.2,19.9665,11.25,5,South,Consumer,Technology,Phones,Standard Class,November,Monday,5.184476550124277,0,11,1,0.8521008403361344,1
108.58,4,0.4,-25.3344,-23.332473752072204,4,East,Consumer,Technology,Phones,Standard Class,March,Tuesday,4.696654876110269,1,3,2,0.8521008403361344,0
5.98,2,0.2,-1.3464,-22.51505016722408,4,East,Consumer,Office Supplies,Fasteners,Standard Class,March,Tuesday,1.9430489167742813,0,3,2,0.9019607843137255,0
21.96,2,0.0,6.1488,27.999999999999996,5,Central,Corporate,Office Supplies,Supplies,Standard Class,October,Monday,3.133753571451366,0,10,1,0.816793893129771,1
368.97,3,0.0,81.1734,21.999999999999996,5,Central,Corporate,Furniture,Chairs,Standard Class,October,Monday,5.913421921269941,0,10,1,0.6042154566744731,1
12.39,3,0.0,3.4692,27.999999999999996,5,Central,Corporate,Office Supplies,Art,Standard Class,October,Monday,2.5945081597030812,0,10,1,1.0,1
332.94,3,0.0,9.9882,3.0000000000000004,5,Central,Corporate,Office Supplies,Storage,Standard Class,October,Monday,5.810961336120811,0,10,1,0.7795698924731183,1
111.93,7,0.0,34.6983,31.0,6,West,Corporate,Technology,Accessories,Standard Class,July,Saturday,4.726768157735579,0,7,6,0.872,1
454.27,8,0.2,-73.8192,-16.250071543355276,3,West,Home Office,Furniture,Chairs,First Class,October,Saturday,6.1208906495482855,0,10,6,0.6042154566744731,0
8399.98,4,0.4,1119.9968,13.333326984111865,4,East,Consumer,Technology,Copiers,Standard Class,May,Monday,9.036103644693045,1,5,1,1.0,1
6.29,1,0.7,-4.196,-66.70906200317964,4,East,Consumer,Office Supplies,Binders,Standard Class,May,Monday,1.986503546020567,1,5,1,0.6011730205278593,0
10.37,2,0.2,3.6288,34.993249758919966,4,East,Consumer,Office Supplies,Paper,Standard Class,May,Monday,2.4309783077624445,0,5,1,1.0,1
122.38,3,0.4,-24.4764,-20.000326850792614,4,East,Consumer,Technology,Phones,Standard Class,May,Monday,4.815269023781492,1,5,1,0.8521008403361344,0
25.98,2,0.2,-1.624,-6.250962278675905,4,South,Consumer,Office Supplies,Storage,Standard Class,November,Monday,3.2950958507796098,0,11,1,0.7795698924731183,0
945.04,6,0.4,-299.2614,-31.66653263353932,4,South,Consumer,Furniture,Tables,Standard Class,November,Monday,6.852284851456062,1,11,1,0.3627906976744186,0
14.3,7,0.7,-10.4874,-73.33846153846153,4,South,Consumer,Office Supplies,Binders,Standard Class,November,Monday,2.72785282839839,1,11,1,0.6011730205278593,0
410.35,3,0.2,-51.294,-12.500060923601803,4,South,Consumer,Furniture,Furnishings,Standard Class,November,Monday,6.0194444336149395,0,11,1,0.8065522620904836,0
23.52,5,0.2,8.526,36.25,5,Central,Corporate,Office Supplies,Paper,Standard Class,March,Monday,3.1994891110680106,0,3,1,1.0,1
180.96,5,0.2,13.572,7.5,5,Central,Corporate,Technology,Phones,Standard Class,March,Monday,5.203786882701803,0,3,1,0.8521008403361344,1
589.41,5,0.1,-6.549,-1.1111111111111112,2,East,Consumer,Furniture,Chairs,First Class,October,Saturday,6.380817210812198,0,10,6,0.6042154566744731,0
34.7,5,0.0,12.492,36.0,7,East,Corporate,Office Supplies,Art,Standard Class,October,Thursday,3.5751506887855933,0,10,4,1.0,1
99.87,3,0.0,23.9688,24.000000000000004,7,East,Corporate,Office Supplies,Storage,Standard Class,October,Thursday,4.613832559066744,0,10,4,0.7795698924731183,1
37.94,2,0.0,18.2112,48.00000000000001,7,East,Corporate,Office Supplies,Paper,Standard Class,October,Thursday,3.6620219999440535,0,10,4,1.0,1
24.9,5,0.0,11.454,46.00000000000001,7,East,Corporate,Office Supplies,Labels,Standard Class,October,Thursday,3.254242968705492,0,10,4,1.0,1
82.26,3,0.0,33.7266,40.99999999999999,7,East,Corporate,Furniture,Furnishings,Standard Class,October,Thursday,4.421968241766829,0,10,4,0.8065522620904836,1
7.1,6,0.2,2.4864,35.01971830985916,5,Central,Consumer,Office Supplies,Fasteners,Standard Class,March,Thursday,2.0918640616783932,0,3,4,0.9019607843137255,1
10.76,2,0.0,5.1648,48.0,4,East,Consumer,Office Supplies,Binders,Standard Class,September,Friday,2.464703942470481,0,9,5,0.6011730205278593,1
45.68,2,0.0,21.0128,46.0,4,East,Consumer,Office Supplies,Paper,Standard Class,September,Friday,3.8433158074183553,0,9,5,1.0,1
6.7,1,0.0,2.211,32.99999999999999,4,East,Consumer,Office Supplies,Art,Standard Class,September,Friday,2.0412203288596382,0,9,5,1.0,1
158.38,3,0.2,13.8579,8.74977901250158,4,Central,Consumer,Technology,Phones,Second Class,December,Saturday,5.071291287969602,0,12,6,0.8521008403361344,1
3.44,2,0.2,0.559,16.25,5,Central,Consumer,Office Supplies,Art,Standard Class,October,Thursday,1.4906543764441333,0,10,4,1.0,1
135.99,1,0.0,36.7173,27.0,6,East,Corporate,Technology,Phones,Standard Class,August,Tuesday,4.919907930463299,0,8,2,0.8521008403361344,1
15.96,7,0.0,7.0224,44.0,6,East,Corporate,Office Supplies,Art,Standard Class,August,Tuesday,2.830857630363757,0,8,2,1.0,1
13.28,2,0.0,6.3744,48.0,6,South,Home Office,Furniture,Furnishings,Standard Class,September,Thursday,2.658859956911438,0,9,4,0.8065522620904836,1
84.96,6,0.2,6.372,7.500000000000001,4,South,Consumer,Office Supplies,Storage,Standard Class,November,Friday,4.453882071774309,0,11,5,0.7795698924731183,1
2079.4,5,0.0,582.232,27.999999999999996,6,East,Home Office,Office Supplies,Storage,Standard Class,December,Friday,7.6403154618989175,0,12,5,0.7795698924731183,1
629.95,5,0.0,176.386,27.999999999999996,6,East,Home Office,Technology,Phones,Standard Class,December,Friday,6.4472266200989194,0,12,5,0.8521008403361344,1
72.42,6,0.0,23.8986,32.99999999999999,6,East,Home Office,Furniture,Furnishings,Standard Class,December,Friday,4.2961963780686885,0,12,5,0.8065522620904836,1
131.98,2,0.0,35.6346,27.0,4,Central,Home Office,Technology,Phones,Standard Class,August,Saturday,4.890198740974308,0,8,6,0.8521008403361344,1
114.52,7,0.0,11.452,10.0,4,Central,Home Office,Technology,Accessories,Standard Class,August,Saturday,4.749443675144516,0,8,6,0.872,1
100.24,10,0.2,33.831,33.75,4,Central,Home Office,Office Supplies,Labels,Standard Class,June,Friday,4.617493935676923,0,6,5,1.0,1
871.8,3,0.2,87.18,10.000000000000002,2,South,Consumer,Office Supplies,Appliances,Second Class,March,Friday,6.771706434518861,0,3,5,0.867109634551495,1
61.96,4,0.5,-53.2856,-86.0,1,East,Corporate,Furniture,Bookcases,First Class,January,Tuesday,4.1424996041091475,1,1,2,0.5263157894736842,0
962.08,4,0.2,156.338,16.249999999999996,5,South,Consumer,Office Supplies,Appliances,Standard Class,March,Saturday,6.870136482075628,0,3,6,0.867109634551495,1
12.84,3,0.7,-9.8463,-76.68457943925233,5,South,Consumer,Office Supplies,Binders,Standard Class,March,Saturday,2.6275629501895237,1,3,6,0.6011730205278593,0
295.46,14,0.2,96.0232,32.49956000812293,5,South,Consumer,Office Supplies,Paper,Standard Class,March,Saturday,5.691912302085713,0,3,6,1.0,1
103.94,4,0.2,16.8896,16.249374639214935,4,East,Corporate,Furniture,Furnishings,Standard Class,September,Monday,4.653388758258566,0,9,1,0.8065522620904836,1
289.57,2,0.2,10.8588,3.749974099526885,5,South,Corporate,Furniture,Bookcases,Standard Class,November,Sunday,5.671844511120261,0,11,7,0.5263157894736842,1
39.72,5,0.2,4.4685,11.249999999999998,5,South,Corporate,Office Supplies,Storage,Standard Class,November,Sunday,3.7067193722422673,0,11,7,0.7795698924731183,1
244.77,4,0.2,24.4768,9.999918290640194,5,South,Corporate,Technology,Phones,Standard Class,November,Sunday,5.504396139235654,0,11,7,0.8521008403361344,1
20.94,3,0.0,6.0726,28.999999999999996,4,South,Home Office,Furniture,Furnishings,Standard Class,July,Friday,3.088311454847084,0,7,5,0.8065522620904836,1
135.09,9,0.0,62.1414,46.0,4,South,Home Office,Office Supplies,Binders,Standard Class,July,Friday,4.913316431572226,0,7,5,0.6011730205278593,1
279.86,14,0.0,64.3678,23.0,4,South,Home Office,Technology,Accessories,Standard Class,July,Friday,5.637856324540034,0,7,5,0.872,1
90.06,6,0.0,41.4276,46.0,4,South,Home Office,Office Supplies,Binders,Standard Class,July,Friday,4.511518629906636,0,7,5,0.6011730205278593,1
539.96,6,0.4,-107.9928,-20.000148159122897,4,East,Consumer,Technology,Phones,Standard Class,November,Sunday,6.2933453389595755,1,11,7,0.8521008403361344,0
50.23,7,0.4,-10.0464,-20.00079633685049,4,East,Consumer,Technology,Phones,Standard Class,November,Sunday,3.936325297951111,1,11,7,0.8521008403361344,0
19.24,3,0.7,-13.4694,-70.00727650727652,4,East,Consumer,Office Supplies,Binders,Standard Class,November,Sunday,3.0076608444192647,1,11,7,0.6011730205278593,0
5.3,3,0.2,0.4641,8.756603773584906,4,Central,Corporate,Office Supplies,Art,Standard Class,June,Sunday,1.840549633397487,0,6,7,1.0,1
19.14,4,0.2,5.98,31.24346917450366,2,East,Corporate,Office Supplies,Paper,Second Class,October,Sunday,3.0027078872904163,0,10,7,1.0,1
332.83,4,0.2,-24.9624,-7.50004506805276,2,East,Corporate,Furniture,Furnishings,Second Class,October,Sunday,5.810631881365446,0,10,7,0.8065522620904836,0
10.08,2,0.2,3.276,32.49999999999999,6,East,Home Office,Office Supplies,Labels,Standard Class,July,Thursday,2.405141681319138,0,7,4,1.0,1
59.99,1,0.4,-12.9987,-21.66811135189198,6,East,Home Office,Technology,Phones,Standard Class,July,Thursday,4.110709916308365,1,7,4,0.8521008403361344,0
5.72,5,0.7,-4.7625,-83.26048951048952,6,East,Home Office,Office Supplies,Binders,Standard Class,July,Thursday,1.9050881545350582,1,7,4,0.6011730205278593,0
9.42,5,0.7,-7.85,-83.33333333333333,6,East,Home Office,Office Supplies,Binders,Standard Class,July,Thursday,2.343727036325221,1,7,4,0.6011730205278593,0
1999.96,4,0.0,899.982,44.99999999999999,5,East,Corporate,Technology,Copiers,Second Class,December,Friday,7.6013823443789335,0,12,5,1.0,1
216.4,4,0.0,56.264,26.0,4,East,Home Office,Office Supplies,Storage,Standard Class,December,Monday,5.381738974687109,0,12,1,0.7795698924731183,1
6.94,3,0.2,2.3409,33.73054755043228,4,Central,Home Office,Office Supplies,Labels,Standard Class,February,Sunday,2.0719132752590443,0,2,7,1.0,1
4.43,3,0.8,-6.8634,-154.93002257336346,4,Central,Home Office,Office Supplies,Binders,Standard Class,February,Sunday,1.691939133945844,1,2,7,0.6011730205278593,0
2152.78,3,0.2,726.5619,33.74993729038731,5,East,Consumer,Office Supplies,Binders,Standard Class,November,Monday,7.674979716938397,0,11,1,0.6011730205278593,1
4007.84,10,0.2,-50.098,-1.25,5,East,Consumer,Furniture,Bookcases,Standard Class,November,Monday,8.296257201644028,0,11,1,0.5263157894736842,0
328.59,3,0.4,-147.8655,-45.0,3,South,Corporate,Furniture,Tables,First Class,October,Monday,5.79784945776923,1,10,1,0.3627906976744186,0
98.35,3,0.2,-24.588,-25.000508388408747,3,South,Corporate,Office Supplies,Storage,First Class,October,Monday,4.598648968997826,0,10,1,0.7795698924731183,0
158.99,1,0.0,41.3374,26.0,5,East,Corporate,Technology,Phones,Standard Class,October,Sunday,5.075111313280621,0,10,7,0.8521008403361344,1
291.1,5,0.0,75.686,26.0,5,East,Corporate,Furniture,Chairs,Standard Class,October,Sunday,5.677096209393695,0,10,7,0.6042154566744731,1
634.12,6,0.3,-172.1172,-27.142685926953884,4,Central,Home Office,Furniture,Chairs,Standard Class,March,Saturday,6.453813957416858,1,3,6,0.6042154566744731,0
17.47,3,0.2,5.6784,32.50372066399542,4,Central,Home Office,Office Supplies,Paper,Standard Class,March,Saturday,2.9161477942111484,0,3,6,1.0,1
155.88,6,0.0,38.97,25.0,2,Central,Home Office,Furniture,Chairs,First Class,July,Thursday,5.055481181888091,0,7,4,0.6042154566744731,1
327.56,4,0.1,21.8376,6.666748076688239,2,East,Consumer,Furniture,Chairs,Second Class,November,Sunday,5.794719469648303,0,11,7,0.6042154566744731,1
319.97,4,0.2,71.9928,22.49985936181517,2,Central,Home Office,Technology,Accessories,Second Class,October,Monday,5.771347660818625,0,10,1,0.872,1
505.32,3,0.2,31.5825,6.25,2,Central,Home Office,Office Supplies,Storage,Second Class,October,Monday,6.22716888046705,0,10,1,0.7795698924731183,1
3.81,1,0.2,1.2376,32.48293963254593,2,Central,Home Office,Office Supplies,Paper,Second Class,October,Monday,1.57069708411767,0,10,1,1.0,1
8.68,1,0.8,-14.7594,-170.03917050691243,2,Central,Home Office,Office Supplies,Binders,Second Class,October,Monday,2.2700619012884857,1,10,1,0.6011730205278593,0
24.42,1,0.2,7.9378,32.5053235053235,2,Central,Home Office,Office Supplies,Labels,Second Class,October,Monday,3.2355362657613083,0,10,1,1.0,1
1522.64,9,0.1,169.182,11.111096516576472,5,East,Corporate,Furniture,Chairs,Standard Class,June,Friday,7.3288574878697,0,6,5,0.6042154566744731,1
419.9,5,0.0,197.353,47.0,5,West,Corporate,Office Supplies,Envelopes,Standard Class,July,Thursday,6.042395275776525,0,7,4,1.0,1
3.15,1,0.0,1.512,48.00000000000001,5,West,Corporate,Office Supplies,Labels,Standard Class,July,Thursday,1.423108334242607,0,7,4,1.0,1
16.14,3,0.0,7.9086,49.0,5,East,Consumer,Office Supplies,Binders,Standard Class,May,Wednesday,2.8414149131696336,0,5,3,0.6011730205278593,1
194.25,2,0.3,-38.85,-20.0,5,East,Consumer,Furniture,Tables,Standard Class,May,Wednesday,5.274280788719795,1,5,3,0.3627906976744186,0
8.64,3,0.0,2.5056,28.999999999999996,5,East,Consumer,Office Supplies,Art,Standard Class,May,Wednesday,2.265921108622454,0,5,3,1.0,1
872.32,4,0.0,244.2496,27.999999999999996,5,East,Consumer,Furniture,Chairs,Standard Class,May,Wednesday,6.772302040794916,0,5,3,0.6042154566744731,1
2.69,2,0.2,1.008,37.47211895910781,4,Central,Consumer,Office Supplies,Art,Standard Class,April,Friday,1.3056264580524357,0,4,5,1.0,1
317.06,3,0.3,-18.1176,-5.714249668832397,4,Central,Consumer,Furniture,Chairs,Standard Class,April,Friday,5.76224004422777,1,4,5,0.6042154566744731,0
149.35,3,0.2,50.4063,33.75045195848678,4,Central,Consumer,Office Supplies,Envelopes,Standard Class,April,Friday,5.012965909434538,0,4,5,1.0,1
227.98,3,0.2,28.497,12.499780682516011,4,Central,Consumer,Technology,Accessories,Standard Class,April,Friday,5.433634663495666,0,4,5,0.872,1
11.96,2,0.0,5.8604,49.0,6,West,Consumer,Office Supplies,Paper,Standard Class,May,Tuesday,2.561867690924129,0,5,2,1.0,1
563.4,4,0.0,67.608,12.000000000000002,5,East,Corporate,Office Supplies,Storage,Standard Class,November,Friday,6.335763219978659,0,11,5,0.7795698924731183,1
319.92,8,0.0,118.3704,37.0,5,East,Corporate,Technology,Machines,Standard Class,November,Friday,5.771191870885455,0,11,5,0.5975609756097561,1
173.94,6,0.0,50.4426,28.999999999999996,5,South,Consumer,Technology,Phones,Second Class,December,Sunday,5.164443057991709,0,12,7,0.8521008403361344,1
1007.94,7,0.2,75.5958,7.500029763676408,5,West,Consumer,Technology,Phones,Standard Class,August,Monday,6.916655553768857,0,8,1,0.8521008403361344,1
6.68,1,0.0,3.2064,48.0,0,West,Consumer,Office Supplies,Paper,Same Day,October,Saturday,2.038619547159581,0,10,6,1.0,1
8.34,3,0.0,2.2518,26.999999999999996,0,West,Consumer,Office Supplies,Art,Same Day,October,Saturday,2.234306252240751,0,10,6,1.0,1
101.94,3,0.0,30.582,30.0,0,West,Consumer,Furniture,Furnishings,Same Day,October,Saturday,4.6341462942246086,0,10,6,0.8065522620904836,1
179.97,3,0.0,86.3856,48.0,4,West,Corporate,Technology,Accessories,Standard Class,August,Sunday,5.19833127167211,0,8,7,0.872,1
9.91,3,0.2,3.2214,32.50655903128153,3,South,Consumer,Office Supplies,Labels,First Class,March,Sunday,2.3896797998449792,0,3,7,1.0,1
34.65,3,0.0,9.702,28.000000000000004,6,West,Corporate,Office Supplies,Art,Standard Class,April,Thursday,3.573749146860305,0,4,4,1.0,1
19.8,5,0.2,1.7325,8.75,6,West,Corporate,Technology,Phones,Standard Class,April,Thursday,3.0349529867072724,0,4,4,0.8521008403361344,1
33.57,2,0.2,11.7488,34.99791480488531,3,East,Consumer,Office Supplies,Binders,Second Class,June,Monday,3.5429862539335333,0,6,1,0.6011730205278593,1
125.93,7,0.0,35.2604,27.999999999999996,7,Central,Corporate,Office Supplies,Art,Standard Class,May,Monday,4.843635753400086,0,5,1,1.0,1
1.37,1,0.7,-0.91,-66.42335766423358,6,South,Consumer,Office Supplies,Binders,Standard Class,June,Friday,0.8628899551470398,1,6,5,0.6011730205278593,0
62.02,2,0.2,22.4808,36.24766204450177,6,South,Consumer,Office Supplies,Paper,Standard Class,June,Friday,4.143452136329128,0,6,5,1.0,1
60.72,3,0.0,23.6808,39.0,5,East,Corporate,Furniture,Furnishings,Standard Class,December,Tuesday,4.12260802749496,0,12,2,0.8065522620904836,1
146.82,3,0.0,73.41,50.0,5,East,Corporate,Office Supplies,Paper,Standard Class,December,Tuesday,4.995995317356741,0,12,2,1.0,1
239.84,8,0.0,64.7568,26.999999999999996,5,East,Corporate,Furniture,Chairs,Standard Class,December,Tuesday,5.484132812596247,0,12,2,0.6042154566744731,1
15.66,6,0.0,7.2036,46.0,5,East,Corporate,Office Supplies,Labels,Standard Class,December,Tuesday,2.8130106367386967,0,12,2,1.0,1
5.94,3,0.0,0.0,0.0,5,West,Consumer,Office Supplies,Fasteners,Standard Class,May,Thursday,1.937301774518713,0,5,4,0.9019607843137255,0
45.36,7,0.0,21.7728,48.0,5,West,Consumer,Office Supplies,Paper,Standard Class,May,Thursday,3.836437018471551,0,5,4,1.0,1
211.17,4,0.2,23.7564,11.249893450774257,5,West,Consumer,Technology,Phones,Standard Class,May,Thursday,5.357387840125025,0,5,4,0.8521008403361344,1
484.7,6,0.2,-84.8232,-17.500144419228388,5,West,Consumer,Furniture,Chairs,Standard Class,May,Thursday,6.1855911493516995,0,5,4,0.6042154566744731,0
371.98,3,0.2,116.2425,31.24966396042798,5,West,Consumer,Technology,Machines,Standard Class,May,Thursday,5.921524798903301,0,5,4,0.5975609756097561,1
89.82,6,0.0,25.1496,28.000000000000004,0,East,Corporate,Office Supplies,Storage,Same Day,March,Tuesday,4.508879525669805,0,3,2,0.7795698924731183,1
19.3,3,0.2,6.03,31.243523316062177,2,West,Corporate,Office Supplies,Binders,First Class,October,Thursday,3.0106208860477417,0,10,4,0.6011730205278593,1
191.96,2,0.0,51.8292,26.999999999999996,7,South,Consumer,Furniture,Chairs,Standard Class,April,Tuesday,5.262482913538821,0,4,2,0.6042154566744731,1
21.3,3,0.0,9.798,46.0,7,South,Consumer,Office Supplies,Binders,Standard Class,April,Tuesday,3.104586678466073,0,4,2,0.6011730205278593,1
469.95,5,0.0,131.586,28.000000000000004,7,South,Consumer,Technology,Phones,Standard Class,April,Tuesday,6.154751931268826,0,4,2,0.8521008403361344,1
209.88,3,0.0,35.6796,17.0,7,South,Consumer,Furniture,Furnishings,Standard Class,April,Tuesday,5.351289251314142,0,4,2,0.8065522620904836,1
239.67,2,0.15,14.098,5.882254766971252,2,West,Consumer,Furniture,Bookcases,First Class,June,Friday,5.483426700544313,0,6,5,0.5263157894736842,1
22.5,6,0.0,10.8,48.00000000000001,2,West,Consumer,Office Supplies,Labels,First Class,June,Friday,3.1570004211501135,0,6,5,1.0,1
219.84,4,0.0,107.7216,49.0,2,West,Consumer,Office Supplies,Paper,First Class,June,Friday,5.397438457415844,0,6,5,1.0,1
41.88,6,0.0,12.1452,28.999999999999996,3,West,Corporate,Furniture,Furnishings,First Class,September,Saturday,3.7584055167625467,0,9,6,0.8065522620904836,1
58.48,8,0.0,27.4856,47.0,3,West,Corporate,Office Supplies,Labels,First Class,September,Saturday,4.085640121591954,0,9,6,1.0,1
102.44,1,0.3,-13.1706,-12.856891839125343,4,Central,Consumer,Furniture,Tables,Standard Class,January,Monday,4.638991734463602,1,1,1,0.3627906976744186,0
199.3,4,0.3,-8.5416,-4.285800301053689,4,Central,Consumer,Furniture,Chairs,Standard Class,January,Monday,5.299816242671772,1,1,1,0.6042154566744731,0
6999.96,4,0.0,2239.9872,32.0,7,East,Consumer,Technology,Machines,Standard Class,December,Sunday,8.85380256149137,0,12,7,0.5975609756097561,1
12.96,2,0.0,6.2208,47.99999999999999,4,West,Consumer,Office Supplies,Paper,Standard Class,May,Friday,2.6361960973342264,0,5,5,1.0,1
279.86,14,0.0,134.3328,47.99999999999999,3,East,Consumer,Technology,Phones,Second Class,September,Saturday,5.637856324540034,0,9,6,0.8521008403361344,1
7.38,5,0.7,-5.412,-73.33333333333333,4,South,Home Office,Office Supplies,Binders,Standard Class,October,Friday,2.1258479144939915,1,10,5,0.6011730205278593,0
698.35,3,0.2,52.3764,7.500021479200973,5,West,Consumer,Furniture,Chairs,Standard Class,December,Sunday,6.550151332225313,0,12,7,0.6042154566744731,1
1747.25,5,0.0,629.01,36.0,5,West,Consumer,Furniture,Tables,Standard Class,December,Sunday,7.466370566583977,0,12,7,0.3627906976744186,1
54.48,1,0.0,15.2544,28.000000000000004,2,Central,Home Office,Office Supplies,Appliances,Second Class,May,Friday,4.016022595446631,0,5,5,0.867109634551495,1
199.99,1,0.0,85.9957,43.0,0,West,Consumer,Technology,Accessories,Same Day,October,Monday,5.30325515557766,0,10,1,0.872,1
1421.66,8,0.4,-734.5264,-51.666812036633225,2,East,Corporate,Furniture,Tables,Second Class,October,Friday,7.260283637706941,1,10,5,0.3627906976744186,0
438.37,4,0.2,38.3572,8.749960079384994,6,West,Consumer,Technology,Phones,Standard Class,August,Monday,6.085341882699326,0,8,1,0.8521008403361344,1
139.94,7,0.2,-31.4874,-22.500643132771188,6,West,Consumer,Technology,Phones,Standard Class,August,Monday,4.948334267898876,0,8,1,0.8521008403361344,0
133.47,4,0.2,15.0156,11.250168577208361,6,West,Consumer,Office Supplies,Appliances,Standard Class,August,Monday,4.901341125835779,0,8,1,0.867109634551495,1
564.2,3,0.5,-304.6653,-53.99952144629564,6,West,Home Office,Furniture,Tables,Standard Class,December,Thursday,6.337179650810373,1,12,4,0.3627906976744186,0
87.17,2,0.2,8.7168,9.999770563267179,6,West,Home Office,Office Supplies,Appliances,Standard Class,December,Thursday,4.479266769098936,0,12,4,0.867109634551495,1
39.66,2,0.0,11.898,30.000000000000004,2,East,Consumer,Office Supplies,Art,Second Class,August,Saturday,3.7052448082002005,0,8,6,1.0,1
113.92,2,0.0,33.0368,28.999999999999996,2,East,Consumer,Office Supplies,Appliances,Second Class,August,Saturday,4.744236234111089,0,8,6,0.867109634551495,1
447.86,7,0.0,210.4942,47.0,2,East,Consumer,Office Supplies,Binders,Second Class,August,Saturday,6.106711035112369,0,8,6,0.6011730205278593,1
219.84,5,0.2,79.692,36.25,4,Central,Consumer,Office Supplies,Paper,Second Class,July,Thursday,5.397438457415844,0,7,4,1.0,1
49.57,2,0.2,17.3488,34.9985878555578,4,West,Corporate,Office Supplies,Binders,Second Class,August,Saturday,3.9233585150918917,0,8,6,0.6011730205278593,1
265.86,7,0.0,79.758,30.0,5,West,Corporate,Office Supplies,Art,Standard Class,September,Friday,5.5867241763142745,0,9,5,1.0,1
67.96,4,0.0,12.2328,18.0,7,South,Home Office,Furniture,Furnishings,Standard Class,September,Saturday,4.233526626355437,0,9,6,0.8065522620904836,1
10.92,6,0.0,4.914,44.99999999999999,2,Central,Consumer,Office Supplies,Art,Second Class,November,Saturday,2.4782176616372036,0,11,6,1.0,1
83.9,2,0.0,22.653,26.999999999999996,2,Central,Consumer,Technology,Machines,Second Class,November,Saturday,4.441474093317302,0,11,6,0.5975609756097561,1
19.75,5,0.0,5.135,26.0,2,Central,Consumer,Office Supplies,Appliances,Second Class,November,Saturday,3.0325462466767075,0,11,6,0.867109634551495,1
393.54,3,0.0,165.2868,42.0,2,Central,Consumer,Technology,Accessories,Second Class,November,Saturday,5.9777205293157225,0,11,6,0.872,1
46.87,7,0.2,3.5154,7.500320034136976,4,West,Home Office,Furniture,Furnishings,Standard Class,October,Friday,3.8684890034044175,0,10,5,0.8065522620904836,1
20.04,6,0.0,8.8176,44.00000000000001,5,West,Home Office,Furniture,Furnishings,Standard Class,November,Wednesday,3.046425387869509,0,11,3,0.8065522620904836,1
180.02,1,0.2,-15.7514,-8.749805577158092,5,Central,Consumer,Office Supplies,Storage,Standard Class,December,Thursday,5.1986075223990245,0,12,4,0.7795698924731183,0
41.55,2,0.6,-19.7372,-47.502286401925396,5,Central,Consumer,Furniture,Furnishings,Standard Class,December,Thursday,3.750679855019383,1,12,4,0.8065522620904836,0
13.12,5,0.2,1.476,11.25,5,Central,Consumer,Office Supplies,Art,Standard Class,December,Thursday,2.647592232065096,0,12,4,1.0,1
1117.92,4,0.0,55.896,5.0,7,West,Consumer,Office Supplies,Storage,Standard Class,May,Thursday,7.02011921335229,0,5,4,0.7795698924731183,1
47.97,3,0.0,14.8707,31.0,4,Central,Home Office,Technology,Accessories,Standard Class,August,Friday,3.891207865714226,0,8,5,0.872,1
415.18,3,0.2,134.9322,32.49968688279782,5,East,Consumer,Office Supplies,Binders,Standard Class,December,Friday,6.031117858984634,0,12,5,0.6011730205278593,1
35.23,3,0.2,11.4504,32.50184501845019,5,East,Consumer,Office Supplies,Binders,Standard Class,December,Friday,3.5898875049069856,0,12,5,0.6011730205278593,1
54.96,1,0.0,26.9304,49.0,5,East,Consumer,Office Supplies,Paper,Standard Class,December,Friday,4.024637149797281,0,12,5,1.0,1
163.14,4,0.2,20.392,12.49969351477259,4,South,Consumer,Furniture,Furnishings,Standard Class,May,Wednesday,5.100719722201566,0,5,3,0.8065522620904836,1
6.41,4,0.7,-4.9128,-76.64274570982839,4,South,Consumer,Office Supplies,Binders,Standard Class,May,Wednesday,2.0028304393079956,1,5,3,0.6011730205278593,0
217.58,2,0.2,19.0386,8.750160860373194,5,West,Consumer,Technology,Phones,Standard Class,June,Tuesday,5.387152080248527,0,6,2,0.8521008403361344,1
5.43,3,0.0,1.7919,33.0,5,West,Consumer,Office Supplies,Fasteners,Standard Class,June,Tuesday,1.860974538249528,0,6,2,0.9019607843137255,1
143.98,3,0.2,8.9985,6.249826364772885,5,West,Consumer,Technology,Phones,Standard Class,June,Tuesday,4.976595801872731,0,6,2,0.8521008403361344,1
519.68,7,0.2,58.464,11.25,5,South,Corporate,Technology,Phones,Standard Class,September,Saturday,6.25513564959826,0,9,6,0.8521008403361344,1
7.83,3,0.0,3.6018,46.0,5,East,Home Office,Office Supplies,Labels,Standard Class,April,Sunday,2.178155014615869,0,4,7,1.0,1
883.84,4,0.2,99.432,11.25,5,West,Consumer,Furniture,Chairs,Standard Class,November,Saturday,6.785406837702822,0,11,6,0.6042154566744731,1
230.35,3,0.2,20.1558,8.750075971347949,5,West,Consumer,Furniture,Chairs,Standard Class,November,Saturday,5.443931715353009,0,11,6,0.6042154566744731,1
273.92,8,0.2,99.296,36.25,3,West,Corporate,Office Supplies,Binders,First Class,December,Friday,5.616480146253404,0,12,5,0.6011730205278593,1
30.0,6,0.0,14.4,48.00000000000001,7,South,Home Office,Office Supplies,Fasteners,Standard Class,April,Friday,3.4339872044851463,0,4,5,0.9019607843137255,1
25.92,4,0.0,12.7008,48.99999999999999,7,South,Home Office,Office Supplies,Paper,Standard Class,April,Friday,3.2928695047765273,0,4,5,1.0,1
159.92,4,0.0,31.984,20.000000000000004,7,South,Home Office,Furniture,Furnishings,Standard Class,April,Friday,5.080907347081587,0,4,5,0.8065522620904836,1
34.94,3,0.2,3.0576,8.751001717229537,3,South,Consumer,Office Supplies,Appliances,First Class,December,Friday,3.581850881355413,0,12,5,0.867109634551495,1
10.47,3,0.0,4.8162,46.0,4,West,Consumer,Office Supplies,Fasteners,Standard Class,September,Monday,2.4397349311412793,0,9,1,0.9019607843137255,1
11.07,3,0.0,5.2029,47.0,4,West,Consumer,Office Supplies,Labels,Standard Class,September,Monday,2.4907230351094403,0,9,1,1.0,1
20.7,4,0.2,7.764,37.5072463768116,4,West,Consumer,Office Supplies,Binders,Standard Class,September,Monday,3.077312260546414,0,9,1,0.6011730205278593,1
50.5,6,0.2,8.2056,16.24871287128713,5,South,Corporate,Furniture,Furnishings,Standard Class,November,Friday,3.9415818076696905,0,11,5,0.8065522620904836,1
6.13,3,0.7,-4.4946,-73.32137030995106,2,South,Corporate,Office Supplies,Binders,First Class,June,Thursday,1.9643112344262046,1,6,4,0.6011730205278593,0
643.14,4,0.2,56.2744,8.749945579500576,2,South,Corporate,Furniture,Chairs,First Class,June,Thursday,6.467916093782636,0,6,4,0.6042154566744731,1
20.74,4,0.2,7.2576,34.993249758919966,2,South,Corporate,Office Supplies,Paper,First Class,June,Thursday,3.0791538816930633,0,6,4,1.0,1
177.54,4,0.2,62.1376,34.9992114453081,3,West,Corporate,Office Supplies,Paper,First Class,July,Friday,5.184812665751216,0,7,5,1.0,1
32.43,2,0.2,3.2432,10.000616712920134,3,West,Corporate,Office Supplies,Appliances,First Class,July,Friday,3.509453700432007,0,7,5,0.867109634551495,1
11.7,2,0.2,3.9474,33.738461538461536,5,South,Home Office,Office Supplies,Labels,Standard Class,December,Sunday,2.5416019934645457,0,12,7,1.0,1
113.76,3,0.0,44.3664,38.99999999999999,7,West,Consumer,Office Supplies,Appliances,Standard Class,April,Sunday,4.742842991113164,0,4,7,0.867109634551495,1
579.51,3,0.0,81.1314,14.000000000000002,7,West,Consumer,Office Supplies,Storage,Standard Class,April,Sunday,6.363907027518426,0,4,7,0.7795698924731183,1
150.66,9,0.0,6.0264,4.0,7,West,Consumer,Office Supplies,Storage,Standard Class,April,Sunday,5.02164117327279,0,4,7,0.7795698924731183,1
48.03,4,0.2,15.6104,32.50135332084114,7,West,Consumer,Office Supplies,Binders,Standard Class,April,Sunday,3.892432355663142,0,4,7,0.6011730205278593,1
102.62,3,0.2,7.6968,7.500292340674332,5,Central,Consumer,Office Supplies,Storage,Standard Class,May,Monday,4.640730361386642,0,5,1,0.7795698924731183,1
359.77,2,0.3,-5.1396,-1.4285793701531535,5,Central,Consumer,Furniture,Chairs,Standard Class,May,Monday,5.888240636172677,1,5,1,0.6042154566744731,0
13.39,3,0.2,3.1806,23.753547423450335,5,Central,Consumer,Office Supplies,Art,Standard Class,May,Monday,2.6665335208992764,0,5,1,1.0,1
35.88,6,0.0,16.146,45.0,4,East,Corporate,Office Supplies,Paper,Standard Class,February,Monday,3.607669398688393,0,2,1,1.0,1
121.96,2,0.0,20.7332,17.0,2,East,Consumer,Furniture,Chairs,Second Class,June,Tuesday,4.8118590992303405,0,6,2,0.6042154566744731,1
8.74,2,0.0,2.2724,26.0,2,East,Consumer,Office Supplies,Appliances,Second Class,June,Tuesday,2.2762411176544437,0,6,2,0.867109634551495,1
61.96,2,0.0,27.882,45.0,2,East,Consumer,Office Supplies,Paper,Second Class,June,Tuesday,4.1424996041091475,0,6,2,1.0,1
7.96,2,0.0,3.7412,47.0,2,East,Consumer,Office Supplies,Binders,Second Class,June,Tuesday,2.192770226986839,0,6,2,0.6011730205278593,1
275.24,4,0.0,121.1056,43.99999999999999,2,East,Consumer,Office Supplies,Appliances,Second Class,June,Tuesday,5.621270053081737,0,6,2,0.867109634551495,1
253.76,2,0.1,31.0156,12.222414880201764,2,East,Corporate,Furniture,Chairs,Second Class,July,Sunday,5.540321925503165,0,7,7,0.6042154566744731,1
29.24,5,0.2,9.8685,33.75,6,Central,Consumer,Office Supplies,Labels,Standard Class,September,Friday,3.4091655513113324,0,9,5,1.0,1
35.17,2,0.2,-8.3524,-23.74864941711686,6,Central,Consumer,Office Supplies,Storage,Standard Class,September,Friday,3.5882300459640066,0,9,5,0.7795698924731183,0
1362.9,3,0.3,-19.47,-1.4285714285714284,6,Central,Consumer,Technology,Machines,Standard Class,September,Friday,7.21810352193283,1,9,5,0.5975609756097561,0
196.21,7,0.0,98.105,50.0,4,East,Corporate,Office Supplies,Binders,Standard Class,August,Tuesday,5.284269150821977,0,8,2,0.6011730205278593,1
7.71,2,0.2,2.7956,36.25940337224384,4,West,Home Office,Office Supplies,Binders,Standard Class,November,Friday,2.1644717908644115,0,11,5,0.6011730205278593,1
4.18,1,0.2,1.305,31.220095693779903,4,West,Home Office,Office Supplies,Binders,Standard Class,November,Friday,1.6448050562713916,0,11,5,0.6011730205278593,1
38.88,6,0.0,18.6624,48.00000000000001,4,West,Home Office,Office Supplies,Paper,Standard Class,November,Friday,3.6858749450936377,0,11,5,1.0,1
17.64,4,0.0,8.1144,46.0,6,East,Consumer,Office Supplies,Paper,Standard Class,March,Sunday,2.925309809257445,0,3,7,1.0,1
93.46,3,0.2,-17.523,-18.74919751765461,6,Central,Consumer,Office Supplies,Storage,Standard Class,September,Monday,4.548176464467971,0,9,1,0.7795698924731183,0
344.94,3,0.0,31.0446,9.0,5,East,Consumer,Furniture,Bookcases,Second Class,September,Saturday,5.846265349615777,0,9,6,0.5263157894736842,1
14.76,2,0.0,4.2804,29.000000000000004,5,East,Consumer,Furniture,Furnishings,Second Class,September,Saturday,2.757475084429733,0,9,6,0.8065522620904836,1
12.76,2,0.0,5.8696,46.0,5,East,Consumer,Office Supplies,Binders,Second Class,September,Saturday,2.6217658325051976,0,9,6,0.6011730205278593,1
58.48,8,0.0,27.4856,47.0,5,East,Consumer,Office Supplies,Labels,Second Class,September,Saturday,4.085640121591954,0,9,6,1.0,1
129.93,3,0.0,12.993,10.0,7,South,Consumer,Furniture,Furnishings,Standard Class,September,Sunday,4.874662829239662,0,9,7,0.8065522620904836,1
69.93,7,0.0,31.4685,44.99999999999999,7,South,Consumer,Office Supplies,Paper,Standard Class,September,Sunday,4.261693475213995,0,9,7,1.0,1
140.74,4,0.2,12.3144,8.749751314480601,2,South,Corporate,Office Supplies,Art,Second Class,September,Monday,4.95399439338211,0,9,1,1.0,1
8.32,5,0.2,2.808,33.75,1,West,Consumer,Office Supplies,Binders,First Class,November,Wednesday,2.2321626286975,0,11,3,0.6011730205278593,1
9.98,1,0.0,2.7944,27.999999999999996,5,West,Home Office,Furniture,Furnishings,Standard Class,November,Thursday,2.3960754360813845,0,11,4,0.8065522620904836,1
62.94,3,0.0,30.2112,48.00000000000001,3,East,Consumer,Office Supplies,Binders,First Class,August,Friday,4.157945143631696,0,8,5,0.6011730205278593,1
21.49,2,0.2,1.6116,7.499302000930666,4,Central,Corporate,Office Supplies,Storage,Standard Class,November,Monday,3.1130707659712242,0,11,1,0.7795698924731183,1
239.98,3,0.2,26.9973,11.249812484373697,4,Central,Corporate,Technology,Phones,Standard Class,November,Monday,5.48471394249513,0,11,1,0.8521008403361344,1
34.5,2,0.6,-15.5268,-45.00521739130435,4,Central,Corporate,Furniture,Furnishings,Standard Class,November,Monday,3.56953269648137,1,11,1,0.8065522620904836,0
20.1,2,0.6,-16.5858,-82.51641791044774,0,Central,Consumer,Furniture,Furnishings,Same Day,August,Tuesday,3.0492730404820207,1,8,2,0.8065522620904836,0
3.8,1,0.8,-6.0768,-159.91578947368424,0,Central,Consumer,Office Supplies,Binders,Same Day,August,Tuesday,1.5686159179138452,1,8,2,0.6011730205278593,0
7.88,5,0.6,-3.94,-50.0,0,Central,Consumer,Furniture,Furnishings,Same Day,August,Tuesday,2.1838015570040787,1,8,2,0.8065522620904836,0
35.45,1,0.5,-24.1026,-67.9904090267983,7,West,Corporate,Furniture,Tables,Standard Class,December,Sunday,3.5959414584546674,1,12,7,0.3627906976744186,0
269.97,2,0.7,-386.957,-143.33333333333331,7,West,Corporate,Technology,Machines,Standard Class,December,Sunday,5.60200811364487,1,12,7,0.5975609756097561,0
45.12,3,0.2,-7.896,-17.5,7,West,Corporate,Technology,Accessories,Standard Class,December,Sunday,3.8312466954008584,0,12,7,0.872,0
100.8,2,0.2,21.42,21.250000000000004,7,West,Corporate,Technology,Accessories,Standard Class,December,Sunday,4.623010104116422,0,12,7,0.872,1
47.97,2,0.2,4.1972,8.749635188659578,7,West,Corporate,Furniture,Chairs,Standard Class,December,Sunday,3.891207865714226,0,12,7,0.6042154566744731,1
99.98,2,0.0,34.993,35.0,1,West,Consumer,Technology,Accessories,First Class,October,Sunday,4.6149224774307696,0,10,7,0.872,1
9.96,2,0.0,4.8804,48.99999999999999,3,South,Corporate,Office Supplies,Paper,First Class,November,Saturday,2.3942522815198695,0,11,6,1.0,1
98.38,3,0.2,35.6613,36.24852612319577,5,Central,Corporate,Office Supplies,Paper,Standard Class,March,Tuesday,4.598950886174174,0,3,2,1.0,1
22.38,3,0.6,-7.833,-35.0,5,Central,Corporate,Furniture,Furnishings,Standard Class,March,Tuesday,3.1518809560439225,1,3,2,0.8065522620904836,0
6.24,3,0.0,2.6208,42.0,4,West,Consumer,Furniture,Furnishings,Standard Class,June,Tuesday,1.979621206397625,0,6,2,0.8065522620904836,1
17.9,5,0.0,8.95,50.0,4,West,Consumer,Office Supplies,Fasteners,Standard Class,June,Tuesday,2.9391619220655967,0,6,2,0.9019607843137255,1
3266.38,3,0.2,1061.5722,32.49996020058904,4,West,Consumer,Office Supplies,Binders,Standard Class,June,Tuesday,8.091743719498814,0,6,2,0.6011730205278593,1
98.46,9,0.0,49.23,50.0,4,South,Corporate,Office Supplies,Envelopes,Standard Class,July,Saturday,4.599755553286593,0,7,6,1.0,1
358.58,2,0.0,39.4438,11.000000000000002,4,South,Corporate,Furniture,Tables,Standard Class,July,Saturday,5.8849366836981485,0,7,6,0.3627906976744186,1
32.48,2,0.0,4.872,15.000000000000002,7,Central,Corporate,Office Supplies,Storage,Standard Class,October,Sunday,3.5109482456212744,0,10,7,0.7795698924731183,1
17499.95,5,0.0,8399.976,48.00000000000001,7,Central,Corporate,Technology,Copiers,Standard Class,October,Sunday,9.770010444152476,0,10,7,1.0,1
735.98,2,0.0,331.191,44.99999999999999,7,Central,Corporate,Office Supplies,Binders,Standard Class,October,Sunday,6.602560754779058,0,10,7,0.6011730205278593,1
34.37,7,0.0,16.8413,49.00000000000001,7,Central,Corporate,Office Supplies,Binders,Standard Class,October,Sunday,3.5658640032173894,0,10,7,0.6011730205278593,1
33.96,2,0.0,9.5088,28.000000000000004,7,Central,Corporate,Office Supplies,Art,Standard Class,October,Sunday,3.5542045507873348,0,10,7,1.0,1
197.97,3,0.0,53.4519,27.0,3,East,Corporate,Technology,Phones,Second Class,December,Saturday,5.293154059591156,0,12,6,0.8521008403361344,1
8.02,3,0.2,1.002,12.493765586034913,7,Central,Consumer,Office Supplies,Art,Standard Class,October,Saturday,2.199444334074532,0,10,6,1.0,1
146.04,1,0.2,-12.7785,-8.75,0,West,Consumer,Furniture,Tables,Same Day,September,Thursday,4.990704658607377,0,9,4,0.3627906976744186,0
27.88,2,0.0,3.9032,14.000000000000002,4,West,Corporate,Technology,Accessories,Standard Class,November,Sunday,3.3631493140246254,0,11,7,0.872,1
11.12,4,0.0,2.8912,26.0,6,East,Corporate,Office Supplies,Art,Standard Class,July,Monday,2.4948569806411682,0,7,1,1.0,1
14.83,3,0.7,-10.3824,-70.00944032366824,1,East,Home Office,Office Supplies,Binders,First Class,December,Sunday,2.761906873892921,1,12,7,0.6011730205278593,0
20.7,3,0.0,1.656,8.0,5,South,Corporate,Technology,Accessories,Standard Class,September,Monday,3.077312260546414,0,9,1,0.872,1
11.34,3,0.0,5.2164,46.0,5,South,Corporate,Office Supplies,Fasteners,Standard Class,September,Monday,2.5128460184772416,0,9,1,0.9019607843137255,1
67.9,5,0.0,0.679,1.0,5,South,Corporate,Office Supplies,Storage,Standard Class,September,Monday,4.232656178019613,0,9,1,0.7795698924731183,1
1059.12,4,0.0,307.1448,28.999999999999996,5,South,Corporate,Furniture,Chairs,Standard Class,September,Monday,6.966137388245792,0,9,1,0.6042154566744731,1
478.48,2,0.2,47.848,10.0,6,West,Home Office,Furniture,Chairs,Standard Class,July,Sunday,6.172702183338899,0,7,7,0.6042154566744731,1
32.04,4,0.0,14.418,45.0,5,West,Corporate,Office Supplies,Paper,Standard Class,May,Monday,3.497718948652777,0,5,1,1.0,1
55.99,1,0.2,3.4995,6.2502232541525276,4,West,Consumer,Technology,Phones,Standard Class,July,Monday,4.0428758138469085,0,7,1,0.8521008403361344,1
76.86,2,0.2,26.9024,35.001821493624774,3,Central,Consumer,Office Supplies,Paper,First Class,June,Saturday,4.35491234218231,0,6,6,1.0,1
59.92,4,0.0,27.5632,46.0,5,West,Consumer,Furniture,Furnishings,Standard Class,April,Sunday,4.109561528026961,0,4,7,0.8065522620904836,1
1565.88,6,0.0,407.1288,26.0,4,Central,Corporate,Furniture,Bookcases,Standard Class,January,Friday,7.356841659972485,0,1,5,0.5263157894736842,1
106.05,7,0.0,49.8435,47.0,4,Central,Corporate,Office Supplies,Binders,Standard Class,January,Friday,4.6732960150356915,0,1,5,0.6011730205278593,1
12.67,2,0.2,4.752,37.50591949486977,7,West,Corporate,Office Supplies,Binders,Standard Class,August,Sunday,2.6152036507358583,0,8,7,0.6011730205278593,1
91.96,5,0.2,-20.691,-22.5,7,West,Corporate,Technology,Phones,Standard Class,August,Sunday,4.532169293103601,0,8,7,0.8521008403361344,0
254.97,3,0.0,91.7892,36.0,7,West,Corporate,Technology,Accessories,Standard Class,August,Sunday,5.545060250112571,0,8,7,0.872,1
31.98,2,0.2,-7.996,-25.003126954346467,7,West,Corporate,Technology,Phones,Standard Class,August,Sunday,3.495901317131453,0,8,7,0.8521008403361344,0
2887.06,9,0.2,180.441,6.2499913406718255,7,West,Corporate,Furniture,Tables,Standard Class,August,Sunday,7.968340275420175,0,8,7,0.3627906976744186,1
12.96,2,0.0,6.2208,47.99999999999999,7,West,Corporate,Office Supplies,Paper,Standard Class,August,Sunday,2.6361960973342264,0,8,7,1.0,1
47.52,9,0.0,21.384,44.99999999999999,7,West,Corporate,Office Supplies,Paper,Standard Class,August,Sunday,3.8819760840758493,0,8,7,1.0,1
11.95,3,0.2,3.8844,32.505439330543936,3,Central,Corporate,Office Supplies,Labels,Second Class,December,Monday,2.5610957881455465,0,12,1,1.0,1
4.98,1,0.0,2.3406,46.99999999999999,3,West,Consumer,Office Supplies,Paper,First Class,December,Wednesday,1.7884205679625405,0,12,3,1.0,1
10.78,5,0.8,-17.248,-160.0,5,Central,Consumer,Office Supplies,Binders,Second Class,October,Friday,2.4664031782234406,1,10,5,0.6011730205278593,0
119.98,3,0.2,-17.9964,-14.999499916652775,5,Central,Consumer,Technology,Accessories,Second Class,October,Friday,4.795625242678768,0,10,5,0.872,0
25.06,2,0.0,11.7782,47.0,5,South,Consumer,Office Supplies,Labels,Standard Class,September,Monday,3.260401571696699,0,9,1,1.0,1
1652.94,3,0.0,314.0586,19.0,5,South,Consumer,Furniture,Tables,Standard Class,September,Monday,7.410915599230374,0,9,1,0.3627906976744186,1
131.38,6,0.6,-95.2476,-72.49779266250572,0,Central,Consumer,Furniture,Furnishings,Same Day,October,Thursday,4.885676574690777,1,10,4,0.8065522620904836,0
5.34,1,0.2,1.8704,35.026217228464425,0,Central,Consumer,Office Supplies,Paper,Same Day,October,Thursday,1.8468787684491346,0,10,4,1.0,1
2003.92,5,0.2,125.245,6.25,4,West,Home Office,Furniture,Chairs,Second Class,December,Tuesday,7.603359438695257,0,12,2,0.6042154566744731,1
32.4,5,0.0,15.552,48.0,4,West,Home Office,Office Supplies,Paper,Second Class,December,Tuesday,3.5085558999826545,0,12,2,1.0,1
1913.4,9,0.0,401.814,21.0,4,West,Home Office,Furniture,Tables,Second Class,December,Tuesday,7.557159536594163,0,12,2,0.3627906976744186,1
146.73,3,0.0,2.9346,2.0,4,West,Home Office,Office Supplies,Storage,Second Class,December,Tuesday,4.9953862833335165,0,12,2,0.7795698924731183,1
114.2,5,0.0,52.532,46.0,4,West,Home Office,Office Supplies,Paper,Second Class,December,Tuesday,4.746669748261791,0,12,2,1.0,1
2567.84,8,0.0,770.352,30.0,4,Central,Consumer,Furniture,Chairs,Standard Class,May,Sunday,7.8512097141271315,0,5,7,0.6042154566744731,1
602.65,7,0.3,-163.5767,-27.14290218202937,2,Central,Consumer,Furniture,Chairs,Second Class,May,Sunday,6.402994559778397,1,5,7,0.6042154566744731,0
7.66,6,0.8,-13.0152,-169.911227154047,2,Central,Consumer,Office Supplies,Binders,Second Class,May,Sunday,2.1587147225743437,1,5,7,0.6011730205278593,0
559.93,7,0.0,167.979,30.000000000000004,4,East,Home Office,Technology,Accessories,Standard Class,September,Monday,6.329596120553775,0,9,1,0.872,1
1001.58,2,0.2,125.198,12.500049921124623,6,West,Consumer,Technology,Phones,Standard Class,September,Tuesday,6.910331956495587,0,9,2,0.8521008403361344,1
2.5,3,0.7,-2.0016,-80.064,5,East,Consumer,Office Supplies,Binders,Second Class,September,Saturday,1.252762968495368,1,9,6,0.6011730205278593,0
55.98,2,0.2,4.1988,7.500535905680601,4,South,Consumer,Technology,Phones,Standard Class,June,Friday,4.0427003290697625,0,6,5,0.8521008403361344,1
132.16,1,0.2,9.912,7.500000000000001,7,Central,Consumer,Office Supplies,Storage,Standard Class,December,Monday,4.891551412706824,0,12,1,0.7795698924731183,1
17.9,6,0.8,-31.332,-175.03910614525142,7,Central,Consumer,Office Supplies,Binders,Standard Class,December,Monday,2.9391619220655967,1,12,1,0.6011730205278593,0
124.03,4,0.2,44.9616,36.25058453599935,7,Central,Consumer,Office Supplies,Paper,Standard Class,December,Monday,4.828553708506909,0,12,1,1.0,1
1403.92,5,0.2,70.196,5.0,5,West,Corporate,Furniture,Chairs,Standard Class,December,Tuesday,7.247735640644952,0,12,2,0.6042154566744731,1
28.8,3,0.0,0.864,3.0,2,West,Consumer,Office Supplies,Supplies,Second Class,April,Saturday,3.3945083935113587,0,4,6,0.816793893129771,1
24.59,2,0.7,-18.0312,-73.32736884912565,7,East,Corporate,Office Supplies,Binders,Standard Class,May,Thursday,3.2422016501716975,1,5,4,0.6011730205278593,0
491.55,5,0.0,240.8595,49.0,3,South,Consumer,Office Supplies,Labels,Second Class,March,Monday,6.199595978301688,0,3,1,1.0,1
7.38,2,0.0,3.3948,46.0,3,South,Consumer,Office Supplies,Envelopes,Second Class,March,Monday,2.1258479144939915,0,3,1,1.0,1
23.66,7,0.0,10.8836,46.0,4,East,Consumer,Office Supplies,Paper,Standard Class,November,Monday,3.2051824977361982,0,11,1,1.0,1
681.41,12,0.2,42.588,6.249981655684537,4,East,Consumer,Furniture,Bookcases,Standard Class,November,Monday,6.52563065023188,0,11,1,0.5263157894736842,1
18.9,3,0.0,8.694,46.00000000000001,6,West,Consumer,Office Supplies,Labels,Standard Class,July,Thursday,2.990719731730447,0,7,4,1.0,1
93.68,4,0.0,25.2936,27.0,2,West,Consumer,Office Supplies,Storage,Second Class,June,Thursday,4.550502784645783,0,6,4,0.7795698924731183,1
21.93,3,0.0,10.3071,47.0,2,West,Consumer,Office Supplies,Labels,Second Class,June,Thursday,3.132446096869813,0,6,4,1.0,1
862.34,7,0.2,97.0137,11.250052183593477,2,West,Consumer,Technology,Phones,Second Class,June,Thursday,6.760808588003381,0,6,4,0.8521008403361344,1
19.98,1,0.0,9.3906,47.0,2,West,Consumer,Office Supplies,Paper,Second Class,June,Thursday,3.043569602968151,0,6,4,1.0,1
13.49,1,0.4,-2.249,-16.671608598962194,4,East,Consumer,Technology,Phones,Standard Class,July,Monday,2.673458756332591,1,7,1,0.8521008403361344,0
23.99,2,0.4,-13.993,-58.328470195914974,4,East,Consumer,Technology,Phones,Standard Class,July,Monday,3.218475744846861,1,7,1,0.8521008403361344,0
31.98,2,0.2,1.1994,3.7504690431519703,4,East,Consumer,Furniture,Furnishings,Standard Class,July,Monday,3.495901317131453,0,7,1,0.8065522620904836,1
41.58,2,0.2,4.6782,11.251082251082252,4,East,Consumer,Office Supplies,Art,Standard Class,July,Monday,3.7513846594653333,0,7,1,1.0,1
84.27,2,0.6,-75.8448,-90.00213599145604,2,Central,Home Office,Furniture,Furnishings,First Class,September,Friday,4.445822692753958,1,9,5,0.8065522620904836,0
36.54,2,0.2,11.8768,32.503557744937055,0,Central,Consumer,Office Supplies,Paper,Same Day,June,Sunday,3.6254070311583626,0,6,7,1.0,1
479.72,4,0.0,52.7692,10.999999999999998,4,West,Consumer,Technology,Accessories,Standard Class,November,Saturday,6.175284980025673,0,11,6,0.872,1
623.96,5,0.2,38.9975,6.25,5,West,Consumer,Technology,Phones,Standard Class,July,Saturday,6.437687647688314,0,7,6,0.8521008403361344,1
11.12,4,0.0,5.4488,49.00000000000001,4,East,Corporate,Office Supplies,Binders,Standard Class,September,Tuesday,2.4948569806411682,0,9,2,0.6011730205278593,1
523.92,5,0.2,-26.196,-5.000000000000001,4,East,Consumer,Furniture,Bookcases,Standard Class,September,Friday,6.2632458700280855,0,9,5,0.5263157894736842,0
2.48,2,0.0,1.1656,47.0,4,West,Home Office,Office Supplies,Fasteners,Standard Class,November,Monday,1.247032293786383,0,11,1,0.9019607843137255,1
221.02,2,0.2,-55.256,-25.000452447742283,4,Central,Consumer,Office Supplies,Storage,Standard Class,April,Saturday,5.402767467904501,0,4,6,0.7795698924731183,0
128.06,3,0.3,-23.7822,-18.57113852881462,4,Central,Consumer,Furniture,Chairs,Standard Class,April,Saturday,4.860277412507694,1,4,6,0.6042154566744731,0
479.99,2,0.4,55.9986,11.666618054542804,4,Central,Corporate,Technology,Machines,Standard Class,November,Friday,6.175846479868856,1,11,5,0.5975609756097561,1
11.81,3,0.2,4.1328,34.99407281964436,1,West,Consumer,Office Supplies,Binders,First Class,October,Friday,2.550226115908643,0,10,5,0.6011730205278593,1
53.57,4,0.2,19.4184,36.248646630576815,1,West,Consumer,Office Supplies,Binders,First Class,October,Friday,3.9994842811981406,0,10,5,0.6011730205278593,1
503.96,5,0.2,50.396,10.0,1,West,Consumer,Technology,Phones,First Class,October,Friday,6.224479218217454,0,10,5,0.8521008403361344,1
21.34,2,0.0,9.8164,46.0,7,West,Corporate,Office Supplies,Envelopes,Standard Class,April,Saturday,3.1063787936410545,0,4,6,1.0,1
36.4,5,0.0,17.108,47.0,5,South,Consumer,Office Supplies,Binders,Standard Class,July,Thursday,3.6216707044204863,0,7,4,0.6011730205278593,1
51.75,1,0.0,15.525,30.0,5,South,Consumer,Furniture,Furnishings,Standard Class,July,Thursday,3.965563772356176,0,7,4,0.8065522620904836,1
15.51,1,0.0,4.3428,28.000000000000004,2,West,Home Office,Office Supplies,Storage,Second Class,September,Sunday,2.8039662579320366,0,9,7,0.7795698924731183,1
146.82,3,0.0,73.41,50.0,2,West,Home Office,Office Supplies,Paper,Second Class,September,Sunday,4.995995317356741,0,9,7,1.0,1
12.96,2,0.0,6.2208,47.99999999999999,2,West,Home Office,Office Supplies,Paper,Second Class,September,Sunday,2.6361960973342264,0,9,7,1.0,1
10.2,5,0.0,4.794,47.0,4,South,Corporate,Office Supplies,Envelopes,Second Class,July,Saturday,2.4159137783010487,0,7,6,1.0,1
22.32,3,0.0,5.58,25.0,4,South,Corporate,Office Supplies,Art,Second Class,July,Saturday,3.1493113614822916,0,7,6,1.0,1
24.1,5,0.0,11.086,46.0,4,South,Corporate,Office Supplies,Binders,Second Class,July,Saturday,3.2228678461377385,0,7,6,0.6011730205278593,1
75.98,2,0.0,18.2352,23.999999999999996,4,South,Corporate,Technology,Accessories,Second Class,July,Saturday,4.3435456478556,0,7,6,0.872,1
6.46,2,0.0,3.1654,49.0,4,South,Corporate,Office Supplies,Binders,Second Class,July,Saturday,2.0095554142156695,0,7,6,0.6011730205278593,1
60.12,9,0.0,28.8576,48.00000000000001,4,South,Corporate,Office Supplies,Paper,Second Class,July,Saturday,4.112839144858265,0,7,6,1.0,1
824.97,3,0.0,214.4922,26.0,4,East,Corporate,Technology,Phones,Second Class,October,Friday,6.7165584532488145,0,10,5,0.8521008403361344,1
24.85,5,0.0,7.7035,31.0,3,West,Consumer,Furniture,Furnishings,Second Class,January,Sunday,3.2523106009544382,0,1,7,0.8065522620904836,1
5.9,2,0.2,1.9926,33.7728813559322,4,West,Corporate,Office Supplies,Labels,Standard Class,June,Sunday,1.9315214116032138,0,6,7,1.0,1
621.76,4,0.2,46.632,7.5,4,West,Corporate,Furniture,Furnishings,Standard Class,June,Sunday,6.434161211821474,0,6,7,0.8065522620904836,1
59.98,2,0.0,17.994,30.0,3,South,Consumer,Technology,Phones,First Class,November,Friday,4.110545941560109,0,11,5,0.8521008403361344,1
5.92,4,0.0,2.8416,48.00000000000001,1,East,Corporate,Office Supplies,Fasteners,First Class,November,Friday,1.9344157696295783,0,11,5,0.9019607843137255,1
30.18,3,0.0,13.8828,46.0,1,East,Corporate,Office Supplies,Paper,First Class,November,Friday,3.4397768636296306,0,11,5,1.0,1
24.1,5,0.0,11.086,46.0,4,Central,Consumer,Office Supplies,Binders,Standard Class,September,Thursday,3.2228678461377385,0,9,4,0.6011730205278593,1
8.78,1,0.0,2.2828,26.0,4,Central,Consumer,Technology,Phones,Standard Class,September,Thursday,2.280339484046726,0,9,4,0.8521008403361344,1
376.74,4,0.1,71.162,18.888888888888893,4,Central,Consumer,Office Supplies,Appliances,Standard Class,September,Thursday,5.9342061282677,0,9,4,0.867109634551495,1
29.52,4,0.0,14.4648,49.0,4,Central,Consumer,Office Supplies,Binders,Standard Class,September,Thursday,3.4183822064162563,0,9,4,0.6011730205278593,1
11.96,2,0.0,2.99,25.0,4,Central,Consumer,Office Supplies,Art,Standard Class,September,Thursday,2.561867690924129,0,9,4,1.0,1
26.4,5,0.0,12.672,48.00000000000001,4,Central,Consumer,Office Supplies,Binders,Standard Class,September,Thursday,3.3105430133940246,0,9,4,0.6011730205278593,1
44.43,3,0.0,18.6606,42.0,5,South,Consumer,Office Supplies,Appliances,Second Class,November,Sunday,3.816172679771312,0,11,7,0.867109634551495,1
226.2,5,0.0,58.812,26.0,5,South,Consumer,Technology,Phones,Second Class,November,Sunday,5.4258306868469965,0,11,7,0.8521008403361344,1
186.54,3,0.0,41.0388,22.000000000000004,5,South,Consumer,Furniture,Furnishings,Second Class,November,Sunday,5.233992155991479,0,11,7,0.8065522620904836,1
265.86,7,0.0,79.758,30.0,5,South,Consumer,Office Supplies,Art,Second Class,November,Sunday,5.5867241763142745,0,11,7,1.0,1
27.9,5,0.0,6.975,25.0,5,South,Consumer,Office Supplies,Art,Second Class,November,Sunday,3.3638415951183864,0,11,7,1.0,1
31.08,4,0.0,8.3916,27.0,7,West,Corporate,Office Supplies,Appliances,Standard Class,November,Thursday,3.4682327829983137,0,11,4,0.867109634551495,1
12.96,2,0.0,6.3504,48.99999999999999,6,West,Home Office,Office Supplies,Paper,Standard Class,September,Friday,2.6361960973342264,0,9,5,1.0,1
366.74,4,0.3,-110.0232,-30.000327207285814,4,Central,Home Office,Furniture,Chairs,Standard Class,March,Monday,5.907376166725696,1,3,1,0.6042154566744731,0
289.24,7,0.0,26.0316,9.0,2,West,Corporate,Furniture,Furnishings,Second Class,August,Tuesday,5.670708166926771,0,8,2,0.8065522620904836,1
69.46,2,0.2,22.5732,32.49812841923409,2,West,Corporate,Office Supplies,Binders,Second Class,August,Tuesday,4.255045172913092,0,8,2,0.6011730205278593,1
5.18,1,0.2,1.8144,35.02702702702703,5,Central,Corporate,Office Supplies,Paper,Standard Class,December,Tuesday,1.8213182714695995,0,12,2,1.0,1
205.16,2,0.1,13.6776,6.6667966465197885,4,East,Consumer,Furniture,Chairs,Standard Class,November,Sunday,5.328652566344109,0,11,7,0.6042154566744731,1
8.54,2,0.6,-7.476,-87.54098360655739,6,Central,Corporate,Furniture,Furnishings,Standard Class,December,Monday,2.255493485460195,1,12,1,0.8065522620904836,0
12.83,2,0.7,-8.9796,-69.98908807482462,4,East,Corporate,Office Supplies,Binders,Standard Class,August,Friday,2.626840145676667,1,8,5,0.6011730205278593,0
598.46,3,0.3,-42.747,-7.1428332720649665,4,East,Corporate,Furniture,Chairs,Standard Class,August,Friday,6.396029249972982,1,8,5,0.6042154566744731,0
25.98,1,0.2,-3.8976,-15.002309468822173,4,East,Corporate,Furniture,Furnishings,Standard Class,August,Friday,3.2950958507796098,0,8,5,0.8065522620904836,0
17.96,5,0.2,5.837,32.49999999999999,4,East,Consumer,Office Supplies,Binders,Standard Class,May,Friday,2.942331496826876,0,5,5,0.6011730205278593,1
5.04,2,0.0,0.1512,3.0,4,East,Consumer,Office Supplies,Supplies,Standard Class,May,Friday,1.7984040119467235,0,5,5,0.816793893129771,1
208.16,1,0.0,56.2032,27.0,4,East,Consumer,Office Supplies,Appliances,Standard Class,May,Friday,5.34309950931993,0,5,5,0.867109634551495,1
146.76,3,0.0,38.1576,26.0,2,South,Corporate,Office Supplies,Appliances,Second Class,March,Tuesday,4.995589335890984,0,3,2,0.867109634551495,1
32.96,2,0.0,14.1728,43.0,2,South,Corporate,Technology,Accessories,Second Class,March,Tuesday,3.5251833614431467,0,3,2,0.872,1
587.97,3,0.0,164.6316,27.999999999999996,2,South,Corporate,Technology,Phones,Second Class,March,Tuesday,6.378375248568339,0,3,2,0.8521008403361344,1
14.94,3,0.0,7.0218,47.0,2,South,Corporate,Office Supplies,Paper,Second Class,March,Tuesday,2.768831673362069,0,3,2,1.0,1
25.83,7,0.0,12.1401,47.0,4,East,Consumer,Office Supplies,Labels,Second Class,June,Thursday,3.2895206644375325,0,6,4,1.0,1
15.55,3,0.2,5.4432,35.004501607717046,4,West,Consumer,Office Supplies,Paper,Standard Class,August,Saturday,2.806386101823072,0,8,6,1.0,1
6.8,1,0.2,0.51,7.5,4,West,Consumer,Office Supplies,Supplies,Standard Class,August,Saturday,2.0541237336955462,0,8,6,0.816793893129771,1
4.22,3,0.2,1.2672,30.02843601895735,4,West,Consumer,Furniture,Furnishings,Standard Class,August,Saturday,1.6524974018945473,0,8,6,0.8065522620904836,1
143.64,9,0.2,10.773,7.500000000000001,4,West,Consumer,Technology,Phones,Standard Class,August,Saturday,4.974247896643866,0,8,6,0.8521008403361344,1
31.1,6,0.2,10.8864,35.004501607717046,4,West,Consumer,Office Supplies,Paper,Standard Class,August,Saturday,3.4688560301359703,0,8,6,1.0,1
223.06,9,0.2,69.705,31.249439612660268,4,West,Consumer,Office Supplies,Paper,Standard Class,August,Saturday,5.411913873130577,0,8,6,1.0,1
33.9,5,0.0,15.594,46.0,3,Central,Consumer,Office Supplies,Paper,Second Class,December,Tuesday,3.5524868292083815,0,12,2,1.0,1
28.14,3,0.0,7.8792,27.999999999999996,5,East,Corporate,Office Supplies,Storage,Standard Class,November,Friday,3.3721118007670587,0,11,5,0.7795698924731183,1
36.0,2,0.0,6.48,18.000000000000004,5,East,Corporate,Technology,Accessories,Standard Class,November,Friday,3.6109179126442243,0,11,5,0.872,1
92.94,3,0.0,25.0938,27.0,5,East,Corporate,Office Supplies,Art,Standard Class,November,Friday,4.542656280598849,0,11,5,1.0,1
245.65,3,0.1,8.1882,3.3332790555668637,5,East,Corporate,Furniture,Chairs,Standard Class,November,Friday,5.507970327679748,0,11,5,0.6042154566744731,1
55.01,3,0.2,17.19,31.248863842937652,5,East,Corporate,Office Supplies,Binders,Standard Class,November,Friday,4.025530246221741,0,11,5,0.6011730205278593,1
35.23,3,0.2,11.4504,32.50184501845019,5,East,Corporate,Office Supplies,Binders,Standard Class,November,Friday,3.5898875049069856,0,11,5,0.6011730205278593,1
479.98,2,0.2,89.997,18.750156256510685,2,South,Consumer,Technology,Copiers,Second Class,May,Friday,6.175825689199708,0,5,5,1.0,1
9.25,2,0.2,3.3524,36.24216216216216,6,Central,Corporate,Office Supplies,Paper,Standard Class,November,Thursday,2.327277705584417,0,11,4,1.0,1
99.59,1,0.2,2.4898,2.50005020584396,4,West,Home Office,Furniture,Tables,Standard Class,April,Tuesday,4.611052849146247,0,4,2,0.3627906976744186,1
399.96,4,0.0,139.986,35.0,4,West,Home Office,Technology,Accessories,Standard Class,April,Tuesday,5.993861671707704,0,4,2,0.872,1
15.55,3,0.2,5.4432,35.004501607717046,2,South,Consumer,Office Supplies,Paper,First Class,August,Sunday,2.806386101823072,0,8,7,1.0,1
14.58,2,0.2,2.3686,16.245541838134432,5,West,Home Office,Office Supplies,Art,Standard Class,September,Thursday,2.7459880404426023,0,9,4,1.0,1
209.6,5,0.2,68.12,32.5,0,West,Consumer,Office Supplies,Binders,Same Day,December,Sunday,5.349960599699875,0,12,7,0.6011730205278593,1
23.32,2,0.0,6.0632,26.0,0,West,Consumer,Office Supplies,Art,Same Day,December,Sunday,3.1912990570979662,0,12,7,1.0,1
30.98,1,0.0,13.941,45.0,0,West,Consumer,Office Supplies,Paper,Same Day,December,Sunday,3.4651107074058083,0,12,7,1.0,1
119.96,4,0.0,25.1916,21.000000000000004,0,West,Consumer,Technology,Accessories,Same Day,December,Sunday,4.795459912431223,0,12,7,0.872,1
363.92,5,0.2,-31.843,-8.75,0,West,Consumer,Furniture,Chairs,Same Day,December,Sunday,5.899678151477274,0,12,7,0.6042154566744731,0
35.81,3,0.2,11.19,31.248254677464395,0,West,Consumer,Office Supplies,Binders,Same Day,December,Sunday,3.60576954739093,0,12,7,0.6011730205278593,1
122.69,9,0.2,39.8736,32.49947020947103,0,West,Consumer,Office Supplies,Binders,Same Day,December,Sunday,4.817778435386918,0,12,7,0.6011730205278593,1
892.14,7,0.2,111.517,12.499943954984644,0,West,Consumer,Furniture,Tables,Same Day,December,Sunday,6.794743343504609,0,12,7,0.3627906976744186,1
50.22,3,0.0,2.0088,4.0,0,West,Consumer,Office Supplies,Storage,Same Day,December,Sunday,3.9361300807713793,0,12,7,0.7795698924731183,1
83.42,2,0.0,24.1918,28.999999999999996,0,West,Consumer,Office Supplies,Appliances,Same Day,December,Sunday,4.435804340354353,0,12,7,0.867109634551495,1
5.87,2,0.2,2.1286,36.26235093696763,0,West,Consumer,Office Supplies,Binders,Same Day,December,Sunday,1.927164106234258,0,12,7,0.6011730205278593,1
12.14,3,0.2,4.0986,33.76112026359143,2,West,Corporate,Office Supplies,Binders,Second Class,February,Tuesday,2.5756610130564646,0,2,2,0.6011730205278593,1
27.79,3,0.2,10.422,37.502698812522496,2,West,Consumer,Office Supplies,Envelopes,Second Class,December,Thursday,3.3600281046240843,0,12,4,1.0,1
1261.33,7,0.0,327.9458,26.0,2,West,Corporate,Office Supplies,Storage,First Class,December,Saturday,7.140714498617577,0,12,6,0.7795698924731183,1
38.88,6,0.0,18.6624,48.00000000000001,4,West,Home Office,Office Supplies,Paper,Standard Class,May,Monday,3.6858749450936377,0,5,1,1.0,1
1.96,2,0.8,-3.2406,-165.33673469387756,5,Central,Corporate,Office Supplies,Binders,Standard Class,May,Saturday,1.085189268335969,1,5,6,0.6011730205278593,0
82.66,9,0.2,30.996,37.49818533752722,5,Central,Corporate,Office Supplies,Paper,Standard Class,May,Saturday,4.426760966014053,0,5,6,1.0,1
5.98,1,0.0,2.691,44.99999999999999,5,West,Consumer,Office Supplies,Paper,Standard Class,August,Saturday,1.9430489167742813,0,8,6,1.0,1
9.25,2,0.2,3.3524,36.24216216216216,5,Central,Home Office,Office Supplies,Paper,Second Class,September,Monday,2.327277705584417,0,9,1,1.0,1
4.45,2,0.2,0.3336,7.496629213483145,5,Central,Consumer,Office Supplies,Art,Standard Class,July,Saturday,1.6956156086751528,0,7,6,1.0,1
5.18,1,0.2,1.8144,35.02702702702703,5,Central,Consumer,Office Supplies,Paper,Standard Class,July,Saturday,1.8213182714695995,0,7,6,1.0,1
175.92,5,0.2,15.393,8.75,5,Central,Consumer,Office Supplies,Art,Standard Class,July,Saturday,5.1756976530001255,0,7,6,1.0,1
4.75,4,0.8,-8.316,-175.07368421052632,5,Central,Consumer,Office Supplies,Binders,Standard Class,July,Saturday,1.749199854809259,1,7,6,0.6011730205278593,0
13.34,2,0.2,1.0008,7.502248875562219,5,Central,Consumer,Office Supplies,Supplies,Standard Class,July,Saturday,2.663052835171474,0,7,6,0.816793893129771,1
54.9,5,0.0,26.901,49.0,5,West,Consumer,Office Supplies,Envelopes,Standard Class,May,Thursday,4.023564380161053,0,5,4,1.0,1
22.91,7,0.7,-17.5651,-76.67001309471847,4,South,Consumer,Office Supplies,Binders,Standard Class,September,Friday,3.1742967814702334,1,9,5,0.6011730205278593,0
309.46,9,0.2,34.8138,11.249854585406839,4,South,Consumer,Office Supplies,Appliances,Standard Class,September,Friday,5.738055068598297,0,9,5,0.867109634551495,1
19.46,4,0.2,3.4048,17.49640287769784,4,South,Consumer,Office Supplies,Art,Standard Class,September,Friday,3.0184717605234805,0,9,5,1.0,1
472.52,3,0.4,-149.6307,-31.66653263353932,4,South,Consumer,Furniture,Tables,Standard Class,September,Friday,6.16019415038247,1,9,5,0.3627906976744186,0
1012.68,3,0.2,303.804,30.0,4,South,Consumer,Technology,Accessories,Standard Class,September,Friday,6.9213425524906524,0,9,5,0.872,1
17.22,5,0.7,-12.628,-73.33333333333334,4,South,Consumer,Office Supplies,Binders,Standard Class,September,Friday,2.9025198918318122,1,9,5,0.6011730205278593,0
79.36,4,0.0,23.808,30.0,2,West,Consumer,Office Supplies,Art,Second Class,October,Sunday,4.386516539946734,0,10,7,1.0,1
106.32,3,0.0,49.9704,47.0,4,South,Consumer,Office Supplies,Paper,Standard Class,January,Friday,4.675815025557423,0,1,5,1.0,1
163.44,3,0.0,45.7632,27.999999999999996,4,South,Consumer,Office Supplies,Appliances,Standard Class,January,Friday,5.102545762029678,0,1,5,0.867109634551495,1
42.76,2,0.0,11.1176,26.0,4,South,Consumer,Office Supplies,Art,Standard Class,January,Friday,3.7787201581137255,0,1,5,1.0,1
51.55,5,0.0,24.2285,47.0,4,South,Consumer,Office Supplies,Paper,Standard Class,January,Friday,3.96176509732296,0,1,5,1.0,1
479.95,6,0.2,89.991,18.75007813313887,4,Central,Consumer,Technology,Accessories,Second Class,February,Monday,6.175763314598624,0,2,1,0.872,1
146.69,6,0.2,55.008,37.499488717704004,1,East,Consumer,Office Supplies,Binders,First Class,August,Friday,4.9951154824382185,0,8,5,0.6011730205278593,1
276.78,2,0.2,89.9548,32.50046968711613,1,East,Consumer,Office Supplies,Binders,First Class,August,Friday,5.626829433488073,0,8,5,0.6011730205278593,1
25.32,5,0.2,9.1785,36.25,1,East,Consumer,Office Supplies,Binders,First Class,August,Friday,3.2703291064571163,0,8,5,0.6011730205278593,1
212.64,6,0.0,99.9408,47.0,4,East,Consumer,Office Supplies,Paper,Second Class,December,Saturday,5.364292355471569,0,12,6,1.0,1
23.47,3,0.2,8.802,37.50319556881125,5,West,Consumer,Office Supplies,Envelopes,Standard Class,November,Sunday,3.19744787745458,0,11,7,1.0,1
19.65,2,0.2,6.6312,33.746564885496184,4,Central,Corporate,Office Supplies,Paper,Second Class,August,Monday,3.027715319407042,0,8,1,1.0,1
6.57,3,0.7,-5.037,-76.66666666666666,3,East,Consumer,Office Supplies,Binders,First Class,September,Sunday,2.0241930674493576,1,9,7,0.6011730205278593,0
25.98,2,0.0,0.7794,3.0,7,East,Consumer,Technology,Phones,Standard Class,April,Tuesday,3.2950958507796098,0,4,2,0.8521008403361344,1
3.28,2,0.0,1.476,45.0,7,East,Consumer,Office Supplies,Art,Standard Class,April,Tuesday,1.4539530095937052,0,4,2,1.0,1
459.88,4,0.0,13.7964,3.0000000000000004,7,East,Consumer,Office Supplies,Storage,Standard Class,April,Tuesday,6.133137705424128,0,4,2,0.7795698924731183,1
7.76,2,0.0,2.2504,28.999999999999996,7,East,Consumer,Office Supplies,Supplies,Standard Class,April,Tuesday,2.1701959049483,0,4,2,0.816793893129771,1
71.96,2,0.0,17.99,25.0,7,East,Consumer,Office Supplies,Art,Standard Class,April,Tuesday,4.289911345766076,0,4,2,1.0,1
54.9,5,0.0,15.372,28.000000000000004,7,East,Consumer,Office Supplies,Supplies,Standard Class,April,Tuesday,4.023564380161053,0,4,2,0.816793893129771,1
9.28,2,0.2,3.248,35.0,7,East,Consumer,Office Supplies,Binders,Standard Class,April,Tuesday,2.330200260027019,0,4,2,0.6011730205278593,1
1685.88,6,0.0,320.3172,19.0,1,West,Corporate,Furniture,Tables,First Class,May,Thursday,7.430635947828639,0,5,4,0.3627906976744186,1
5.73,2,0.2,2.0048,34.987783595113434,1,West,Corporate,Office Supplies,Binders,First Class,May,Thursday,1.9065751436566365,0,5,4,0.6011730205278593,1
61.96,2,0.0,27.882,45.0,5,West,Consumer,Office Supplies,Paper,Second Class,October,Saturday,4.1424996041091475,0,10,6,1.0,1
1.34,1,0.2,0.4704,35.1044776119403,5,West,Consumer,Office Supplies,Binders,Second Class,October,Saturday,0.8501509293696101,0,10,6,0.6011730205278593,1
67.19,1,0.7,-51.5154,-76.67123083792231,6,South,Corporate,Office Supplies,Binders,Standard Class,January,Monday,4.222297926532561,1,1,1,0.6011730205278593,0
10.02,3,0.0,4.4088,44.00000000000001,7,East,Corporate,Furniture,Furnishings,Standard Class,August,Sunday,2.3997118037247684,0,8,7,0.8065522620904836,1
144.12,3,0.0,69.1776,48.0,7,East,Corporate,Office Supplies,Paper,Standard Class,August,Sunday,4.977560986366827,0,8,7,1.0,1
17.94,3,0.0,8.7906,48.99999999999999,2,South,Consumer,Office Supplies,Paper,Second Class,September,Tuesday,2.9412760877579323,0,9,2,1.0,1
13.89,3,0.0,4.5837,33.0,2,South,Consumer,Office Supplies,Art,Second Class,September,Tuesday,2.7006898466959175,0,9,2,1.0,1
16.45,5,0.0,7.567,46.0,6,East,Consumer,Office Supplies,Paper,Standard Class,November,Monday,2.859339648648436,0,11,1,1.0,1
19.92,4,0.0,6.5736,32.99999999999999,6,East,Consumer,Furniture,Furnishings,Standard Class,November,Monday,3.040705639196722,0,11,1,0.8065522620904836,1
35.17,4,0.2,8.3524,23.74864941711686,6,South,Consumer,Technology,Accessories,Standard Class,April,Saturday,3.5882300459640066,0,4,6,0.872,1
123.09,7,0.2,40.0036,32.499471931107315,6,South,Consumer,Office Supplies,Paper,Standard Class,April,Saturday,4.821007108786528,0,4,6,1.0,1
7.23,5,0.7,-5.784,-80.0,7,South,Consumer,Office Supplies,Binders,Standard Class,November,Friday,2.1077860146889784,1,11,5,0.6011730205278593,0
17.44,2,0.2,1.308,7.5,7,South,Consumer,Office Supplies,Storage,Standard Class,November,Friday,2.914522218128448,0,11,5,0.7795698924731183,1
62.88,4,0.7,-50.304,-80.0,7,South,Consumer,Office Supplies,Binders,Standard Class,November,Friday,4.1570063233468115,1,11,5,0.6011730205278593,0
290.35,3,0.2,-36.294,-12.50008610297916,7,South,Consumer,Furniture,Bookcases,Standard Class,November,Friday,5.674525293589083,0,11,5,0.5263157894736842,0
111.15,5,0.0,48.906,43.99999999999999,5,South,Home Office,Furniture,Furnishings,Standard Class,November,Monday,4.719837260966218,0,11,1,0.8065522620904836,1
92.94,3,0.0,41.823,45.0,5,East,Consumer,Office Supplies,Paper,Standard Class,June,Sunday,4.542656280598849,0,6,7,1.0,1
52.56,3,0.0,18.396,35.0,5,East,Consumer,Office Supplies,Appliances,Standard Class,June,Sunday,3.9808025208229716,0,6,7,0.867109634551495,1
971.88,3,0.2,109.3365,11.25,4,Central,Consumer,Technology,Phones,Standard Class,June,Friday,6.880260744672744,0,6,5,0.8521008403361344,1
88.77,2,0.2,31.0688,34.9992114453081,6,South,Corporate,Office Supplies,Paper,Standard Class,October,Thursday,4.497250843768597,0,10,4,1.0,1
53.09,7,0.8,-108.8304,-204.99227726502164,5,Central,Consumer,Office Supplies,Appliances,Standard Class,December,Thursday,3.9906493258833358,1,12,4,0.867109634551495,0
275.88,6,0.0,46.8996,17.0,2,South,Consumer,Furniture,Furnishings,Second Class,December,Friday,5.623584199327089,0,12,5,0.8065522620904836,1
157.9,5,0.0,74.213,46.99999999999999,2,South,Consumer,Office Supplies,Binders,Second Class,December,Friday,5.0682750735426705,0,12,5,0.6011730205278593,1
87.92,4,0.0,0.8792,1.0,3,West,Consumer,Office Supplies,Storage,Second Class,March,Monday,4.487737089095996,0,3,1,0.7795698924731183,1
5.98,1,0.0,2.9302,49.0,3,West,Consumer,Office Supplies,Paper,Second Class,March,Monday,1.9430489167742813,0,3,1,1.0,1
222.38,2,0.2,16.6788,7.5001349042180046,5,Central,Home Office,Technology,Phones,Second Class,May,Wednesday,5.408874357112681,0,5,3,0.8521008403361344,1
16.0,4,0.2,5.6,35.0,5,Central,Home Office,Office Supplies,Fasteners,Second Class,May,Wednesday,2.833213344056216,0,5,3,0.9019607843137255,1
21.84,3,0.0,10.92,50.0,5,South,Consumer,Office Supplies,Paper,Standard Class,July,Friday,3.1285133847878095,0,7,5,1.0,1
15.6,5,0.0,7.644,49.00000000000001,5,South,Consumer,Office Supplies,Binders,Standard Class,July,Friday,2.8094026953624978,0,7,5,0.6011730205278593,1
247.84,8,0.0,121.4416,49.0,2,East,Corporate,Office Supplies,Envelopes,Second Class,April,Tuesday,5.516810119646819,0,4,2,1.0,1
9.91,3,0.2,3.3453,33.75681130171544,2,East,Corporate,Office Supplies,Binders,Second Class,April,Tuesday,2.3896797998449792,0,4,2,0.6011730205278593,1
69.52,2,0.0,17.38,25.0,3,East,Consumer,Office Supplies,Storage,First Class,September,Monday,4.25589635752967,0,9,1,0.7795698924731183,1
11.52,4,0.0,3.2256,28.000000000000004,2,West,Consumer,Office Supplies,Art,Second Class,July,Tuesday,2.5273273656719524,0,7,2,1.0,1
717.72,3,0.2,71.772,10.0,2,West,Consumer,Furniture,Chairs,Second Class,July,Tuesday,6.5774718521100235,0,7,2,0.6042154566744731,1
236.5,10,0.0,68.585,28.999999999999996,2,West,Consumer,Office Supplies,Storage,Second Class,July,Tuesday,5.470167623474696,0,7,2,0.7795698924731183,1
170.35,3,0.2,19.1646,11.250132081009687,2,West,Consumer,Furniture,Tables,Second Class,July,Tuesday,5.143708248320618,0,7,2,0.3627906976744186,1
89.97,3,0.0,25.1916,28.000000000000004,4,East,Consumer,Technology,Phones,Standard Class,November,Monday,4.510529781833971,0,11,1,0.8521008403361344,1
12.78,3,0.0,5.2398,41.0,1,South,Corporate,Office Supplies,Art,First Class,January,Monday,2.6232182655855123,0,1,1,1.0,1
40.0,2,0.2,0.5,1.25,3,East,Consumer,Technology,Accessories,Second Class,December,Tuesday,3.713572066704308,0,12,2,0.872,1
203.98,3,0.2,25.497,12.49975487792921,3,West,Home Office,Technology,Phones,First Class,November,Saturday,5.322912413403417,0,11,6,0.8521008403361344,1
674.35,3,0.2,-8.4294,-1.2500037072736707,3,West,Home Office,Furniture,Tables,First Class,November,Saturday,6.515231075006773,0,11,6,0.3627906976744186,0
5.39,4,0.7,-4.49,-83.30241187384046,5,South,Consumer,Office Supplies,Binders,Second Class,October,Saturday,1.8547342683894434,1,10,6,0.6011730205278593,0
30.98,8,0.2,5.0336,16.247901872175596,5,South,Consumer,Office Supplies,Art,Second Class,October,Saturday,3.4651107074058083,0,10,6,1.0,1
1350.12,6,0.0,175.5156,13.0,2,South,Consumer,Office Supplies,Storage,First Class,February,Friday,7.208689157109665,0,2,5,0.7795698924731183,1
15.92,4,0.0,7.4824,47.0,2,South,Consumer,Office Supplies,Binders,First Class,February,Friday,2.8284963541780774,0,2,5,0.6011730205278593,1
19.54,2,0.0,7.2298,37.0,4,West,Home Office,Furniture,Furnishings,Standard Class,November,Sunday,3.0223742045004123,0,11,7,0.8065522620904836,1
21.4,5,0.0,6.206,29.000000000000004,4,West,Home Office,Office Supplies,Art,Standard Class,April,Saturday,3.109060958860994,0,4,6,1.0,1
12.6,2,0.0,5.796,46.0,4,West,Home Office,Office Supplies,Labels,Standard Class,April,Saturday,2.6100697927420065,0,4,6,1.0,1
11.96,2,0.0,3.1096,25.999999999999996,4,East,Home Office,Office Supplies,Art,Standard Class,August,Tuesday,2.561867690924129,0,8,2,1.0,1
138.0,2,0.0,34.5,25.0,4,East,Home Office,Technology,Phones,Standard Class,August,Tuesday,4.9344739331306915,0,8,2,0.8521008403361344,1
116.76,1,0.2,14.595,12.5,6,South,Consumer,Technology,Phones,Standard Class,November,Sunday,4.7686486549805664,0,11,7,0.8521008403361344,1
331.02,7,0.45,-114.3534,-34.545767627333696,6,South,Consumer,Furniture,Tables,Standard Class,November,Sunday,5.80519520806593,1,11,7,0.3627906976744186,0
756.8,5,0.0,75.68,10.000000000000002,0,East,Corporate,Furniture,Furnishings,Same Day,October,Friday,6.630419498584501,0,10,5,0.8065522620904836,1
8.74,3,0.6,-4.8048,-54.974828375286044,4,Central,Home Office,Furniture,Furnishings,Standard Class,December,Monday,2.2762411176544437,1,12,1,0.8065522620904836,0
6.08,2,0.0,2.0672,34.0,7,East,Consumer,Office Supplies,Art,Standard Class,September,Thursday,1.9572739077056285,0,9,4,1.0,1
2.91,2,0.2,0.91,31.27147766323024,2,West,Corporate,Office Supplies,Art,First Class,September,Sunday,1.3635373739972745,0,9,7,1.0,1
20.74,4,0.2,7.2576,34.993249758919966,2,West,Corporate,Office Supplies,Paper,First Class,September,Sunday,3.0791538816930633,0,9,7,1.0,1
9.57,2,0.2,2.99,31.24346917450366,2,West,Corporate,Office Supplies,Paper,First Class,September,Sunday,2.3580197998821464,0,9,7,1.0,1
30.18,3,0.0,13.8828,46.0,4,West,Corporate,Office Supplies,Paper,Standard Class,June,Thursday,3.4397768636296306,0,6,4,1.0,1
51.65,12,0.2,18.7224,36.248596321394,4,West,Corporate,Office Supplies,Binders,Standard Class,June,Thursday,3.9636662385799846,0,6,4,0.6011730205278593,1
11.23,3,0.2,3.9312,35.00623330365094,4,West,Corporate,Office Supplies,Binders,Standard Class,June,Thursday,2.503891949699081,0,6,4,0.6011730205278593,1
16.4,5,0.0,4.756,29.000000000000004,3,Central,Corporate,Office Supplies,Art,Second Class,September,Sunday,2.856470206220483,0,9,7,1.0,1
25.92,4,0.0,12.4416,47.99999999999999,3,Central,Corporate,Office Supplies,Paper,Second Class,September,Sunday,3.2928695047765273,0,9,7,1.0,1
8.82,3,0.0,2.5578,28.999999999999996,3,West,Consumer,Office Supplies,Art,First Class,May,Sunday,2.2844211223663744,0,5,7,1.0,1
62.5,2,0.2,21.8736,34.99776,3,West,Consumer,Office Supplies,Binders,First Class,May,Sunday,4.151039905898646,0,5,7,0.6011730205278593,1
339.96,4,0.0,122.3856,36.0,3,West,Consumer,Technology,Accessories,First Class,May,Sunday,5.831765168350307,0,5,7,0.872,1
49.57,2,0.2,17.3488,34.9985878555578,3,West,Consumer,Office Supplies,Binders,First Class,May,Sunday,3.9233585150918917,0,5,7,0.6011730205278593,1
110.38,3,0.2,12.4173,11.249592317448814,4,West,Consumer,Technology,Phones,Standard Class,July,Thursday,4.7129477781615225,0,7,4,0.8521008403361344,1
151.62,7,0.0,50.0346,32.99999999999999,4,West,Consumer,Office Supplies,Appliances,Standard Class,July,Thursday,5.0279511718614875,0,7,4,0.867109634551495,1
30.8,4,0.0,10.164,32.99999999999999,4,West,Consumer,Furniture,Furnishings,Standard Class,July,Thursday,3.459466289786131,0,7,4,0.8065522620904836,1
89.71,6,0.2,30.2778,33.75075242447888,2,West,Consumer,Office Supplies,Binders,First Class,July,Sunday,4.507667604626853,0,7,7,0.6011730205278593,1
22.83,3,0.0,10.7301,47.0,2,West,Consumer,Office Supplies,Paper,First Class,July,Sunday,3.170945291110651,0,7,7,1.0,1
113.6,8,0.0,44.304,39.0,4,East,Consumer,Furniture,Furnishings,Standard Class,March,Tuesday,4.741447804280639,0,3,2,0.8065522620904836,1
12.96,2,0.0,6.3504,48.99999999999999,4,East,Consumer,Office Supplies,Paper,Standard Class,March,Tuesday,2.6361960973342264,0,3,2,1.0,1
69.46,2,0.2,22.5732,32.49812841923409,4,East,Consumer,Office Supplies,Binders,Standard Class,March,Tuesday,4.255045172913092,0,3,2,0.6011730205278593,1
8.64,3,0.0,2.4192,27.999999999999996,3,West,Consumer,Office Supplies,Art,First Class,December,Sunday,2.265921108622454,0,12,7,1.0,1
341.99,3,0.7,-319.1916,-93.33360624579666,0,East,Corporate,Technology,Machines,Same Day,July,Sunday,5.837701292221988,1,7,7,0.5975609756097561,0
43.96,7,0.0,18.4632,42.0,6,West,Consumer,Furniture,Furnishings,Standard Class,December,Saturday,3.8057732055854356,0,12,6,0.8065522620904836,1
39.76,7,0.0,18.6872,47.0,6,West,Consumer,Office Supplies,Envelopes,Standard Class,December,Saturday,3.707701208354524,0,12,6,1.0,1
15.12,3,0.2,4.914,32.5,5,East,Corporate,Office Supplies,Labels,Standard Class,March,Monday,2.780060737078482,0,3,1,1.0,1
302.45,5,0.5,-199.617,-66.0,5,East,Corporate,Furniture,Bookcases,Standard Class,March,Monday,5.7152168522818645,1,3,1,0.5263157894736842,0
44.67,8,0.2,-10.0512,-22.50100738750839,5,East,Corporate,Office Supplies,Storage,Standard Class,March,Monday,3.821441627196908,0,3,1,0.7795698924731183,0
119.98,2,0.0,35.994,30.0,5,West,Consumer,Technology,Accessories,Second Class,June,Thursday,4.795625242678768,0,6,4,0.872,1
989.97,3,0.0,395.988,40.0,5,West,Consumer,Technology,Accessories,Second Class,June,Thursday,6.8986842614196995,0,6,4,0.872,1
9.22,4,0.2,3.3408,36.23427331887202,6,South,Corporate,Office Supplies,Labels,Standard Class,August,Saturday,2.3243465847755584,0,8,6,1.0,1
68.52,3,0.0,31.5192,46.0,6,Central,Corporate,Office Supplies,Paper,Standard Class,September,Monday,4.241614480957137,0,9,1,1.0,1
364.74,3,0.0,109.422,30.0,5,Central,Home Office,Office Supplies,Appliances,Standard Class,May,Monday,5.901922698446487,0,5,1,0.867109634551495,1
47.4,5,0.0,21.33,44.99999999999999,5,Central,Home Office,Furniture,Furnishings,Standard Class,May,Monday,3.879499813722586,0,5,1,0.8065522620904836,1
49.76,4,0.0,13.9328,28.000000000000004,5,Central,Home Office,Office Supplies,Storage,Standard Class,May,Monday,3.927108642846187,0,5,1,0.7795698924731183,1
5.56,2,0.0,1.4456,26.0,5,Central,Home Office,Office Supplies,Art,Standard Class,May,Monday,1.8809906029559975,0,5,1,1.0,1
629.1,6,0.0,301.968,48.00000000000001,5,Central,Home Office,Office Supplies,Paper,Standard Class,May,Monday,6.44587853694801,0,5,1,1.0,1
14.7,5,0.0,3.969,27.0,5,Central,Home Office,Office Supplies,Art,Standard Class,May,Monday,2.7536607123542622,0,5,1,1.0,1
45.36,7,0.0,21.7728,48.0,5,Central,Home Office,Office Supplies,Paper,Standard Class,May,Monday,3.836437018471551,0,5,1,1.0,1
125.99,1,0.0,35.2772,28.000000000000004,5,Central,Home Office,Technology,Phones,Standard Class,May,Monday,4.844108343200942,0,5,1,0.8521008403361344,1
155.37,2,0.3,-35.5136,-22.857437085666472,3,Central,Corporate,Furniture,Chairs,Second Class,November,Sunday,5.052224993855419,1,11,7,0.6042154566744731,0
89.57,2,0.2,32.4684,36.24919057720219,6,South,Consumer,Office Supplies,Paper,Standard Class,January,Thursday,4.506123032386857,0,1,4,1.0,1
315.78,8,0.2,31.5776,9.999873329533221,6,South,Consumer,Furniture,Furnishings,Standard Class,January,Thursday,5.7582075266342745,0,1,4,0.8065522620904836,1
273.67,2,0.15,-12.8784,-4.7058135710892675,6,West,Corporate,Furniture,Bookcases,Standard Class,September,Friday,5.6155703770900525,0,9,5,0.5263157894736842,0
17.48,4,0.0,4.5448,26.0,6,West,Corporate,Office Supplies,Appliances,Standard Class,September,Friday,2.916689066213538,0,9,5,0.867109634551495,1
20.61,2,0.2,-4.3792,-21.247937894226105,4,South,Corporate,Office Supplies,Supplies,Standard Class,October,Monday,3.0731561705187946,0,10,1,0.816793893129771,0
4.1,3,0.7,-2.73,-66.58536585365854,4,South,Corporate,Office Supplies,Binders,Standard Class,October,Monday,1.62924053973028,1,10,1,0.6011730205278593,0
339.96,5,0.2,42.495,12.5,4,West,Home Office,Technology,Phones,Standard Class,November,Friday,5.831765168350307,0,11,5,0.8521008403361344,1
63.98,7,0.0,21.7532,34.0,4,West,Home Office,Furniture,Furnishings,Standard Class,November,Friday,4.174079530240954,0,11,5,0.8065522620904836,1
799.92,10,0.2,239.976,30.0,4,South,Home Office,Technology,Accessories,Standard Class,November,Sunday,6.6857610669244485,0,11,7,0.872,1
35.98,2,0.2,4.498,12.501389660922738,2,West,Home Office,Technology,Phones,First Class,July,Tuesday,3.610377225958979,0,7,2,0.8521008403361344,1
389.97,3,0.0,132.5898,34.0,2,West,Home Office,Technology,Accessories,First Class,July,Tuesday,5.9686308306990385,0,7,2,0.872,1
185.53,7,0.2,48.7011,26.24971702689592,0,West,Corporate,Technology,Accessories,Same Day,May,Saturday,5.228592084056471,0,5,6,0.872,1
2541.98,2,0.0,1270.99,50.0,6,East,Consumer,Office Supplies,Binders,Standard Class,February,Saturday,7.841091900664492,0,2,6,0.6011730205278593,1
6.9,1,0.0,0.552,8.0,5,Central,Corporate,Technology,Accessories,Standard Class,June,Monday,2.066862759472976,0,6,1,0.872,1
57.69,3,0.0,23.6529,41.0,5,Central,Corporate,Furniture,Furnishings,Standard Class,June,Monday,4.072269354570243,0,6,1,0.8065522620904836,1
559.71,3,0.4,-121.2705,-21.666666666666664,5,Central,Corporate,Technology,Machines,Standard Class,September,Tuesday,6.329203837819883,1,9,2,0.5975609756097561,0
305.01,9,0.0,76.2525,25.0,1,West,Consumer,Office Supplies,Storage,First Class,January,Saturday,5.723617781156972,0,1,6,0.7795698924731183,1
50.78,2,0.2,17.7744,35.002756990941315,1,West,Consumer,Office Supplies,Binders,First Class,January,Saturday,3.947003974323392,0,1,6,0.6011730205278593,1
26.01,9,0.0,12.2247,47.0,1,West,Consumer,Office Supplies,Labels,First Class,January,Saturday,3.2962071678045244,0,1,6,1.0,1
59.99,7,0.0,21.5964,36.0,6,West,Consumer,Furniture,Furnishings,Standard Class,January,Saturday,4.110709916308365,0,1,6,0.8065522620904836,1
20.24,1,0.0,7.8936,39.0,5,West,Consumer,Furniture,Furnishings,Standard Class,May,Tuesday,3.055886196373738,0,5,2,0.8065522620904836,1
37.84,2,0.2,2.838,7.5,1,Central,Consumer,Office Supplies,Art,First Class,May,Sunday,3.659450643423124,0,5,7,1.0,1
5.47,6,0.2,1.8468,33.762340036563074,1,Central,Consumer,Office Supplies,Fasteners,First Class,May,Sunday,1.8671761085128091,0,5,7,0.9019607843137255,1
77.24,5,0.2,7.724,10.0,4,East,Corporate,Office Supplies,Storage,Second Class,February,Tuesday,4.359781025726562,0,2,2,0.7795698924731183,1
292.1,4,0.5,-175.26,-59.999999999999986,3,Central,Consumer,Furniture,Tables,First Class,November,Tuesday,5.680513847716846,1,11,2,0.3627906976744186,0
8.54,2,0.6,-7.476,-87.54098360655739,3,Central,Consumer,Furniture,Furnishings,First Class,November,Tuesday,2.255493485460195,1,11,2,0.8065522620904836,0
424.12,6,0.3,-30.294,-7.142789776478355,3,Central,Consumer,Furniture,Bookcases,First Class,November,Tuesday,6.0523714820115035,1,11,2,0.5263157894736842,0
2.89,3,0.8,-4.9164,-170.11764705882354,3,Central,Consumer,Office Supplies,Binders,First Class,November,Tuesday,1.358409157630355,1,11,2,0.6011730205278593,0
381.72,5,0.2,-66.801,-17.5,3,Central,Consumer,Office Supplies,Storage,First Class,November,Tuesday,5.947303651322212,0,11,2,0.7795698924731183,0
890.84,3,0.3,-152.7156,-17.142876386332002,4,Central,Consumer,Furniture,Tables,Standard Class,March,Saturday,6.793286744293583,1,3,6,0.3627906976744186,0
72.0,4,0.0,12.96,18.000000000000004,2,West,Consumer,Technology,Accessories,Second Class,November,Saturday,4.290459441148391,0,11,6,0.872,1
113.89,2,0.2,9.9652,8.749846342962506,2,West,Consumer,Furniture,Chairs,Second Class,November,Saturday,4.743975148865274,0,11,6,0.6042154566744731,1
158.13,3,0.0,77.4837,49.0,2,West,Consumer,Office Supplies,Envelopes,Second Class,November,Saturday,5.0697214782220925,0,11,6,1.0,1
64.75,5,0.0,29.1375,45.0,4,Central,Consumer,Office Supplies,Binders,Standard Class,August,Monday,4.185859671057874,0,8,1,0.6011730205278593,1
1.87,2,0.7,-1.3104,-70.07486631016042,4,South,Consumer,Office Supplies,Binders,Standard Class,October,Friday,1.0543120297715298,1,10,5,0.6011730205278593,0
11.21,2,0.7,-8.5974,-76.69402319357717,4,South,Consumer,Office Supplies,Binders,Standard Class,October,Friday,2.502255288122613,1,10,5,0.6011730205278593,0
37.38,8,0.2,7.4752,19.997859818084535,4,South,Consumer,Office Supplies,Art,Standard Class,October,Friday,3.647536490579554,0,10,5,1.0,1
286.4,1,0.2,25.06,8.75,5,Central,Home Office,Technology,Phones,Standard Class,May,Saturday,5.660874973644924,0,5,6,0.8521008403361344,1
142.18,1,0.4,-37.9152,-26.66704177802785,4,East,Corporate,Furniture,Tables,Standard Class,October,Sunday,4.964102579968039,1,10,7,0.3627906976744186,0
111.0,2,0.0,14.43,13.0,6,West,Home Office,Furniture,Furnishings,Standard Class,March,Tuesday,4.718498871295094,0,3,2,0.8065522620904836,1
1279.97,4,0.2,415.9896,32.49994921755979,6,West,Home Office,Technology,Machines,Standard Class,March,Tuesday,7.155372882418753,0,3,2,0.5975609756097561,1
1856.19,7,0.0,334.1142,18.0,6,West,Home Office,Office Supplies,Storage,Standard Class,March,Tuesday,7.526819871681561,0,3,2,0.7795698924731183,1
22.75,6,0.6,-8.532,-37.5032967032967,1,Central,Corporate,Furniture,Furnishings,First Class,November,Saturday,3.1675825304806504,1,11,6,0.8065522620904836,0
67.36,2,0.2,10.104,15.0,6,South,Consumer,Furniture,Furnishings,Standard Class,April,Saturday,4.224787858247391,0,4,6,0.8065522620904836,1
54.53,3,0.2,14.3136,26.249037227214377,6,South,Consumer,Furniture,Furnishings,Standard Class,April,Saturday,4.016923415253516,0,4,6,0.8065522620904836,1
843.9,2,0.0,371.316,44.0,5,East,Consumer,Technology,Accessories,Standard Class,December,Friday,6.739218277158799,0,12,5,0.872,1
449.57,2,0.2,56.196,12.499944391307249,5,East,Consumer,Furniture,Bookcases,Standard Class,December,Friday,6.110513447885599,0,12,5,0.5263157894736842,1
192.19,3,0.1,36.3018,18.888495759404755,3,East,Corporate,Furniture,Chairs,Second Class,December,Saturday,5.263674160604463,0,12,6,0.6042154566744731,1
5.76,2,0.0,1.6128,28.000000000000004,3,East,Corporate,Office Supplies,Art,First Class,July,Saturday,1.9110228900548727,0,7,6,1.0,1
67.88,2,0.0,18.3276,27.0,6,South,Consumer,Furniture,Chairs,Standard Class,July,Saturday,4.232365860119475,0,7,6,0.6042154566744731,1
162.89,13,0.0,76.5583,47.0,6,South,Consumer,Office Supplies,Labels,Standard Class,July,Saturday,5.099195471075736,0,7,6,1.0,1
25.71,3,0.0,9.2556,36.0,6,South,Consumer,Furniture,Furnishings,Standard Class,July,Saturday,3.2850380271218693,0,7,6,0.8065522620904836,1
191.88,6,0.0,19.188,10.0,6,East,Consumer,Office Supplies,Storage,Standard Class,December,Friday,5.262068233872916,0,12,5,0.7795698924731183,1
176.77,3,0.8,-459.6072,-260.0029416756237,4,Central,Consumer,Office Supplies,Appliances,Standard Class,March,Monday,5.180490579934594,1,3,1,0.867109634551495,0
16.52,5,0.2,5.369,32.5,7,East,Home Office,Office Supplies,Labels,Standard Class,September,Thursday,2.8633430855082453,0,9,4,1.0,1
116.4,8,0.0,52.38,45.0,2,Central,Corporate,Office Supplies,Binders,Second Class,December,Thursday,4.765586907393996,0,12,4,0.6011730205278593,1
1.41,1,0.2,0.1584,11.234042553191491,5,West,Home Office,Office Supplies,Art,Standard Class,October,Sunday,0.8796267475025635,0,10,7,1.0,1
169.57,2,0.2,0.0,0.0,5,West,Home Office,Furniture,Furnishings,Standard Class,October,Sunday,5.139145769652782,0,10,7,0.8065522620904836,0
251.96,6,0.4,-50.3928,-20.000317510715988,4,East,Corporate,Technology,Phones,Second Class,December,Tuesday,5.533231373461162,1,12,2,0.8521008403361344,0
523.76,3,0.4,-192.0468,-36.666946693141895,4,East,Corporate,Furniture,Tables,Second Class,December,Tuesday,6.26294101521283,1,12,2,0.3627906976744186,0
19.44,3,0.0,9.3312,48.00000000000001,2,West,Consumer,Office Supplies,Paper,First Class,April,Tuesday,3.017493765335504,0,4,2,1.0,1
194.35,3,0.2,-36.441,-18.750192950861848,2,West,Consumer,Furniture,Chairs,First Class,April,Tuesday,5.274792821501079,0,4,2,0.6042154566744731,0
36.62,3,0.2,13.734,37.50409612233752,2,West,Consumer,Office Supplies,Binders,First Class,April,Tuesday,3.627535823872884,0,4,2,0.6011730205278593,1
340.18,3,0.4,-73.7061,-21.666794050208715,6,East,Corporate,Technology,Phones,Standard Class,November,Monday,5.832410197252374,1,11,1,0.8521008403361344,0
12.67,8,0.2,2.6928,21.253354380426202,6,East,Corporate,Office Supplies,Fasteners,Standard Class,November,Monday,2.6152036507358583,0,11,1,0.9019607843137255,1
6.89,2,0.7,-5.0512,-73.31204644412192,6,East,Corporate,Office Supplies,Binders,Standard Class,November,Monday,2.065596134857783,1,11,1,0.6011730205278593,0
32.54,2,0.2,-7.7292,-23.752919483712354,6,East,Corporate,Office Supplies,Storage,Standard Class,November,Monday,3.5127387563950627,0,11,1,0.7795698924731183,0
347.8,7,0.3,-24.843,-7.142898217366302,6,East,Corporate,Furniture,Chairs,Standard Class,November,Monday,5.8544986920348245,1,11,1,0.6042154566744731,0
4.61,2,0.2,1.6704,36.23427331887202,2,South,Consumer,Office Supplies,Labels,Second Class,March,Monday,1.724550719534605,0,3,1,1.0,1
257.98,2,0.0,74.8142,28.999999999999996,4,Central,Corporate,Technology,Phones,Standard Class,October,Tuesday,5.556750838640694,0,10,2,0.8521008403361344,1
92.52,6,0.0,24.9804,27.0,4,West,Corporate,Office Supplies,Storage,Standard Class,September,Friday,4.538175317163813,0,9,5,0.7795698924731183,1
10.27,3,0.2,1.1556,11.252190847127556,0,South,Consumer,Office Supplies,Art,Same Day,May,Sunday,2.422144328051685,0,5,7,1.0,1
40.74,3,0.0,0.4074,0.9999999999999999,5,Central,Consumer,Office Supplies,Storage,Standard Class,September,Tuesday,3.7314599016490546,0,9,2,0.7795698924731183,1
14.4,5,0.0,7.056,49.0,5,Central,Consumer,Office Supplies,Labels,Standard Class,September,Tuesday,2.7343675094195836,0,9,2,1.0,1
149.95,5,0.0,41.986,28.000000000000004,5,Central,Consumer,Technology,Phones,Standard Class,September,Tuesday,5.016948656152848,0,9,2,0.8521008403361344,1
16.9,2,0.0,5.07,30.000000000000004,5,Central,Consumer,Office Supplies,Supplies,Standard Class,September,Tuesday,2.884800712846709,0,9,2,0.816793893129771,1
17.61,3,0.0,8.4528,48.0,5,Central,Consumer,Office Supplies,Paper,Standard Class,September,Tuesday,2.9236990706541595,0,9,2,1.0,1
378.0,2,0.0,136.08,36.00000000000001,5,Central,Consumer,Office Supplies,Appliances,Standard Class,September,Tuesday,5.937536205082426,0,9,2,0.867109634551495,1
17.64,3,0.0,8.6436,48.99999999999999,5,Central,Consumer,Office Supplies,Paper,Standard Class,September,Tuesday,2.925309809257445,0,9,2,1.0,1
373.08,6,0.0,100.7316,27.0,5,Central,Consumer,Office Supplies,Storage,Standard Class,September,Tuesday,5.924469678283703,0,9,2,0.7795698924731183,1
1336.44,14,0.0,387.5676,29.000000000000004,5,Central,Consumer,Furniture,Furnishings,Standard Class,September,Tuesday,7.198512617950846,0,9,2,0.8065522620904836,1
29.97,3,0.0,0.2997,1.0000000000000002,5,Central,Consumer,Technology,Phones,Standard Class,September,Tuesday,3.4330189939851112,0,9,2,0.8521008403361344,1
313.18,2,0.4,-120.0508,-38.33284373203908,5,East,Corporate,Furniture,Tables,Standard Class,December,Sunday,5.749966070071793,1,12,7,0.3627906976744186,0
866.65,3,0.1,173.3292,19.99990769053251,5,East,Corporate,Furniture,Chairs,Standard Class,December,Sunday,6.765788407536513,0,12,7,0.6042154566744731,1
795.41,6,0.2,59.6556,7.499981141801084,0,East,Corporate,Office Supplies,Appliances,Same Day,September,Tuesday,6.680114128615478,0,9,2,0.867109634551495,1
35.86,9,0.2,12.9978,36.24595649749024,3,Central,Consumer,Office Supplies,Paper,Second Class,July,Saturday,3.607126952241677,0,7,6,1.0,1
23.84,4,0.2,3.278,13.750000000000002,3,Central,Consumer,Technology,Accessories,Second Class,July,Saturday,3.212455257065278,0,7,6,0.872,1
43.13,1,0.0,14.6642,34.0,5,West,Consumer,Furniture,Furnishings,Standard Class,September,Thursday,3.7871398232814557,0,9,4,0.8065522620904836,1
30.87,7,0.0,14.2002,46.0,5,West,Consumer,Office Supplies,Paper,Standard Class,September,Thursday,3.461665128429245,0,9,4,1.0,1
509.96,5,0.15,41.9965,8.235253745391795,5,West,Corporate,Furniture,Bookcases,Standard Class,May,Thursday,6.236291309253334,0,5,4,0.5263157894736842,1
122.91,3,0.0,34.4148,28.000000000000004,5,West,Corporate,Furniture,Furnishings,Standard Class,May,Thursday,4.819555495628402,0,5,4,0.8065522620904836,1
97.57,2,0.2,-6.098,-6.249871886850467,5,West,Corporate,Furniture,Chairs,Standard Class,May,Thursday,4.590766955677347,0,5,4,0.6042154566744731,0
722.35,3,0.2,81.2646,11.250031148335294,5,West,Corporate,Furniture,Chairs,Standard Class,May,Thursday,6.583893199075599,0,5,4,0.6042154566744731,1
167.84,8,0.0,11.7488,6.999999999999999,7,West,Corporate,Furniture,Furnishings,Standard Class,May,Monday,5.128951520914298,0,5,1,0.8065522620904836,1
172.11,1,0.4,-94.6605,-54.99999999999999,4,East,Consumer,Furniture,Tables,Standard Class,April,Tuesday,5.153927230588638,1,4,2,0.3627906976744186,0
99.98,2,0.0,7.9984,8.0,1,East,Consumer,Technology,Accessories,First Class,July,Wednesday,4.6149224774307696,0,7,3,0.872,1
386.68,2,0.3,-5.524,-1.4285714285714286,2,East,Corporate,Furniture,Chairs,Second Class,March,Sunday,5.960180257068216,1,3,7,0.6042154566744731,0
379.96,5,0.2,47.495,12.5,2,East,Corporate,Technology,Accessories,Second Class,March,Sunday,5.942694382738552,0,3,7,0.872,1
539.91,3,0.4,-116.9805,-21.66666666666667,2,East,Corporate,Technology,Phones,Second Class,March,Sunday,6.293252906412161,1,3,7,0.8521008403361344,0
41.24,5,0.2,13.9185,33.75,2,East,Corporate,Office Supplies,Paper,Second Class,March,Sunday,3.743367639398006,0,3,7,1.0,1
51.9,1,0.7,-41.5176,-79.99537572254336,2,East,Corporate,Office Supplies,Binders,Second Class,March,Sunday,3.9684033388642534,1,3,7,0.6011730205278593,0
552.56,5,0.2,-138.14,-25.0,2,East,Corporate,Office Supplies,Storage,Second Class,March,Sunday,6.31637014735773,0,3,7,0.7795698924731183,0
23.16,5,0.7,-15.44,-66.66666666666666,2,East,Corporate,Office Supplies,Binders,Second Class,March,Sunday,3.184698373066614,1,3,7,0.6011730205278593,0
126.08,2,0.2,-28.368,-22.499999999999996,2,East,Corporate,Office Supplies,Storage,Second Class,March,Sunday,4.8448168094013155,0,3,7,0.7795698924731183,0
449.1,3,0.7,-643.71,-143.33333333333334,2,East,Corporate,Technology,Machines,Second Class,March,Sunday,6.109469780298887,1,3,7,0.5975609756097561,0
85.25,2,0.3,-6.089,-7.142521994134898,2,Central,Consumer,Furniture,Chairs,Second Class,June,Saturday,4.457250055911469,1,6,6,0.6042154566744731,0
32.71,2,0.6,-26.1696,-80.00489147049832,2,Central,Consumer,Furniture,Furnishings,Second Class,June,Saturday,3.5177945292459696,1,6,6,0.8065522620904836,0
11.43,3,0.0,5.3721,47.0,4,South,Corporate,Office Supplies,Binders,Standard Class,March,Monday,2.5201129055226197,0,3,1,0.6011730205278593,1
30.44,2,0.0,14.9156,49.0,4,South,Corporate,Office Supplies,Binders,Standard Class,March,Monday,3.448080967561006,0,3,1,0.6011730205278593,1
12.96,2,0.0,6.3504,48.99999999999999,4,South,Corporate,Office Supplies,Paper,Standard Class,March,Monday,2.6361960973342264,0,3,1,1.0,1
16.0,4,0.0,7.68,48.0,4,South,Corporate,Office Supplies,Paper,Standard Class,March,Monday,2.833213344056216,0,3,1,1.0,1
32.67,3,0.0,8.4942,25.999999999999996,4,South,Corporate,Office Supplies,Appliances,Standard Class,March,Monday,3.516607233172983,0,3,1,0.867109634551495,1
4.46,3,0.2,-0.9486,-21.269058295964125,4,West,Consumer,Office Supplies,Fasteners,Standard Class,August,Saturday,1.6974487897568136,0,8,6,0.9019607843137255,0
9.35,5,0.7,-6.5415,-69.96256684491979,4,West,Consumer,Office Supplies,Binders,Standard Class,August,Saturday,2.336986519711378,1,8,6,0.6011730205278593,0
9.14,3,0.2,3.0861,33.764770240700216,5,West,Corporate,Office Supplies,Binders,Standard Class,July,Sunday,2.316487998163037,0,7,7,0.6011730205278593,1
23.14,6,0.2,8.3868,36.243733794295586,5,West,Corporate,Office Supplies,Binders,Standard Class,July,Sunday,3.1838702156693857,0,7,7,0.6011730205278593,1
99.2,5,0.0,25.792,26.0,5,West,Corporate,Office Supplies,Art,Standard Class,July,Sunday,4.607168188650764,0,7,7,1.0,1
21.36,5,0.2,7.209,33.75,4,West,Corporate,Office Supplies,Binders,Standard Class,February,Saturday,3.1072736482868986,0,2,6,0.6011730205278593,1
46.9,5,0.0,13.132,28.000000000000004,3,West,Corporate,Furniture,Furnishings,Second Class,March,Tuesday,3.8691155044168695,0,3,2,0.8065522620904836,1
18.9,3,0.0,8.694,46.00000000000001,2,West,Corporate,Office Supplies,Labels,First Class,November,Monday,2.990719731730447,0,11,1,1.0,1
10.69,2,0.2,3.7408,34.99345182413471,2,Central,Corporate,Office Supplies,Paper,First Class,December,Tuesday,2.458733775483977,0,12,2,1.0,1
237.1,3,0.2,20.7459,8.749852382960775,2,Central,Corporate,Office Supplies,Storage,First Class,December,Tuesday,5.472690753492817,0,12,2,0.7795698924731183,1
9.25,4,0.2,3.1212,33.7427027027027,5,Central,Consumer,Office Supplies,Labels,Standard Class,July,Saturday,2.327277705584417,0,7,6,1.0,1
1036.62,2,0.2,51.8312,5.000019293473019,5,Central,Consumer,Office Supplies,Storage,Standard Class,July,Saturday,6.944684908067047,0,7,6,0.7795698924731183,1
569.64,2,0.0,148.1064,26.0,2,South,Consumer,Technology,Phones,First Class,April,Thursday,6.346758537969783,0,4,4,0.8521008403361344,1
9.14,1,0.0,4.57,50.0,2,South,Consumer,Office Supplies,Binders,First Class,April,Thursday,2.316487998163037,0,4,4,0.6011730205278593,1
1196.86,7,0.0,119.686,10.000000000000002,2,South,Consumer,Furniture,Furnishings,First Class,April,Thursday,7.088291910410839,0,4,4,0.8065522620904836,1
523.26,9,0.0,125.5824,24.000000000000004,2,South,Consumer,Furniture,Bookcases,First Class,April,Thursday,6.261987744468967,0,4,4,0.5263157894736842,1
639.97,4,0.2,215.9892,33.74989452630592,3,West,Consumer,Technology,Copiers,Second Class,April,Saturday,6.462982653953353,0,4,6,1.0,1
52.76,2,0.0,24.2696,46.0,3,West,Consumer,Office Supplies,Paper,Second Class,April,Saturday,3.984529696214894,0,4,6,1.0,1
538.92,9,0.0,80.838,15.0,2,West,Consumer,Technology,Accessories,Second Class,February,Friday,6.291420980435151,0,2,5,0.872,1
14.88,2,0.0,3.72,25.0,7,West,Consumer,Office Supplies,Art,Standard Class,September,Thursday,2.7650604558189897,0,9,4,1.0,1
34.24,8,0.0,15.408,44.99999999999999,7,West,Consumer,Office Supplies,Paper,Standard Class,September,Thursday,3.562181801067979,0,9,4,1.0,1
261.74,2,0.0,65.435,25.0,7,West,Consumer,Office Supplies,Storage,Standard Class,September,Thursday,5.571164950041362,0,9,4,0.7795698924731183,1
87.84,8,0.0,23.7168,26.999999999999996,4,West,Corporate,Office Supplies,Appliances,Standard Class,May,Thursday,4.4868369990262265,0,5,4,0.867109634551495,1
14.94,3,0.0,7.0218,47.0,5,East,Consumer,Office Supplies,Paper,Standard Class,September,Monday,2.768831673362069,0,9,1,1.0,1
14.56,2,0.0,6.2608,42.99999999999999,5,East,Consumer,Furniture,Furnishings,Standard Class,September,Monday,2.7447035187502458,0,9,1,0.8065522620904836,1
3.58,4,0.7,-2.8608,-79.91061452513965,5,East,Corporate,Office Supplies,Binders,Standard Class,September,Tuesday,1.5216989981260935,1,9,2,0.6011730205278593,0
147.18,2,0.2,-29.4368,-20.000543552113058,5,East,Corporate,Office Supplies,Storage,Standard Class,September,Tuesday,4.998427750988511,0,9,2,0.7795698924731183,0
1499.95,5,0.0,449.985,30.0,2,West,Home Office,Technology,Copiers,First Class,July,Friday,7.313853519952718,0,7,5,1.0,1
13.57,4,0.2,3.2224,23.74649963154016,5,Central,Corporate,Office Supplies,Art,Standard Class,April,Sunday,2.6789646202071133,0,4,7,1.0,1
2573.82,9,0.0,746.4078,28.999999999999996,4,South,Home Office,Furniture,Chairs,Standard Class,January,Monday,7.853534907741893,0,1,1,0.6042154566744731,1
609.98,2,0.0,274.491,44.99999999999999,4,South,Home Office,Office Supplies,Binders,Standard Class,January,Monday,6.415064225411629,0,1,1,0.6011730205278593,1
5.48,2,0.0,1.4796,26.999999999999996,4,South,Home Office,Office Supplies,Art,Standard Class,January,Monday,1.8687205103641833,0,1,1,1.0,1
391.98,2,0.0,113.6742,28.999999999999996,4,South,Home Office,Technology,Phones,Standard Class,January,Monday,5.97375871998905,0,1,1,0.8521008403361344,1
755.96,4,0.0,204.1092,26.999999999999996,4,South,Home Office,Technology,Phones,Standard Class,January,Monday,6.629310411882838,0,1,1,0.8521008403361344,1
31.12,4,0.0,0.3112,0.9999999999999999,4,South,Home Office,Office Supplies,Fasteners,Standard Class,January,Monday,3.469478889078561,0,1,1,0.9019607843137255,1
6.54,1,0.0,3.0084,46.0,4,South,Home Office,Office Supplies,Paper,Standard Class,January,Monday,2.020222182019865,0,1,1,1.0,1
12.78,1,0.0,5.751,45.00000000000001,2,West,Home Office,Office Supplies,Envelopes,Second Class,September,Thursday,2.6232182655855123,0,9,4,1.0,1
18.46,4,0.2,6.924,37.508125677139766,7,East,Home Office,Office Supplies,Binders,Standard Class,September,Tuesday,2.968361076757859,0,9,2,0.6011730205278593,1
445.8,7,0.3,-108.2662,-24.28582323912068,2,East,Corporate,Furniture,Chairs,Second Class,December,Monday,6.102111067195046,1,12,1,0.6042154566744731,0
29.9,5,0.0,14.651,49.0,5,East,Home Office,Office Supplies,Paper,Second Class,December,Saturday,3.4307561839036995,0,12,6,1.0,1
2249.91,9,0.0,517.4793,23.0,5,East,Home Office,Technology,Accessories,Second Class,December,Saturday,7.719089857877302,0,12,6,0.872,1
1053.16,4,0.3,-105.3164,-10.000037980933572,5,East,Home Office,Furniture,Tables,Second Class,December,Saturday,6.960499520236997,1,12,6,0.3627906976744186,0
106.68,6,0.0,33.0708,30.999999999999993,6,West,Corporate,Furniture,Furnishings,Standard Class,September,Thursday,4.679163865896418,0,9,4,0.8065522620904836,1
23.36,2,0.0,11.68,50.0,4,East,Corporate,Office Supplies,Envelopes,Second Class,January,Sunday,3.192942442841696,0,1,7,1.0,1
46.38,2,0.2,5.2182,11.250970245795603,4,West,Consumer,Technology,Phones,Standard Class,November,Sunday,3.8582001987306396,0,11,7,0.8521008403361344,1
362.92,2,0.0,105.2468,28.999999999999996,4,West,Consumer,Office Supplies,Storage,Standard Class,November,Sunday,5.896934063261749,0,11,7,0.7795698924731183,1
8.95,2,0.7,-7.46,-83.35195530726257,6,East,Consumer,Office Supplies,Binders,Standard Class,September,Monday,2.2975725511705014,1,9,1,0.6011730205278593,0
8.86,6,0.7,-6.4944,-73.30022573363432,6,East,Consumer,Office Supplies,Binders,Standard Class,September,Monday,2.288486168614544,1,9,1,0.6011730205278593,0
85.25,2,0.3,-1.2178,-1.4285043988269794,6,East,Consumer,Furniture,Chairs,Standard Class,September,Monday,4.457250055911469,1,9,1,0.6042154566744731,0
21.73,7,0.2,7.6048,34.99677864703175,6,West,Consumer,Office Supplies,Envelopes,Standard Class,September,Wednesday,3.123685637864452,0,9,3,1.0,1
1487.04,5,0.2,148.704,10.0,6,West,Consumer,Furniture,Chairs,Standard Class,September,Wednesday,7.3052150967521605,0,9,3,0.6042154566744731,1
266.35,3,0.2,-13.3176,-5.000037544584194,2,West,Consumer,Furniture,Furnishings,First Class,June,Friday,5.588558661394741,0,6,5,0.8065522620904836,0
483.14,4,0.2,54.3528,11.249906859295443,2,West,Consumer,Furniture,Chairs,First Class,June,Friday,6.18237412108847,0,6,5,0.6042154566744731,1
70.88,2,0.0,33.3136,47.0,3,West,Consumer,Office Supplies,Paper,Second Class,February,Friday,4.274998061915358,0,2,5,1.0,1
719.95,6,0.2,71.9952,10.000027779706922,5,Central,Corporate,Technology,Phones,Standard Class,October,Friday,6.580569786752656,0,10,5,0.8521008403361344,1
755.94,7,0.2,66.1451,8.750046299970897,5,Central,Corporate,Technology,Phones,Standard Class,October,Friday,6.6292839900584095,0,10,5,0.8521008403361344,1
11.98,5,0.8,-19.168,-160.0,5,Central,Corporate,Office Supplies,Binders,Standard Class,October,Friday,2.563409711275944,1,10,5,0.6011730205278593,0
0.9,1,0.8,-1.5715,-174.6111111111111,5,Central,Corporate,Office Supplies,Binders,Standard Class,October,Friday,0.6418538861723948,1,10,5,0.6011730205278593,0
21.2,3,0.6,-11.6622,-55.01037735849057,2,Central,Corporate,Furniture,Furnishings,First Class,September,Monday,3.100092288878234,1,9,1,0.8065522620904836,0
34.74,3,0.0,17.37,50.0,5,East,Corporate,Office Supplies,Envelopes,Standard Class,November,Thursday,3.576270509731282,0,11,4,1.0,1
833.94,6,0.0,216.8244,25.999999999999996,5,East,Corporate,Technology,Phones,Standard Class,November,Thursday,6.727359865981644,0,11,4,0.8521008403361344,1
12.96,3,0.2,4.536,34.99999999999999,5,East,Corporate,Office Supplies,Binders,Standard Class,November,Thursday,2.6361960973342264,0,11,4,0.6011730205278593,1
25.92,4,0.0,12.4416,47.99999999999999,5,East,Corporate,Office Supplies,Paper,Standard Class,November,Thursday,3.2928695047765273,0,11,4,1.0,1
349.97,7,0.5,-216.9783,-61.99911420978941,4,East,Consumer,Furniture,Bookcases,Second Class,May,Saturday,5.86070074972762,1,5,6,0.5263157894736842,0
22.32,5,0.2,5.301,23.75,4,East,Consumer,Office Supplies,Art,Second Class,May,Saturday,3.1493113614822916,0,5,6,1.0,1
533.94,3,0.0,154.8426,28.999999999999996,4,East,Consumer,Office Supplies,Appliances,Standard Class,November,Saturday,6.282154591074067,0,11,6,0.867109634551495,1
167.94,3,0.0,82.2906,49.0,4,East,Consumer,Office Supplies,Paper,Standard Class,November,Saturday,5.129543622299351,0,11,6,1.0,1
31.68,6,0.0,9.8208,31.0,4,East,Consumer,Furniture,Furnishings,Standard Class,November,Saturday,3.486763269991802,0,11,6,0.8065522620904836,1
170.79,1,0.3,0.0,0.0,2,East,Consumer,Furniture,Chairs,First Class,December,Friday,5.1462728006383545,1,12,5,0.6042154566744731,0
198.74,4,0.3,0.0,0.0,4,Central,Consumer,Furniture,Bookcases,Standard Class,September,Saturday,5.297016520814989,1,9,6,0.5263157894736842,0
435.17,4,0.2,-59.8356,-13.749936806305582,2,West,Consumer,Furniture,Chairs,Second Class,January,Saturday,6.078032075611444,0,1,6,0.6042154566744731,0
48.58,1,0.0,7.7728,16.0,2,West,Consumer,Furniture,Bookcases,Second Class,January,Saturday,3.9035875266070446,0,1,6,0.5263157894736842,1
26.46,9,0.0,11.907,45.0,5,West,Consumer,Office Supplies,Art,Standard Class,December,Friday,3.312730400339825,0,12,5,1.0,1
49.12,4,0.0,23.0864,47.0,5,West,Consumer,Office Supplies,Paper,Standard Class,December,Friday,3.9144201300278674,0,12,5,1.0,1
15.0,3,0.0,7.2,48.00000000000001,5,West,Consumer,Office Supplies,Fasteners,Standard Class,December,Friday,2.772588722239781,0,12,5,0.9019607843137255,1
194.7,5,0.0,9.735,5.0,5,South,Corporate,Office Supplies,Storage,Standard Class,October,Tuesday,5.27658287440203,0,10,2,0.7795698924731183,1
591.32,4,0.0,112.3508,19.0,5,South,Corporate,Furniture,Tables,Standard Class,October,Tuesday,6.384047029385132,0,10,2,0.3627906976744186,1
2.84,1,0.0,0.8804,31.0,5,South,Corporate,Office Supplies,Art,Standard Class,October,Tuesday,1.3454723665996355,0,10,2,1.0,1
221.96,2,0.0,4.4392,1.9999999999999998,4,West,Corporate,Office Supplies,Storage,Standard Class,December,Tuesday,5.406992383173693,0,12,2,0.7795698924731183,1
236.0,4,0.0,40.12,17.0,4,West,Corporate,Technology,Accessories,Standard Class,December,Tuesday,5.4680601411351315,0,12,2,0.872,1
41.94,2,0.0,15.0984,36.00000000000001,5,West,Corporate,Technology,Accessories,Second Class,November,Sunday,3.759803792450635,0,11,7,0.872,1
52.79,1,0.2,4.6193,8.750331502178444,5,West,Corporate,Technology,Phones,Second Class,November,Sunday,3.985087576285151,0,11,7,0.8521008403361344,1
563.94,3,0.0,112.788,20.0,3,Central,Home Office,Furniture,Chairs,First Class,December,Sunday,6.3367195308171205,0,12,7,0.6042154566744731,1
2625.12,8,0.0,735.0336,28.000000000000004,4,East,Consumer,Office Supplies,Appliances,Second Class,November,Monday,7.873262750696051,0,11,1,0.867109634551495,1
17.94,3,0.0,4.485,25.0,4,East,Consumer,Office Supplies,Art,Second Class,November,Monday,2.9412760877579323,0,11,1,1.0,1
422.86,3,0.2,15.8571,3.7499645272667075,3,East,Consumer,Office Supplies,Storage,First Class,August,Thursday,6.0494032120284285,0,8,4,0.7795698924731183,1
127.76,2,0.1,2.8392,2.222291797119599,5,East,Corporate,Furniture,Chairs,Standard Class,April,Thursday,4.8579502064306075,0,4,4,0.6042154566744731,1
3499.93,7,0.0,909.9818,26.0,4,South,Corporate,Technology,Phones,Standard Class,March,Friday,8.160783926467431,0,3,5,0.8521008403361344,1
14.4,5,0.0,6.624,46.0,4,South,Corporate,Office Supplies,Labels,Standard Class,March,Friday,2.7343675094195836,0,3,5,1.0,1
122.97,3,0.0,60.2553,49.0,4,South,Corporate,Office Supplies,Paper,Standard Class,March,Friday,4.8200396008500555,0,3,5,1.0,1
9.32,4,0.0,2.7028,28.999999999999996,4,South,Corporate,Office Supplies,Art,Standard Class,March,Friday,2.334083760053417,0,3,5,1.0,1
122.94,3,0.0,59.0112,48.00000000000001,4,South,Corporate,Office Supplies,Binders,Standard Class,March,Friday,4.819797577533961,0,3,5,0.6011730205278593,1
128.74,7,0.2,12.8744,10.00031070374398,4,Central,Consumer,Office Supplies,Art,Standard Class,September,Friday,4.86553244778491,0,9,5,1.0,1
58.25,9,0.2,11.6496,19.999313304721028,4,East,Consumer,Furniture,Furnishings,Standard Class,September,Monday,4.081765780015241,0,9,1,0.8065522620904836,1
71.25,2,0.3,-19.3382,-27.141333333333336,4,East,Consumer,Furniture,Chairs,Standard Class,September,Monday,4.2801323269925415,1,9,1,0.6042154566744731,0
7.87,3,0.2,0.5904,7.501905972045744,4,East,Consumer,Office Supplies,Art,Standard Class,September,Monday,2.1826747963214883,0,9,1,1.0,1
887.27,3,0.3,-63.3765,-7.142865193233177,4,East,Consumer,Furniture,Chairs,Standard Class,September,Monday,6.789275750831158,1,9,1,0.6042154566744731,0
225.58,3,0.2,22.5576,9.999822679315542,4,West,Corporate,Technology,Phones,Standard Class,June,Monday,5.423098083445343,0,6,1,0.8521008403361344,1
5.25,2,0.2,0.4592,8.746666666666666,5,West,Consumer,Office Supplies,Art,Standard Class,September,Wednesday,1.8325814637483102,0,9,3,1.0,1
38.26,3,0.2,4.782,12.498693152117095,5,West,Consumer,Office Supplies,Art,Standard Class,September,Wednesday,3.670206188848315,0,9,3,1.0,1
40.24,5,0.2,13.078,32.49999999999999,5,West,Consumer,Office Supplies,Paper,Standard Class,September,Wednesday,3.719408659148759,0,9,3,1.0,1
29.93,5,0.7,-21.945,-73.32108252589376,5,West,Consumer,Technology,Machines,Standard Class,September,Wednesday,3.4317265866969784,1,9,3,0.5975609756097561,0
148.7,6,0.2,46.47,31.250840618695364,5,West,Consumer,Office Supplies,Paper,Standard Class,September,Wednesday,5.008633291425583,0,9,3,1.0,1
55.92,10,0.2,16.776,30.0,5,West,Consumer,Technology,Accessories,Standard Class,September,Wednesday,4.041646773221651,0,9,3,0.872,1
12.96,2,0.0,6.2208,47.99999999999999,4,East,Corporate,Office Supplies,Paper,Standard Class,July,Friday,2.6361960973342264,0,7,5,1.0,1
25.18,3,0.6,-33.3582,-132.47895154884827,4,Central,Consumer,Furniture,Furnishings,Standard Class,May,Friday,3.264995760481754,1,5,5,0.8065522620904836,0
5.58,2,0.6,-1.6752,-30.021505376344088,4,Central,Consumer,Furniture,Furnishings,Standard Class,May,Friday,1.884034745337226,1,5,5,0.8065522620904836,0
1297.37,9,0.2,97.3026,7.4999884381479465,4,Central,Consumer,Office Supplies,Storage,Standard Class,May,Friday,7.168864910573005,0,5,5,0.7795698924731183,1
19.44,3,0.0,9.3312,48.00000000000001,2,West,Consumer,Office Supplies,Paper,First Class,February,Saturday,3.017493765335504,0,2,6,1.0,1
9.54,2,0.0,4.293,45.00000000000001,3,Central,Consumer,Office Supplies,Paper,First Class,February,Sunday,2.355177543113216,0,2,7,1.0,1
5.81,1,0.0,1.8011,31.0,3,Central,Consumer,Office Supplies,Fasteners,First Class,February,Sunday,1.918392120161421,0,2,7,0.9019607843137255,1
5.76,2,0.0,1.728,30.0,3,Central,Consumer,Office Supplies,Art,First Class,February,Sunday,1.9110228900548727,0,2,7,1.0,1
14.91,3,0.0,4.6221,31.0,4,East,Consumer,Furniture,Furnishings,Second Class,August,Monday,2.7669478423496954,0,8,1,0.8065522620904836,1
6.64,9,0.7,-4.428,-66.6867469879518,4,South,Corporate,Office Supplies,Binders,Standard Class,November,Sunday,2.033397603178429,1,11,7,0.6011730205278593,0
18.54,2,0.0,8.7138,47.00000000000001,6,East,Consumer,Office Supplies,Paper,Standard Class,December,Saturday,2.972463646614637,0,12,6,1.0,1
679.96,5,0.2,220.987,32.49999999999999,6,East,Consumer,Office Supplies,Binders,Standard Class,December,Saturday,6.5235035672731705,0,12,6,0.6011730205278593,1
539.92,5,0.2,47.243,8.75,4,West,Consumer,Technology,Phones,Standard Class,November,Tuesday,6.293271393605159,0,11,2,0.8521008403361344,1
725.34,4,0.2,54.4008,7.500041359913971,4,West,Consumer,Furniture,Chairs,Standard Class,November,Tuesday,6.588018224756646,0,11,2,0.6042154566744731,1
7.44,3,0.0,2.604,35.0,4,West,Consumer,Office Supplies,Art,Standard Class,November,Tuesday,2.132982308607866,0,11,2,1.0,1
39.48,1,0.0,11.0544,28.000000000000004,6,East,Home Office,Office Supplies,Appliances,Standard Class,July,Monday,3.70080802497921,0,7,1,0.867109634551495,1
850.5,5,0.1,245.7,28.888888888888886,4,Central,Home Office,Office Supplies,Appliances,Second Class,May,Saturday,6.746999500102743,0,5,6,0.867109634551495,1
75.33,9,0.0,19.5858,26.0,4,Central,Home Office,Furniture,Furnishings,Second Class,May,Saturday,4.335066045810379,0,5,6,0.8065522620904836,1
325.63,6,0.2,28.4928,8.75005374197709,2,West,Corporate,Office Supplies,Appliances,Second Class,November,Saturday,5.7888280317986185,0,11,6,0.867109634551495,1
23.34,2,0.2,-1.459,-6.251071122536418,2,West,Corporate,Technology,Accessories,Second Class,November,Saturday,3.1921210875593813,0,11,6,0.872,0
16.52,5,0.2,5.369,32.5,2,West,Corporate,Office Supplies,Labels,Second Class,November,Saturday,2.8633430855082453,0,11,6,1.0,1
335.72,5,0.2,113.3055,33.75,2,Central,Home Office,Office Supplies,Envelopes,First Class,March,Sunday,5.819251724462315,0,3,7,1.0,1
251.94,7,0.2,88.1804,35.00055568786219,2,Central,Home Office,Technology,Phones,First Class,March,Sunday,5.53315230645183,0,3,7,0.8521008403361344,1
127.3,7,0.3,-9.093,-7.142969363707777,2,Central,Home Office,Furniture,Chairs,First Class,March,Sunday,4.8543712716215905,1,3,7,0.6042154566744731,0
703.71,6,0.7,-938.28,-133.33333333333331,1,West,Home Office,Technology,Machines,First Class,October,Thursday,6.55778637066794,1,10,4,0.5975609756097561,0
17.9,4,0.7,-14.92,-83.35195530726257,1,West,Home Office,Office Supplies,Binders,First Class,October,Thursday,2.9391619220655967,1,10,4,0.6011730205278593,0
11.98,4,0.7,-9.1816,-76.64106844741235,1,West,Home Office,Office Supplies,Binders,First Class,October,Thursday,2.563409711275944,1,10,4,0.6011730205278593,0
67.96,5,0.2,0.8495,1.2500000000000002,1,West,Home Office,Technology,Accessories,First Class,October,Thursday,4.233526626355437,0,10,4,0.872,1
892.22,3,0.2,89.2224,10.000044831992108,6,West,Corporate,Furniture,Chairs,Standard Class,April,Sunday,6.7948329111170205,0,4,7,0.6042154566744731,1
1299.99,2,0.5,-571.9956,-43.99999999999999,4,South,Consumer,Technology,Machines,Standard Class,September,Tuesday,7.170880792087884,1,9,2,0.5975609756097561,0
4.54,2,0.2,1.6472,36.281938325991185,1,West,Corporate,Office Supplies,Binders,First Class,March,Tuesday,1.7119945007591924,0,3,2,0.6011730205278593,1
1352.03,4,0.2,84.502,6.250009245356981,1,West,Corporate,Furniture,Chairs,First Class,March,Tuesday,7.210101800873974,0,3,2,0.6042154566744731,1
1548.99,9,0.4,-464.697,-30.0,4,East,Corporate,Furniture,Tables,Standard Class,December,Sunday,7.346003758279577,1,12,7,0.3627906976744186,0
19.87,3,0.2,6.7068,33.75339708102668,4,East,Corporate,Office Supplies,Envelopes,Standard Class,December,Sunday,3.038312721089109,0,12,7,1.0,1
19.56,4,0.0,5.4768,28.000000000000004,5,South,Corporate,Office Supplies,Art,Standard Class,March,Sunday,3.0233474405869645,0,3,7,1.0,1
80.96,4,0.0,29.1456,36.00000000000001,2,West,Consumer,Furniture,Furnishings,Second Class,November,Monday,4.406231323370699,0,11,1,0.8065522620904836,1
25.92,4,0.0,12.4416,47.99999999999999,2,West,Consumer,Office Supplies,Paper,Second Class,November,Monday,3.2928695047765273,0,11,1,1.0,1
106.96,2,0.0,31.0184,29.000000000000004,0,West,Home Office,Office Supplies,Appliances,Same Day,April,Tuesday,4.681760788149804,0,4,2,0.867109634551495,1
187.76,4,0.0,76.9816,41.0,0,West,Home Office,Furniture,Furnishings,Same Day,April,Tuesday,5.240476366858187,0,4,2,0.8065522620904836,1
76.73,3,0.6,-53.7096,-69.99817542030496,5,Central,Consumer,Furniture,Furnishings,Standard Class,January,Tuesday,4.353241283242128,1,1,2,0.8065522620904836,0
10.43,7,0.8,-18.2525,-175.00000000000003,5,Central,Consumer,Office Supplies,Binders,Standard Class,January,Tuesday,2.4362414778067194,1,1,2,0.6011730205278593,0
129.92,4,0.0,10.3936,8.0,4,South,Corporate,Furniture,Furnishings,Standard Class,October,Wednesday,4.87458644963298,0,10,3,0.8065522620904836,1
30.4,1,0.0,13.984,46.0,4,East,Home Office,Office Supplies,Binders,Standard Class,October,Tuesday,3.4468078929142076,0,10,2,0.6011730205278593,1
5399.91,9,0.0,2591.9568,48.0,4,East,Home Office,Technology,Copiers,Standard Class,October,Tuesday,8.594322736873234,0,10,2,1.0,1
119.1,3,0.0,34.539,29.000000000000004,4,East,Home Office,Office Supplies,Storage,Standard Class,October,Tuesday,4.788324729085938,0,10,2,0.7795698924731183,1
40.08,6,0.0,19.2384,48.0,2,East,Home Office,Office Supplies,Paper,Second Class,November,Friday,3.7155213850603572,0,11,5,1.0,1
59.94,3,0.0,28.1718,47.0,2,East,Home Office,Office Supplies,Paper,Second Class,November,Friday,4.109889773557563,0,11,5,1.0,1
259.98,2,0.0,88.3932,34.0,2,East,Home Office,Technology,Accessories,Second Class,November,Friday,5.564443776034101,0,11,5,0.872,1
170.98,1,0.0,32.4862,19.0,2,East,Home Office,Furniture,Bookcases,Second Class,November,Friday,5.14737819098275,0,11,5,0.5263157894736842,1
38.97,3,0.0,4.6764,12.000000000000002,2,East,Home Office,Furniture,Furnishings,Second Class,November,Friday,3.688129172723232,0,11,5,0.8065522620904836,1
154.9,5,0.0,69.705,44.99999999999999,2,East,Home Office,Office Supplies,Paper,Second Class,November,Friday,5.049214776063731,0,11,5,1.0,1
446.07,4,0.3,0.0,0.0,2,East,Home Office,Furniture,Tables,Second Class,November,Friday,6.102715181905712,1,11,5,0.3627906976744186,0
23.47,3,0.2,4.9878,21.251810822326377,0,South,Consumer,Technology,Accessories,Same Day,October,Wednesday,3.19744787745458,0,10,3,0.872,1
195.64,4,0.0,91.9508,47.0,7,East,Home Office,Office Supplies,Paper,Standard Class,December,Wednesday,5.281374645817724,0,12,3,1.0,1
14.94,3,0.0,7.0218,47.0,7,East,Home Office,Office Supplies,Paper,Standard Class,December,Wednesday,2.768831673362069,0,12,3,1.0,1
1687.8,4,0.0,742.632,44.0,7,East,Home Office,Technology,Accessories,Standard Class,December,Wednesday,7.4317734965341105,0,12,3,0.872,1
341.96,2,0.0,78.6508,23.000000000000004,7,East,Home Office,Furniture,Bookcases,Standard Class,December,Wednesday,5.837613822289722,0,12,3,0.5263157894736842,1
605.88,6,0.0,151.47,25.0,7,East,Home Office,Furniture,Chairs,Standard Class,December,Wednesday,6.408331077940589,0,12,3,0.6042154566744731,1
186.73,1,0.1,41.496,22.222460236705405,3,Central,Home Office,Office Supplies,Appliances,First Class,April,Tuesday,5.23500476033627,0,4,2,0.867109634551495,1
3812.97,3,0.0,1906.485,50.0,3,Central,Home Office,Office Supplies,Binders,First Class,April,Tuesday,8.246425920371694,0,4,2,0.6011730205278593,1
26.42,9,0.2,9.5787,36.255488266464795,7,East,Consumer,Office Supplies,Binders,Standard Class,February,Saturday,3.3112726741341683,0,2,6,0.6011730205278593,1
625.99,1,0.0,187.797,30.0,7,East,Consumer,Technology,Phones,Standard Class,February,Saturday,6.4409305915424175,0,2,6,0.8521008403361344,1
1568.61,9,0.0,329.4081,21.000000000000004,4,Central,Corporate,Furniture,Tables,Standard Class,November,Friday,7.358582459840752,0,11,5,0.3627906976744186,1
17.3,1,0.0,8.304,48.0,4,Central,Corporate,Office Supplies,Binders,Standard Class,November,Friday,2.9069010598473755,0,11,5,0.6011730205278593,1
160.0,8,0.0,62.4,39.0,4,Central,Corporate,Technology,Accessories,Standard Class,November,Friday,5.081404364984463,0,11,5,0.872,1
88.8,6,0.0,44.4,50.0,5,West,Consumer,Office Supplies,Labels,Standard Class,December,Monday,4.497584975308154,0,12,1,1.0,1
319.97,4,0.2,35.9964,11.249929680907584,5,West,Consumer,Technology,Phones,Standard Class,December,Monday,5.771347660818625,0,12,1,0.8521008403361344,1
167.89,7,0.2,14.6902,8.749895765084283,0,West,Consumer,Furniture,Chairs,Same Day,March,Tuesday,5.12924761542983,0,3,2,0.6042154566744731,1
11.56,2,0.0,5.6644,48.99999999999999,7,Central,Consumer,Office Supplies,Paper,Standard Class,August,Friday,2.5305171610400525,0,8,5,1.0,1
209.97,3,0.0,58.7916,28.000000000000004,7,Central,Consumer,Technology,Phones,Standard Class,August,Friday,5.3517159432727315,0,8,5,0.8521008403361344,1
447.84,4,0.0,98.5248,22.0,7,Central,Consumer,Furniture,Tables,Standard Class,August,Friday,6.106666476796666,0,8,5,0.3627906976744186,1
479.97,3,0.0,163.1898,34.0,7,Central,Consumer,Technology,Accessories,Standard Class,August,Friday,6.175804898098298,0,8,5,0.872,1
8.64,3,0.0,2.5056,28.999999999999996,7,Central,Consumer,Office Supplies,Art,Standard Class,August,Friday,2.265921108622454,0,8,5,1.0,1
40.78,3,0.2,0.5097,1.2498773908778813,4,East,Consumer,Technology,Accessories,Standard Class,October,Saturday,3.7324177561284198,0,10,6,0.872,1
13.7,3,0.7,-9.5886,-69.98978102189781,4,East,Consumer,Office Supplies,Binders,Standard Class,October,Saturday,2.6878474937846906,1,10,6,0.6011730205278593,0
87.8,5,0.2,32.925,37.5,5,West,Consumer,Technology,Phones,Standard Class,April,Thursday,4.486386649998124,0,4,4,0.8521008403361344,1
250.26,6,0.0,72.5754,29.000000000000004,2,West,Consumer,Office Supplies,Appliances,First Class,December,Friday,5.526488259576272,0,12,5,0.867109634551495,1
29.6,5,0.2,9.25,31.25,6,West,Corporate,Office Supplies,Paper,Standard Class,January,Tuesday,3.4210000089583352,0,1,2,1.0,1
1.94,2,0.7,-1.3566,-69.9278350515464,6,West,Corporate,Office Supplies,Binders,Standard Class,January,Tuesday,1.0784095813505903,1,1,2,0.6011730205278593,0
59.52,3,0.0,15.4752,25.999999999999996,5,East,Corporate,Office Supplies,Art,Standard Class,January,Monday,4.102973888920155,0,1,1,1.0,1
17.48,2,0.0,8.2156,47.0,5,East,Corporate,Office Supplies,Envelopes,Standard Class,January,Monday,2.916689066213538,0,1,1,1.0,1
13.17,2,0.2,4.6088,34.994684889901286,5,East,Corporate,Office Supplies,Binders,Standard Class,January,Monday,2.6511270537025893,0,1,1,0.6011730205278593,1
179.89,1,0.3,-2.5698,-1.428539663127467,4,Central,Corporate,Furniture,Chairs,Standard Class,September,Thursday,5.197889111713543,1,9,4,0.6042154566744731,0
286.26,1,0.2,17.891,6.2499126668064,4,East,Consumer,Office Supplies,Appliances,Standard Class,September,Sunday,5.660387729003677,0,9,7,0.867109634551495,1
24.22,2,0.2,-4.8448,-20.003303055326178,4,East,Consumer,Office Supplies,Storage,Standard Class,September,Sunday,3.2276373305367736,0,9,7,0.7795698924731183,0
331.54,3,0.2,-82.884,-24.99969837726971,4,East,Consumer,Office Supplies,Storage,Standard Class,September,Sunday,5.806760153612234,0,9,7,0.7795698924731183,0
17.52,3,0.0,6.3072,36.0,4,East,Home Office,Office Supplies,Art,Second Class,March,Monday,2.918851229218033,0,3,1,1.0,1
17.86,4,0.2,4.2408,23.744680851063833,6,Central,Consumer,Office Supplies,Art,Standard Class,November,Saturday,2.937043277205311,0,11,6,1.0,1
431.98,3,0.2,-75.5958,-17.4998379554609,5,South,Home Office,Technology,Accessories,Standard Class,September,Monday,6.070691537559284,0,9,1,0.872,0
15.23,4,0.2,5.5216,36.254760341431385,4,East,Consumer,Office Supplies,Paper,Second Class,May,Sunday,2.7868613815264998,0,5,7,1.0,1
19.44,3,0.0,9.3312,48.00000000000001,4,West,Corporate,Office Supplies,Paper,Standard Class,August,Monday,3.017493765335504,0,8,1,1.0,1
70.37,4,0.2,26.388,37.498934204916864,7,East,Consumer,Office Supplies,Binders,Standard Class,May,Friday,4.267877612982976,0,5,5,0.6011730205278593,1
6.58,2,0.0,3.0268,46.0,5,West,Home Office,Office Supplies,Paper,Standard Class,November,Friday,2.0255131996542803,0,11,5,1.0,1
94.99,1,0.0,28.497,30.0,5,West,Home Office,Technology,Accessories,Standard Class,November,Friday,4.564244019375446,0,11,5,0.872,1
35.12,2,0.2,13.17,37.5,2,West,Consumer,Technology,Phones,Second Class,September,Thursday,3.5868467285487844,0,9,4,0.8521008403361344,1
7.96,2,0.0,3.7412,47.0,5,East,Corporate,Office Supplies,Binders,Standard Class,June,Friday,2.192770226986839,0,6,5,0.6011730205278593,1
566.97,3,0.0,153.0819,26.999999999999996,5,East,Corporate,Technology,Phones,Standard Class,June,Friday,6.342068600424882,0,6,5,0.8521008403361344,1
9.84,3,0.0,2.8536,29.000000000000004,5,East,Corporate,Office Supplies,Art,Standard Class,June,Friday,2.3832429960115,0,6,5,1.0,1
25.49,2,0.2,4.779,18.74852883483719,4,Central,Home Office,Technology,Accessories,Standard Class,December,Saturday,3.2767673032839784,0,12,6,0.872,1
7.56,6,0.0,0.3024,4.0,2,East,Home Office,Office Supplies,Fasteners,Second Class,May,Sunday,2.1471001901536506,0,5,7,0.9019607843137255,1
60.84,3,0.0,19.4688,32.0,6,South,Consumer,Furniture,Furnishings,Standard Class,June,Thursday,4.124550404279167,0,6,4,0.8065522620904836,1
450.04,2,0.0,58.5052,13.0,6,South,Consumer,Office Supplies,Storage,Standard Class,June,Thursday,6.111556027365802,0,6,4,0.7795698924731183,1
34.6,2,0.0,16.608,48.0,6,South,Consumer,Office Supplies,Binders,Standard Class,June,Thursday,3.572345637857985,0,6,4,0.6011730205278593,1
467.97,3,0.0,140.391,30.0,6,South,Consumer,Technology,Phones,Standard Class,June,Thursday,6.1505388005155135,0,6,4,0.8521008403361344,1
33.02,2,0.0,15.8496,48.0,6,South,Consumer,Office Supplies,Binders,Standard Class,June,Thursday,3.5269485869677157,0,6,4,0.6011730205278593,1
17.09,2,0.2,1.068,6.249268578115857,3,South,Corporate,Furniture,Furnishings,First Class,November,Monday,2.895359299407204,0,11,1,0.8065522620904836,1
3.01,2,0.2,0.3384,11.242524916943522,2,East,Corporate,Office Supplies,Art,Second Class,December,Monday,1.3887912413184778,0,12,1,1.0,1
15.55,3,0.2,5.4432,35.004501607717046,4,Central,Corporate,Office Supplies,Paper,Standard Class,October,Monday,2.806386101823072,0,10,1,1.0,1
42.21,2,0.2,13.7176,32.49846008054963,5,South,Consumer,Office Supplies,Paper,Standard Class,December,Saturday,3.766071949943842,0,12,6,1.0,1
74.52,9,0.0,35.0244,47.0,4,South,Consumer,Office Supplies,Envelopes,Standard Class,February,Tuesday,4.324397521837245,0,2,2,1.0,1
7.15,3,0.2,0.7152,10.002797202797202,2,West,Consumer,Office Supplies,Art,First Class,August,Monday,2.0980179272527715,0,8,1,1.0,1
1039.73,2,0.2,90.9762,8.74998316870726,0,West,Corporate,Technology,Phones,Same Day,August,Monday,6.947677668979556,0,8,1,0.8521008403361344,1
45.96,2,0.0,13.788,30.0,0,West,Corporate,Office Supplies,Appliances,Same Day,August,Monday,3.849296175519841,0,8,1,0.867109634551495,1
456.59,2,0.7,-304.392,-66.66637464683852,7,East,Consumer,Office Supplies,Binders,Standard Class,November,Friday,6.125973586679952,1,11,5,0.6011730205278593,0
4499.99,5,0.7,-6599.978,-146.6665037033416,7,East,Consumer,Technology,Machines,Standard Class,November,Friday,8.41205265156196,1,11,5,0.5975609756097561,0
59.98,3,0.2,11.9952,19.99866622207403,7,East,Consumer,Technology,Accessories,Standard Class,November,Friday,4.110545941560109,0,11,5,0.872,1
6.12,3,0.0,2.8764,47.0,2,West,Consumer,Office Supplies,Envelopes,First Class,April,Wednesday,1.9629077254238845,0,4,3,1.0,1
10.98,1,0.0,2.9646,26.999999999999996,4,West,Home Office,Office Supplies,Appliances,Standard Class,December,Saturday,2.4832385926873033,0,12,6,0.867109634551495,1
7.86,3,0.0,3.6156,46.0,4,West,Home Office,Office Supplies,Fasteners,Standard Class,December,Saturday,2.1815467646169897,0,12,6,0.9019607843137255,1
51.45,3,0.0,13.8915,27.0,4,West,Home Office,Office Supplies,Storage,Standard Class,December,Saturday,3.9598603348423063,0,12,6,0.7795698924731183,1
37.06,3,0.2,13.896,37.495952509444145,4,West,Home Office,Office Supplies,Binders,Standard Class,December,Saturday,3.6391638618680036,0,12,6,0.6011730205278593,1
203.92,4,0.0,55.0584,27.0,4,South,Consumer,Office Supplies,Appliances,Standard Class,April,Monday,5.322619659071002,0,4,1,0.867109634551495,1
29.56,4,0.0,7.9812,27.0,4,South,Consumer,Technology,Phones,Standard Class,April,Monday,3.4196919642983197,0,4,1,0.8521008403361344,1
8.57,3,0.8,-14.5656,-169.96032672112017,4,Central,Consumer,Office Supplies,Binders,Standard Class,March,Sunday,2.258633205464863,1,3,7,0.6011730205278593,0
45.25,2,0.2,3.9592,8.749613259668507,2,South,Corporate,Office Supplies,Storage,Second Class,November,Friday,3.834061463958434,0,11,5,0.7795698924731183,1
876.3,10,0.4,-292.1,-33.333333333333336,2,South,Corporate,Furniture,Tables,Second Class,November,Friday,6.776849009134338,1,11,5,0.3627906976744186,0
185.38,2,0.2,-34.758,-18.74959542561226,2,South,Corporate,Office Supplies,Supplies,Second Class,November,Friday,5.22778760035751,0,11,5,0.816793893129771,0
25.06,2,0.0,11.7782,47.0,7,East,Consumer,Office Supplies,Labels,Standard Class,November,Saturday,3.260401571696699,0,11,6,1.0,1
2.89,1,0.8,-4.7685,-165.0,3,Central,Consumer,Office Supplies,Binders,First Class,May,Tuesday,1.358409157630355,1,5,2,0.6011730205278593,0
7.9,3,0.2,2.4675,31.234177215189867,3,Central,Consumer,Office Supplies,Fasteners,First Class,May,Tuesday,2.186051276738094,0,5,2,0.9019607843137255,1
22.61,3,0.6,-10.1736,-44.996019460415745,3,Central,Consumer,Furniture,Furnishings,First Class,May,Tuesday,3.1616703510974213,1,5,2,0.8065522620904836,0
30.53,8,0.2,9.54,31.247952833278735,3,Central,Consumer,Office Supplies,Paper,First Class,May,Tuesday,3.4509394735569696,0,5,2,1.0,1
1.8,5,0.8,-2.88,-160.0,5,Central,Corporate,Office Supplies,Binders,Standard Class,December,Monday,1.0296194171811581,1,12,1,0.6011730205278593,0
32.4,5,0.0,15.876,49.0,3,West,Corporate,Office Supplies,Paper,Second Class,December,Saturday,3.5085558999826545,0,12,6,1.0,1
97.88,2,0.0,48.94,50.0,3,West,Corporate,Office Supplies,Paper,Second Class,December,Saturday,4.59390699370938,0,12,6,1.0,1
307.17,4,0.2,30.7168,9.999934889474883,6,Central,Consumer,Technology,Phones,Standard Class,July,Sunday,5.730651578758223,0,7,7,0.8521008403361344,1
26.9,5,0.0,13.181,49.0,4,East,Corporate,Office Supplies,Binders,Standard Class,October,Friday,3.32862668882732,0,10,5,0.6011730205278593,1
40.48,2,0.0,14.5728,36.00000000000001,5,West,Consumer,Furniture,Furnishings,Second Class,March,Monday,3.7252113833613265,0,3,1,0.8065522620904836,1
12.0,4,0.2,4.2,35.0,4,South,Home Office,Office Supplies,Labels,Standard Class,September,Tuesday,2.5649493574615367,0,9,2,1.0,1
720.06,4,0.2,-63.0056,-8.750048607060524,4,South,Home Office,Office Supplies,Storage,Standard Class,September,Tuesday,6.580722351575664,0,9,2,0.7795698924731183,0
25.42,1,0.2,-4.767,-18.752950432730135,4,South,Home Office,Office Supplies,Storage,Standard Class,September,Tuesday,3.2741212990941793,0,9,2,0.7795698924731183,0
2.82,2,0.2,0.3168,11.234042553191491,4,South,Home Office,Office Supplies,Art,Standard Class,September,Tuesday,1.3402504226184837,0,9,2,1.0,1
3.2,2,0.7,-2.5632,-80.10000000000001,4,South,Home Office,Office Supplies,Binders,Standard Class,September,Tuesday,1.4350845252893227,1,9,2,0.6011730205278593,0
30.83,7,0.7,-24.6624,-79.99481024975674,5,South,Consumer,Office Supplies,Binders,Standard Class,January,Friday,3.4604092412940015,1,1,5,0.6011730205278593,0
47.62,3,0.2,5.952,12.49895002099958,5,South,Consumer,Office Supplies,Art,Standard Class,January,Friday,3.884034968887977,0,1,5,1.0,1
108.78,2,0.2,10.8784,10.000367714653429,5,South,Consumer,Technology,Phones,Standard Class,January,Friday,4.698478363121743,0,1,5,0.8521008403361344,1
4.77,1,0.0,2.1465,45.00000000000001,1,East,Consumer,Office Supplies,Paper,First Class,February,Sunday,1.7526720805200082,0,2,7,1.0,1
7.98,3,0.0,2.0748,26.0,1,East,Consumer,Office Supplies,Art,First Class,February,Sunday,2.194999882314108,0,2,7,1.0,1
550.43,3,0.3,-47.1798,-8.571444143669495,1,East,Consumer,Furniture,Tables,First Class,February,Sunday,6.312514904073782,1,2,7,0.3627906976744186,0
10.56,6,0.0,4.6464,43.99999999999999,1,East,Consumer,Furniture,Furnishings,First Class,February,Sunday,2.4475508632442313,0,2,7,0.8065522620904836,1
113.22,3,0.0,29.4372,26.0,5,West,Home Office,Office Supplies,Art,Second Class,October,Friday,4.738126413236717,0,10,5,1.0,1
35.88,6,0.0,17.5812,48.99999999999999,5,West,Home Office,Office Supplies,Paper,Second Class,October,Friday,3.607669398688393,0,10,5,1.0,1
4535.98,3,0.2,1644.2913,36.24996803336876,5,West,Home Office,Office Supplies,Binders,Second Class,October,Friday,8.420016871454997,0,10,5,0.6011730205278593,1
111.67,9,0.2,6.9795,6.250111936957105,3,South,Consumer,Office Supplies,Storage,Second Class,October,Friday,4.724463192176074,0,10,5,0.7795698924731183,1
8.64,3,0.0,2.5056,28.999999999999996,6,East,Home Office,Office Supplies,Art,Standard Class,August,Tuesday,2.265921108622454,0,8,2,1.0,1
149.97,3,0.0,52.4895,35.0,6,East,Home Office,Technology,Accessories,Standard Class,August,Tuesday,5.017081141579645,0,8,2,0.872,1
232.88,5,0.2,17.466,7.500000000000001,7,West,Corporate,Furniture,Chairs,Standard Class,May,Friday,5.45480816330747,0,5,5,0.6042154566744731,1
90.88,1,0.1,15.147,16.667033450704228,4,East,Corporate,Furniture,Chairs,Standard Class,February,Tuesday,4.520483377820898,0,2,2,0.6042154566744731,1
63.94,3,0.2,6.3936,9.999374413512669,5,West,Corporate,Furniture,Chairs,Standard Class,April,Sunday,4.1734637666747,0,4,7,0.6042154566744731,1
59.52,3,0.0,15.4752,25.999999999999996,5,West,Corporate,Office Supplies,Art,Standard Class,April,Sunday,4.102973888920155,0,4,7,1.0,1
311.98,3,0.2,38.997,12.499839733316238,5,West,Corporate,Technology,Phones,Standard Class,April,Sunday,5.746139290735026,0,4,7,0.8521008403361344,1
50.35,3,0.2,17.6232,35.00139026812314,5,West,Corporate,Office Supplies,Binders,Standard Class,April,Sunday,3.9386649363745674,0,4,7,0.6011730205278593,1
19.14,2,0.2,1.9136,9.99791013584117,4,Central,Consumer,Technology,Phones,Standard Class,May,Monday,3.0027078872904163,0,5,1,0.8521008403361344,1
13.12,5,0.2,2.132,16.25,4,South,Home Office,Office Supplies,Art,Standard Class,January,Saturday,2.647592232065096,0,1,6,1.0,1
241.57,2,0.2,-15.098,-6.249948255164135,4,West,Consumer,Furniture,Tables,Second Class,April,Monday,5.49129032851713,0,4,1,0.3627906976744186,0
479.92,2,0.2,41.993,8.75,4,West,Consumer,Technology,Phones,Second Class,April,Monday,6.175700936106709,0,4,1,0.8521008403361344,1
307.14,4,0.2,-11.5176,-3.7499511623363935,5,West,Corporate,Furniture,Chairs,Standard Class,September,Friday,5.730554225153629,0,9,5,0.6042154566744731,0
12.6,2,0.0,5.796,46.0,5,West,Corporate,Office Supplies,Labels,Standard Class,September,Friday,2.6100697927420065,0,9,5,1.0,1
159.98,2,0.0,57.5928,36.0,5,West,Corporate,Technology,Accessories,Standard Class,September,Friday,5.0812801336655875,0,9,5,0.872,1
6.12,3,0.0,2.8764,47.0,5,Central,Consumer,Office Supplies,Envelopes,Standard Class,March,Friday,1.9629077254238845,0,3,5,1.0,1
1184.72,4,0.0,106.6248,9.0,5,Central,Consumer,Furniture,Tables,Standard Class,March,Friday,7.078105463994872,0,3,5,0.3627906976744186,1
45.96,2,0.0,13.788,30.0,5,East,Consumer,Office Supplies,Appliances,Standard Class,July,Sunday,3.849296175519841,0,7,7,0.867109634551495,1
58.05,3,0.0,26.703,46.0,4,South,Consumer,Office Supplies,Binders,Second Class,April,Saturday,4.078384542643371,0,4,6,0.6011730205278593,1
71.28,11,0.0,34.2144,48.0,4,South,Consumer,Office Supplies,Paper,Second Class,April,Saturday,4.280547465724028,0,4,6,1.0,1
154.9,5,0.0,69.705,44.99999999999999,5,South,Consumer,Office Supplies,Paper,Standard Class,September,Sunday,5.049214776063731,0,9,7,1.0,1
1871.88,12,0.0,561.564,30.0,5,South,Consumer,Technology,Phones,Standard Class,September,Sunday,7.535232632052063,0,9,7,0.8521008403361344,1
16.19,2,0.6,-6.8816,-42.5052501544163,4,Central,Consumer,Furniture,Furnishings,Standard Class,February,Saturday,2.844327819394758,1,2,6,0.8065522620904836,0
18.94,3,0.2,-3.7872,-19.995776135163673,4,Central,Consumer,Office Supplies,Storage,Standard Class,May,Monday,2.9927277645336923,0,5,1,0.7795698924731183,0
12.67,3,0.2,-3.168,-25.003946329913184,4,Central,Consumer,Office Supplies,Storage,Standard Class,May,Monday,2.6152036507358583,0,5,1,0.7795698924731183,0
5.04,2,0.2,1.764,35.0,4,Central,Consumer,Office Supplies,Labels,Standard Class,May,Monday,1.7984040119467235,0,5,1,1.0,1
8.45,2,0.2,2.9568,34.99171597633136,6,Central,Corporate,Office Supplies,Paper,Standard Class,December,Tuesday,2.2460147415056513,0,12,2,1.0,1
20.39,2,0.8,-53.0088,-259.9744973025993,6,Central,Corporate,Office Supplies,Appliances,Standard Class,December,Tuesday,3.062923523094314,1,12,2,0.867109634551495,0
9.96,2,0.0,4.8804,48.99999999999999,4,West,Home Office,Office Supplies,Paper,Standard Class,December,Friday,2.3942522815198695,0,12,5,1.0,1
25.58,2,0.2,8.9544,35.00547302580141,2,East,Corporate,Office Supplies,Binders,First Class,May,Friday,3.2801590532850993,0,5,5,0.6011730205278593,1
464.0,5,0.0,134.56,28.999999999999996,2,East,Corporate,Technology,Phones,First Class,May,Friday,6.142037405587356,0,5,5,0.8521008403361344,1
235.95,3,0.0,77.8635,33.0,2,East,Corporate,Office Supplies,Appliances,First Class,May,Friday,5.467849148413597,0,5,5,0.867109634551495,1
39.96,4,0.0,17.982,44.99999999999999,2,East,Corporate,Office Supplies,Paper,First Class,May,Friday,3.7125959807312525,0,5,5,1.0,1
17.9,2,0.0,3.401,19.0,5,West,Consumer,Technology,Accessories,Standard Class,October,Monday,2.9391619220655967,0,10,1,0.872,1
81.96,2,0.0,0.0,0.0,5,West,Consumer,Office Supplies,Storage,Standard Class,October,Monday,4.418358563921272,0,10,1,0.7795698924731183,0
272.74,3,0.2,-64.7748,-23.749651682921463,5,West,Consumer,Office Supplies,Storage,Second Class,July,Tuesday,5.61217875078312,0,7,2,0.7795698924731183,0
18.5,4,0.2,6.7048,36.24216216216216,5,West,Consumer,Office Supplies,Paper,Second Class,July,Tuesday,2.970414465569701,0,7,2,1.0,1
441.92,2,0.2,49.716,11.25,5,West,Consumer,Furniture,Chairs,Second Class,July,Tuesday,6.093389166829907,0,7,2,0.6042154566744731,1
127.76,6,0.7,-191.646,-150.00469630557293,5,West,Consumer,Furniture,Bookcases,Second Class,July,Tuesday,4.8579502064306075,1,7,2,0.5263157894736842,0
166.44,3,0.0,79.8912,48.0,5,West,Home Office,Office Supplies,Paper,Second Class,November,Wednesday,5.120625078137745,0,11,3,1.0,1
13.38,2,0.0,6.1548,46.0,6,West,Consumer,Office Supplies,Paper,Standard Class,May,Friday,2.6658383522929006,0,5,5,1.0,1
6.16,2,0.0,2.9568,48.0,4,West,Home Office,Office Supplies,Labels,Standard Class,October,Monday,1.9685099809725544,0,10,1,1.0,1
915.14,4,0.2,102.9528,11.249950827195839,4,West,Home Office,Furniture,Chairs,Standard Class,October,Monday,6.820169191423475,0,10,1,0.6042154566744731,1
8.56,2,0.0,3.852,44.99999999999999,4,West,Home Office,Office Supplies,Paper,Standard Class,October,Monday,2.25758772706331,0,10,1,1.0,1
97.82,2,0.0,45.9754,47.0,4,West,Home Office,Office Supplies,Paper,Standard Class,October,Monday,4.593300013417604,0,10,1,1.0,1
5.04,2,0.2,1.764,35.0,6,South,Consumer,Office Supplies,Labels,Standard Class,March,Thursday,1.7984040119467235,0,3,4,1.0,1
242.18,4,0.6,-302.72,-124.9979354199356,5,Central,Home Office,Furniture,Furnishings,Second Class,November,Tuesday,5.493801909868272,1,11,2,0.8065522620904836,0
337.18,2,0.4,-118.0116,-34.999584791506024,7,East,Corporate,Furniture,Tables,Standard Class,June,Tuesday,5.8235782981102835,1,6,2,0.3627906976744186,0
32.4,5,0.0,15.552,48.0,6,West,Consumer,Office Supplies,Paper,Standard Class,August,Tuesday,3.5085558999826545,0,8,2,1.0,1
19.89,9,0.0,5.3703,27.0,4,South,Consumer,Office Supplies,Art,Standard Class,December,Sunday,3.0392705755684744,0,12,7,1.0,1
399.98,2,0.0,171.9914,43.0,4,South,Consumer,Technology,Accessories,Standard Class,December,Sunday,5.993911550751034,0,12,7,0.872,1
343.85,5,0.0,137.54,40.0,4,South,Consumer,Furniture,Furnishings,Standard Class,December,Sunday,5.8431095398773,0,12,7,0.8065522620904836,1
106.32,3,0.0,49.9704,47.0,4,South,Consumer,Office Supplies,Paper,Standard Class,December,Sunday,4.675815025557423,0,12,7,1.0,1
76.64,2,0.2,26.824,35.0,6,Central,Consumer,Office Supplies,Paper,Standard Class,November,Saturday,4.35208275830081,0,11,6,1.0,1
4.46,1,0.2,1.674,37.53363228699552,7,Central,Home Office,Office Supplies,Envelopes,Standard Class,October,Thursday,1.6974487897568136,0,10,4,1.0,1
3.96,10,0.8,-6.93,-175.0,7,Central,Home Office,Office Supplies,Binders,Standard Class,October,Thursday,1.601405740736836,1,10,4,0.6011730205278593,0
715.64,2,0.0,178.91,25.0,3,West,Corporate,Office Supplies,Appliances,First Class,July,Saturday,6.57457362245899,0,7,6,0.867109634551495,1
268.7,3,0.2,6.7176,2.500037216226275,4,West,Consumer,Furniture,Tables,Standard Class,December,Saturday,5.597310230145684,0,12,6,0.3627906976744186,1
21.92,8,0.0,5.9184,26.999999999999996,4,West,Consumer,Office Supplies,Art,Standard Class,December,Saturday,3.132009891846539,0,12,6,1.0,1
48.72,3,0.0,7.308,15.0,4,West,Consumer,Office Supplies,Storage,Standard Class,December,Saturday,3.9064072666425105,0,12,6,0.7795698924731183,1
205.67,2,0.15,-12.098,-5.882238537462927,4,West,Consumer,Furniture,Bookcases,Standard Class,December,Saturday,5.331123318273214,0,12,6,0.5263157894736842,0
30.34,2,0.6,-31.8612,-105.0138431114041,2,Central,Consumer,Furniture,Furnishings,Second Class,April,Thursday,3.444895236927875,1,4,4,0.8065522620904836,0
344.37,4,0.3,-93.4724,-27.14301478061387,4,East,Home Office,Furniture,Chairs,Standard Class,November,Friday,5.844616306121053,1,11,5,0.6042154566744731,0
22.85,2,0.2,7.4256,32.497155361050325,4,West,Home Office,Office Supplies,Binders,Second Class,July,Saturday,3.1717842173343502,0,7,6,0.6011730205278593,1
22.32,4,0.0,10.7136,48.0,3,South,Consumer,Office Supplies,Binders,First Class,August,Saturday,3.1493113614822916,0,8,6,0.6011730205278593,1
103.6,7,0.0,51.8,50.0,3,South,Consumer,Office Supplies,Labels,First Class,August,Saturday,4.650143551630823,0,8,6,1.0,1
59.52,3,0.0,17.856,30.0,2,East,Corporate,Office Supplies,Art,Second Class,March,Friday,4.102973888920155,0,3,5,1.0,1
230.28,3,0.2,23.028,10.0,5,West,Corporate,Furniture,Chairs,Standard Class,July,Friday,5.443629097708091,0,7,5,0.6042154566744731,1
105.52,5,0.2,34.294,32.49999999999999,5,West,Corporate,Office Supplies,Paper,Standard Class,July,Friday,4.668332760945732,0,7,5,1.0,1
81.42,2,0.2,-9.1602,-11.250552689756816,3,West,Corporate,Furniture,Chairs,First Class,December,Wednesday,4.411828125910671,0,12,3,0.6042154566744731,0
134.8,10,0.0,35.048,26.0,3,West,Corporate,Office Supplies,Storage,First Class,December,Wednesday,4.911183215124596,0,12,3,0.7795698924731183,1
18.84,5,0.2,-3.5325,-18.75,4,Central,Consumer,Office Supplies,Fasteners,Standard Class,March,Saturday,2.987700101856727,0,3,6,0.9019607843137255,0
362.25,6,0.3,0.0,0.0,4,Central,Consumer,Furniture,Chairs,Standard Class,March,Saturday,5.895091302450393,1,3,6,0.6042154566744731,0
63.55,6,0.6,-34.9536,-55.00173092053502,4,Central,Consumer,Furniture,Furnishings,Standard Class,March,Saturday,4.167440117292651,1,3,6,0.8065522620904836,0
129.55,3,0.2,-22.6716,-17.50027016595909,4,Central,Consumer,Office Supplies,Storage,Standard Class,March,Saturday,4.871756295145138,0,3,6,0.7795698924731183,0
5.98,2,0.2,2.244,37.525083612040135,5,East,Consumer,Office Supplies,Binders,Standard Class,November,Thursday,1.9430489167742813,0,11,4,0.6011730205278593,1
861.76,4,0.0,249.9104,29.000000000000004,5,East,Consumer,Technology,Phones,Standard Class,November,Thursday,6.760136552754173,0,11,4,0.8521008403361344,1
66.96,4,0.0,2.6784,4.0,5,East,Corporate,Office Supplies,Storage,Standard Class,April,Tuesday,4.2189192968037315,0,4,2,0.7795698924731183,1
6.24,2,0.0,3.0576,48.99999999999999,5,East,Corporate,Office Supplies,Binders,Standard Class,April,Tuesday,1.979621206397625,0,4,2,0.6011730205278593,1
33.36,4,0.0,16.68,50.0,7,West,Corporate,Office Supplies,Paper,Standard Class,March,Monday,3.536893097116055,0,3,1,1.0,1
90.88,3,0.7,-190.8522,-210.00462147887325,2,West,Corporate,Furniture,Bookcases,First Class,October,Monday,4.520483377820898,1,10,1,0.5263157894736842,0
15.99,1,0.2,-2.9985,-18.75234521575985,2,West,Corporate,Technology,Phones,First Class,October,Monday,2.8326249356838407,0,10,1,0.8521008403361344,0
120.78,1,0.2,13.5882,11.250372578241432,2,West,Corporate,Furniture,Chairs,First Class,October,Monday,4.802216138180428,0,10,1,0.6042154566744731,1
519.79,4,0.4,-112.6216,-21.666750033667444,4,East,Corporate,Technology,Phones,Standard Class,August,Sunday,6.255346889481134,1,8,7,0.8521008403361344,0
31.18,3,0.2,-5.4558,-17.497754971135343,4,East,Corporate,Technology,Accessories,Standard Class,August,Sunday,3.471345141564237,0,8,7,0.872,0
10.37,2,0.2,3.6288,34.993249758919966,4,East,Corporate,Office Supplies,Paper,Standard Class,August,Sunday,2.4309783077624445,0,8,7,1.0,1
2.72,2,0.7,-1.9068,-70.1029411764706,4,East,Corporate,Office Supplies,Binders,Standard Class,August,Sunday,1.3137236682850553,1,8,7,0.6011730205278593,0
254.35,3,0.2,0.0,0.0,4,East,Corporate,Furniture,Furnishings,Standard Class,August,Sunday,5.542635153093653,0,8,7,0.8065522620904836,0
3.76,3,0.7,-2.7588,-73.37234042553192,4,East,Corporate,Office Supplies,Binders,Standard Class,August,Sunday,1.5602476682433286,1,8,7,0.6011730205278593,0
10.27,3,0.2,3.21,31.256085686465436,4,East,Corporate,Office Supplies,Paper,Standard Class,August,Sunday,2.422144328051685,0,8,7,1.0,1
659.97,3,0.0,197.991,30.0,5,South,Consumer,Technology,Phones,Standard Class,May,Saturday,6.493708453042598,0,5,6,0.8521008403361344,1
113.73,3,0.0,32.9817,28.999999999999996,5,South,Consumer,Technology,Phones,Standard Class,May,Saturday,4.7425815418110515,0,5,6,0.8521008403361344,1
5.1,1,0.2,1.6588,32.52549019607843,4,West,Home Office,Office Supplies,Binders,Standard Class,August,Thursday,1.8082887711792655,0,8,4,0.6011730205278593,1
16.45,2,0.2,5.5512,33.74589665653495,4,Central,Consumer,Office Supplies,Paper,Standard Class,January,Friday,2.859339648648436,0,1,5,1.0,1
81.92,4,0.0,22.1184,27.0,3,East,Consumer,Office Supplies,Appliances,First Class,September,Wednesday,4.417876287567579,0,9,3,0.867109634551495,1
254.9,5,0.0,76.47,30.0,3,East,Consumer,Furniture,Furnishings,First Class,September,Wednesday,5.544786743165743,0,9,3,0.8065522620904836,1
8.32,5,0.2,2.808,33.75,3,West,Consumer,Office Supplies,Binders,First Class,April,Thursday,2.2321626286975,0,4,4,0.6011730205278593,1
89.95,5,0.0,43.176,48.0,3,East,Consumer,Technology,Phones,Second Class,July,Wednesday,4.5103099049641315,0,7,3,0.8521008403361344,1
25.2,4,0.0,11.592,46.0,6,Central,Home Office,Office Supplies,Labels,Standard Class,August,Tuesday,3.265759410767051,0,8,2,1.0,1
37.59,3,0.0,17.6673,47.0,6,Central,Home Office,Office Supplies,Labels,Standard Class,August,Tuesday,3.6529931755495273,0,8,2,1.0,1
14.97,1,0.0,4.1916,28.000000000000004,6,Central,Home Office,Office Supplies,Storage,Standard Class,August,Tuesday,2.770711962226921,0,8,2,0.7795698924731183,1
1.98,2,0.0,0.891,45.0,6,Central,Home Office,Technology,Accessories,Standard Class,August,Tuesday,1.091923300517313,0,8,2,0.872,1
39.94,4,0.7,-26.624,-66.65998998497746,3,South,Consumer,Office Supplies,Binders,First Class,June,Tuesday,3.7121075802331434,1,6,2,0.6011730205278593,0
18.46,2,0.2,2.308,12.502708559046585,3,South,Consumer,Technology,Accessories,First Class,June,Tuesday,2.968361076757859,0,6,2,0.872,1
4.9,3,0.7,-3.4272,-69.94285714285714,3,West,Consumer,Office Supplies,Binders,Second Class,November,Friday,1.7749523509116738,1,11,5,0.6011730205278593,0
145.76,6,0.7,-247.7988,-170.00466520307356,3,West,Consumer,Furniture,Bookcases,Second Class,November,Friday,4.988798599487081,1,11,5,0.5263157894736842,0
9.61,6,0.7,-7.3692,-76.68262226847034,3,West,Consumer,Office Supplies,Binders,Second Class,November,Friday,2.3617969526258915,1,11,5,0.6011730205278593,0
12.18,7,0.0,3.8976,32.0,3,West,Corporate,Furniture,Furnishings,First Class,May,Sunday,2.578700529074361,0,5,7,0.8065522620904836,1
57.68,4,0.0,19.0344,33.0,3,West,Corporate,Office Supplies,Appliances,First Class,May,Sunday,4.072098953274781,0,5,7,0.867109634551495,1
263.96,4,0.0,76.5484,29.000000000000004,4,Central,Consumer,Technology,Phones,Standard Class,November,Sunday,5.579578871196895,0,11,7,0.8521008403361344,1
299.94,6,0.0,128.9742,43.0,3,West,Consumer,Technology,Accessories,First Class,December,Saturday,5.706910909330732,0,12,6,0.872,1
25.76,7,0.0,0.5152,1.9999999999999998,3,West,Consumer,Office Supplies,Supplies,First Class,December,Saturday,3.286908235260028,0,12,6,0.816793893129771,1
271.9,2,0.0,78.851,29.000000000000004,2,East,Consumer,Technology,Phones,First Class,December,Monday,5.609105427714293,0,12,1,0.8521008403361344,1
45.84,3,0.0,15.5856,34.0,2,East,Consumer,Furniture,Furnishings,First Class,December,Monday,3.8467375387295166,0,12,1,0.8065522620904836,1
9.82,2,0.0,3.2406,33.0,2,East,Consumer,Furniture,Furnishings,First Class,December,Monday,2.3813962734183356,0,12,1,0.8065522620904836,1
93.36,12,0.0,0.9336,1.0,4,West,Consumer,Office Supplies,Fasteners,Standard Class,October,Friday,4.547117254539474,0,10,5,0.9019607843137255,1
541.24,4,0.0,5.4124,1.0,7,Central,Consumer,Office Supplies,Storage,Standard Class,November,Tuesday,6.295708707858741,0,11,2,0.7795698924731183,1
106.32,3,0.0,49.9704,47.0,7,Central,Consumer,Office Supplies,Paper,Standard Class,November,Tuesday,4.675815025557423,0,11,2,1.0,1
1323.9,5,0.0,383.931,28.999999999999996,7,Central,Consumer,Furniture,Chairs,Standard Class,November,Tuesday,7.189092263874078,0,11,2,0.6042154566744731,1
126.62,6,0.2,41.1528,32.50102669404517,3,East,Corporate,Office Supplies,Paper,Second Class,March,Monday,4.849057098440201,0,3,1,1.0,1
125.94,7,0.2,15.743,12.500397014451325,3,West,Consumer,Technology,Phones,First Class,June,Saturday,4.843714533878324,0,6,6,0.8521008403361344,1
60.67,6,0.2,12.8928,21.250700510960936,2,East,Home Office,Furniture,Furnishings,First Class,September,Tuesday,4.1217975890034015,0,9,2,0.8065522620904836,1
30.82,9,0.2,2.6964,8.748864373783258,2,East,Home Office,Office Supplies,Art,First Class,September,Tuesday,3.4600950229096408,0,9,2,1.0,1
4.99,3,0.8,-12.9792,-260.10420841683367,4,Central,Corporate,Office Supplies,Appliances,Standard Class,July,Monday,1.7900914121273581,1,7,1,0.867109634551495,0
87.92,5,0.2,29.673,33.75,4,Central,Corporate,Office Supplies,Envelopes,Standard Class,July,Monday,4.487737089095996,0,7,1,1.0,1
657.93,5,0.3,-93.99,-14.285714285714285,4,Central,Corporate,Furniture,Chairs,Standard Class,July,Monday,6.4906173073127995,1,7,1,0.6042154566744731,0
1.04,1,0.8,-1.827,-175.67307692307693,4,Central,Corporate,Office Supplies,Binders,Standard Class,July,Monday,0.712949807856125,1,7,1,0.6011730205278593,0
210.68,2,0.0,50.5632,24.0,4,East,Corporate,Furniture,Furnishings,Second Class,September,Friday,5.355075700366646,0,9,5,0.8065522620904836,1
78.8,1,0.0,1.576,2.0,4,East,Corporate,Office Supplies,Storage,Second Class,September,Friday,4.379523504455763,0,9,5,0.7795698924731183,1
19.99,1,0.0,6.7966,34.0,4,East,Corporate,Technology,Accessories,Second Class,September,Friday,3.0440461338325417,0,9,5,0.872,1
772.68,4,0.0,108.1752,14.000000000000002,4,East,Corporate,Office Supplies,Storage,Second Class,September,Friday,6.651158351408708,0,9,5,0.7795698924731183,1
106.08,6,0.2,-9.282,-8.75,4,Central,Consumer,Technology,Accessories,Standard Class,October,Friday,4.673576218652152,0,10,5,0.872,0
23.08,3,0.6,-10.9611,-47.491767764298096,4,Central,Consumer,Furniture,Furnishings,Standard Class,January,Thursday,3.1813816204406202,1,1,4,0.8065522620904836,0
25.92,5,0.2,9.072,34.99999999999999,4,Central,Consumer,Office Supplies,Paper,Standard Class,January,Thursday,3.2928695047765273,0,1,4,1.0,1
47.95,3,0.2,16.1838,33.751407716371226,3,Central,Consumer,Office Supplies,Paper,First Class,June,Thursday,3.8907993689765195,0,6,4,1.0,1
0.98,2,0.8,-1.476,-150.6122448979592,3,Central,Consumer,Office Supplies,Binders,First Class,June,Thursday,0.6830968447064438,1,6,4,0.6011730205278593,0
75.38,9,0.6,-20.7306,-27.501459273016714,3,Central,Consumer,Furniture,Furnishings,First Class,June,Thursday,4.3357208817973705,1,6,4,0.8065522620904836,0
4.61,2,0.2,1.6704,36.23427331887202,3,Central,Consumer,Office Supplies,Labels,First Class,June,Thursday,1.724550719534605,0,6,4,1.0,1
37.68,6,0.0,16.956,45.0,2,East,Consumer,Office Supplies,Binders,First Class,September,Sunday,3.6553226705850936,0,9,7,0.6011730205278593,1
393.25,5,0.0,129.7725,33.0,4,East,Consumer,Office Supplies,Appliances,Standard Class,September,Tuesday,5.976985225843148,0,9,2,0.867109634551495,1
2.21,3,0.7,-1.476,-66.78733031674207,2,East,Consumer,Office Supplies,Binders,Second Class,December,Thursday,1.1662709371419244,1,12,4,0.6011730205278593,0
706.86,7,0.0,197.9208,28.000000000000004,4,East,Corporate,Office Supplies,Appliances,Standard Class,July,Sunday,6.562246334027572,0,7,7,0.867109634551495,1
5.97,5,0.7,-4.577,-76.66666666666667,4,East,Corporate,Office Supplies,Binders,Standard Class,September,Friday,1.9416152247724325,1,9,5,0.6011730205278593,0
21.18,1,0.2,4.7664,22.504249291784703,4,East,Corporate,Furniture,Furnishings,Standard Class,September,Friday,3.099190981922221,0,9,5,0.8065522620904836,1
41.38,6,0.2,3.1032,7.499275012083132,4,East,Corporate,Office Supplies,Appliances,Standard Class,September,Friday,3.746676552840153,0,9,5,0.867109634551495,1
17.94,3,0.0,4.485,25.0,3,East,Corporate,Office Supplies,Art,Second Class,July,Monday,2.9412760877579323,0,7,1,1.0,1
892.35,5,0.0,267.705,30.0,7,West,Consumer,Office Supplies,Storage,Standard Class,August,Friday,6.794978441379176,0,8,5,0.7795698924731183,1
307.67,2,0.15,28.9568,9.411642344069945,7,West,Consumer,Furniture,Bookcases,Standard Class,August,Friday,5.732272745055829,0,8,5,0.5263157894736842,1
728.82,9,0.0,29.1528,3.9999999999999996,7,West,Consumer,Office Supplies,Storage,Standard Class,August,Friday,6.592797928395274,0,8,5,0.7795698924731183,1
41.36,5,0.2,13.959,33.75,7,West,Consumer,Office Supplies,Binders,Standard Class,August,Friday,3.7462045207332055,0,8,5,0.6011730205278593,1
43.18,3,0.2,15.1116,34.9967577582214,7,West,Consumer,Technology,Phones,Standard Class,August,Friday,3.788272197991971,0,8,5,0.8521008403361344,1
4.16,2,0.0,1.7472,42.0,7,West,Consumer,Furniture,Furnishings,Standard Class,August,Friday,1.6409365794934714,0,8,5,0.8065522620904836,1
61.4,5,0.0,28.858,47.0,6,East,Corporate,Office Supplies,Paper,Standard Class,September,Sunday,4.133565275375382,0,9,7,1.0,1
24.45,2,0.2,8.8624,36.247034764826175,6,East,Corporate,Office Supplies,Binders,Standard Class,September,Sunday,3.2367157429965316,0,9,7,0.6011730205278593,1
263.96,4,0.0,71.2692,27.0,2,East,Consumer,Technology,Phones,First Class,November,Monday,5.579578871196895,0,11,1,0.8521008403361344,1
359.97,3,0.0,100.7916,27.999999999999996,2,East,Consumer,Technology,Phones,First Class,November,Monday,5.888794852386603,0,11,1,0.8521008403361344,1
12.96,2,0.0,6.2208,47.99999999999999,2,East,Consumer,Office Supplies,Paper,First Class,November,Monday,2.6361960973342264,0,11,1,1.0,1
116.82,3,0.0,5.841,5.0,2,East,Consumer,Office Supplies,Storage,First Class,November,Monday,4.7691580360935415,0,11,1,0.7795698924731183,1
276.78,2,0.2,89.9548,32.50046968711613,2,East,Consumer,Office Supplies,Binders,First Class,November,Monday,5.626829433488073,0,11,1,0.6011730205278593,1
239.97,3,0.0,86.3892,36.0,4,West,Corporate,Technology,Accessories,Standard Class,October,Tuesday,5.484672444414411,0,10,2,0.872,1
16.02,6,0.0,6.0876,38.0,4,West,Corporate,Furniture,Furnishings,Standard Class,October,Tuesday,2.834389123145228,0,10,2,0.8065522620904836,1
27.42,3,0.0,9.3228,34.0,6,South,Corporate,Furniture,Furnishings,Standard Class,June,Tuesday,3.3470931226689546,0,6,2,0.8065522620904836,1
165.98,1,0.0,74.691,45.00000000000001,6,South,Corporate,Office Supplies,Binders,Standard Class,June,Tuesday,5.117874044765855,0,6,2,0.6011730205278593,1
75.0,3,0.0,18.0,24.0,6,South,Corporate,Technology,Accessories,Standard Class,June,Tuesday,4.330733340286331,0,6,2,0.872,1
134.27,8,0.2,46.9952,35.00052133760333,5,East,Home Office,Office Supplies,Binders,Standard Class,November,Tuesday,4.907272781101103,0,11,2,0.6011730205278593,1
146.54,6,0.2,47.6268,32.50088712979392,6,West,Corporate,Office Supplies,Labels,Standard Class,October,Monday,4.9940993254561565,0,10,1,1.0,1
131.9,3,0.2,47.8152,36.251099317664895,6,West,Corporate,Office Supplies,Paper,Standard Class,October,Monday,4.8895969657192,0,10,1,1.0,1
203.88,5,0.2,20.388,10.0,6,West,Corporate,Office Supplies,Appliances,Standard Class,October,Monday,5.32242444189127,0,10,1,0.867109634551495,1
14.3,7,0.7,-10.4874,-73.33846153846153,6,West,Corporate,Office Supplies,Binders,Standard Class,October,Monday,2.72785282839839,1,10,1,0.6011730205278593,0
718.64,10,0.2,-161.694,-22.499999999999996,6,West,Corporate,Office Supplies,Storage,Standard Class,October,Monday,6.578751086968419,0,10,1,0.7795698924731183,0
61.1,5,0.0,18.33,30.0,6,South,Home Office,Furniture,Furnishings,Standard Class,October,Thursday,4.128745988939433,0,10,4,0.8065522620904836,1
10.5,4,0.2,1.1808,11.245714285714287,2,West,Corporate,Office Supplies,Art,Second Class,September,Thursday,2.4423470353692043,0,9,4,1.0,1
39.92,2,0.2,12.974,32.5,4,West,Consumer,Office Supplies,Binders,Standard Class,July,Friday,3.711618941083426,0,7,5,0.6011730205278593,1
77.58,9,0.0,20.1708,26.0,2,East,Corporate,Office Supplies,Appliances,First Class,August,Friday,4.364117214130314,0,8,5,0.867109634551495,1
269.36,7,0.0,70.0336,26.0,6,West,Home Office,Office Supplies,Storage,Standard Class,December,Sunday,5.599754404232153,0,12,7,0.7795698924731183,1
5.76,2,0.0,2.8224,49.00000000000001,4,West,Consumer,Office Supplies,Labels,Standard Class,December,Thursday,1.9110228900548727,0,12,4,1.0,1
26.85,3,0.0,5.1015,18.999999999999996,3,West,Home Office,Technology,Accessories,First Class,March,Thursday,3.326832966373293,0,3,4,0.872,1
3357.6,3,0.2,377.73,11.25,3,West,Home Office,Technology,Machines,First Class,March,Thursday,8.119279499460907,0,3,4,0.5975609756097561,1
8.26,2,0.0,3.7996,46.0,4,West,Consumer,Office Supplies,Labels,Standard Class,May,Friday,2.225704048658088,0,5,5,1.0,1
2973.32,7,0.2,334.4985,11.249999999999998,4,West,Consumer,Technology,Machines,Standard Class,May,Friday,7.997770720424729,0,5,5,0.5975609756097561,1
104.79,7,0.0,29.3412,27.999999999999996,4,West,Consumer,Office Supplies,Storage,Standard Class,May,Friday,4.661455996998683,0,5,5,0.7795698924731183,1
775.73,6,0.2,58.1796,7.499980663375143,4,West,Consumer,Technology,Phones,Standard Class,May,Friday,6.655092799631396,0,5,5,0.8521008403361344,1
248.43,5,0.3,-17.745,-7.142857142857142,2,Central,Consumer,Furniture,Chairs,Second Class,December,Thursday,5.519178314704694,1,12,4,0.6042154566744731,0
11.65,4,0.8,-30.8672,-264.95450643776826,2,Central,Consumer,Office Supplies,Appliances,Second Class,December,Thursday,2.5376572151735295,1,12,4,0.867109634551495,0
85.25,2,0.3,-1.2178,-1.4285043988269794,2,Central,Consumer,Furniture,Chairs,Second Class,December,Thursday,4.457250055911469,1,12,4,0.6042154566744731,0
41.96,2,0.0,10.9096,25.999999999999996,5,West,Consumer,Furniture,Furnishings,Standard Class,November,Friday,3.7602694502006093,0,11,5,0.8065522620904836,1
451.15,3,0.2,0.0,0.0,5,West,Consumer,Furniture,Chairs,Standard Class,November,Friday,6.1140139831864895,0,11,5,0.6042154566744731,0
31.5,11,0.2,11.0264,35.00444444444445,5,West,Consumer,Office Supplies,Binders,Standard Class,November,Friday,3.481240089335692,0,11,5,0.6011730205278593,1
30.67,3,0.2,9.585,31.252037821975875,6,East,Consumer,Office Supplies,Envelopes,Standard Class,December,Tuesday,3.4553698605505483,0,12,2,1.0,1
1079.98,4,0.4,125.9972,11.666623455989926,6,East,Consumer,Technology,Copiers,Standard Class,December,Tuesday,6.985623316080451,1,12,2,1.0,1
2.93,3,0.8,-4.9878,-170.2320819112628,7,Central,Consumer,Office Supplies,Binders,Standard Class,February,Friday,1.3686394258811698,1,2,5,0.6011730205278593,0
18.53,2,0.2,4.4004,23.747436589314624,7,Central,Consumer,Technology,Accessories,Standard Class,February,Friday,2.9719517448885875,0,2,5,0.872,1
670.75,3,0.2,-125.766,-18.750055907566157,7,Central,Consumer,Office Supplies,Storage,Standard Class,February,Friday,6.509886247495601,0,2,5,0.7795698924731183,0
41.94,2,0.0,15.0984,36.00000000000001,3,West,Corporate,Technology,Accessories,First Class,July,Sunday,3.759803792450635,0,7,7,0.872,1
11.96,2,0.0,5.8604,49.0,3,West,Corporate,Office Supplies,Paper,First Class,July,Sunday,2.561867690924129,0,7,7,1.0,1
13.12,4,0.0,3.8048,29.000000000000004,3,West,Corporate,Office Supplies,Art,First Class,July,Sunday,2.647592232065096,0,7,7,1.0,1
535.41,3,0.0,160.623,30.0,3,West,Corporate,Office Supplies,Storage,First Class,July,Sunday,6.284898794037626,0,7,7,0.7795698924731183,1
72.78,3,0.6,-70.9605,-97.5,5,Central,Corporate,Furniture,Furnishings,Standard Class,October,Thursday,4.3010876921685295,1,10,4,0.8065522620904836,0
36.84,3,0.0,17.3148,47.0,5,West,Consumer,Office Supplies,Paper,Standard Class,February,Monday,3.6333667441836774,0,2,1,1.0,1
87.71,7,0.0,41.2237,47.0,5,West,Consumer,Office Supplies,Labels,Standard Class,February,Monday,4.485372622532496,0,2,1,1.0,1
562.29,7,0.45,-255.5875,-45.45474755019652,4,South,Corporate,Furniture,Tables,Standard Class,August,Friday,6.333794593213355,1,8,5,0.3627906976744186,0
56.52,9,0.0,21.4776,37.99999999999999,4,East,Home Office,Furniture,Furnishings,Standard Class,November,Sunday,4.052132713412791,0,11,7,0.8065522620904836,1
11.26,8,0.2,1.2672,11.253996447602132,4,East,Home Office,Office Supplies,Art,Standard Class,July,Monday,2.506341930508065,0,7,1,1.0,1
284.08,10,0.2,24.857,8.75,4,East,Home Office,Office Supplies,Storage,Standard Class,July,Monday,5.65276984263367,0,7,1,0.7795698924731183,1
18.5,4,0.2,6.7048,36.24216216216216,4,East,Home Office,Office Supplies,Paper,Standard Class,July,Monday,2.970414465569701,0,7,1,1.0,1
14.73,3,0.0,7.2177,49.0,5,West,Consumer,Office Supplies,Labels,Standard Class,February,Friday,2.7555697170701863,0,2,5,1.0,1
186.54,3,0.0,50.3658,27.0,5,West,Consumer,Office Supplies,Storage,Standard Class,February,Friday,5.233992155991479,0,2,5,0.7795698924731183,1
557.73,4,0.2,6.9716,1.2499955175443314,5,West,Consumer,Furniture,Tables,Standard Class,February,Friday,6.325666351103706,0,2,5,0.3627906976744186,1
159.97,4,0.2,-31.9936,-19.99974995311621,5,West,Consumer,Technology,Phones,Standard Class,February,Friday,5.081218012218138,0,2,5,0.8521008403361344,0
471.9,6,0.0,155.727,33.0,7,Central,Consumer,Office Supplies,Appliances,Standard Class,June,Friday,6.15888394964983,0,6,5,0.867109634551495,1
3.52,2,0.0,1.6896,48.0,7,Central,Consumer,Office Supplies,Art,Standard Class,June,Friday,1.5085119938441398,0,6,5,1.0,1
20.16,7,0.0,9.8784,48.99999999999999,4,West,Home Office,Office Supplies,Labels,Standard Class,December,Tuesday,3.052112606990099,0,12,2,1.0,1
10.68,2,0.0,5.0196,47.0,3,Central,Corporate,Office Supplies,Binders,First Class,January,Sunday,2.457877977400081,0,1,7,0.6011730205278593,1
141.96,2,0.0,39.7488,28.000000000000004,3,Central,Corporate,Furniture,Bookcases,First Class,January,Sunday,4.962564870851173,0,1,7,0.5263157894736842,1
239.37,2,0.3,-23.9372,-10.000083552659063,5,East,Consumer,Furniture,Tables,Standard Class,October,Tuesday,5.48217940286057,1,10,2,0.3627906976744186,0
595.0,5,0.0,95.2,16.0,4,West,Consumer,Technology,Accessories,Standard Class,November,Friday,6.39024066706535,0,11,5,0.872,1
199.75,5,0.0,87.89,44.0,4,East,Home Office,Technology,Accessories,Standard Class,March,Wednesday,5.302060352826871,0,3,3,0.872,1
227.96,2,0.0,36.4736,15.999999999999998,4,East,Consumer,Furniture,Chairs,Standard Class,February,Tuesday,5.43354731580814,0,2,2,0.6042154566744731,1
293.52,6,0.0,76.3152,26.0,5,East,Consumer,Office Supplies,Appliances,Second Class,September,Monday,5.685346912500516,0,9,1,0.867109634551495,1
307.98,2,0.0,89.3142,28.999999999999996,5,East,Consumer,Technology,Phones,Second Class,September,Monday,5.733276549883904,0,9,1,0.8521008403361344,1
96.96,6,0.0,33.936,35.0,4,West,Consumer,Furniture,Furnishings,Standard Class,November,Monday,4.584559232083967,0,11,1,0.8065522620904836,1
117.49,7,0.2,41.1208,34.99940420461316,4,West,Consumer,Office Supplies,Binders,Standard Class,November,Monday,4.7748285688286485,0,11,1,0.6011730205278593,1
11.95,3,0.2,4.1832,35.005857740585775,4,West,Consumer,Office Supplies,Binders,Standard Class,November,Monday,2.5610957881455465,0,11,1,0.6011730205278593,1
512.5,3,0.15,-30.147,-5.882341463414634,4,West,Consumer,Furniture,Bookcases,Standard Class,November,Monday,6.241250029368613,0,11,1,0.5263157894736842,0
863.13,7,0.2,-32.3673,-3.7499913106947966,5,West,Corporate,Furniture,Tables,Standard Class,July,Sunday,6.761723220448602,0,7,7,0.3627906976744186,0
264.18,7,0.0,68.6868,26.0,5,South,Consumer,Office Supplies,Art,Standard Class,February,Sunday,5.580408840686573,0,2,7,1.0,1
2.88,1,0.0,1.4112,49.00000000000001,4,West,Home Office,Office Supplies,Labels,Standard Class,July,Wednesday,1.355835153635182,0,7,3,1.0,1
41.9,6,0.2,14.1426,33.75322195704057,4,West,Home Office,Office Supplies,Binders,Standard Class,July,Wednesday,3.758871825933971,0,7,3,0.6011730205278593,1
23.92,4,0.0,4.0664,17.0,4,West,Home Office,Office Supplies,Storage,Standard Class,July,Wednesday,3.2156706939192525,0,7,3,0.7795698924731183,1
156.51,4,0.2,52.8228,33.75043128234618,5,Central,Corporate,Office Supplies,Paper,Standard Class,January,Saturday,5.059488948313644,0,1,6,1.0,1
128.34,6,0.0,37.2186,29.000000000000004,3,East,Home Office,Office Supplies,Storage,First Class,September,Thursday,4.862444596018447,0,9,4,0.7795698924731183,1
999.98,2,0.0,449.991,44.99999999999999,6,West,Consumer,Technology,Copiers,Standard Class,September,Friday,6.908734799095638,0,9,5,1.0,1
277.5,4,0.5,-188.7,-68.0,4,West,Consumer,Furniture,Tables,Standard Class,August,Sunday,5.629418059367339,1,8,7,0.3627906976744186,0
1252.7,8,0.4,-480.2032,-38.333455735611075,4,East,Consumer,Furniture,Tables,Standard Class,November,Saturday,7.13385445812198,1,11,6,0.3627906976744186,0
110.97,5,0.4,-24.0435,-21.666666666666668,4,East,Consumer,Technology,Phones,Standard Class,November,Saturday,4.718230978272105,1,11,6,0.8521008403361344,0
7.82,1,0.2,2.934,37.51918158567775,4,Central,Consumer,Office Supplies,Envelopes,Second Class,September,Sunday,2.1770218700187,0,9,7,1.0,1
170.07,4,0.3,-12.148,-7.142941141882754,4,Central,Consumer,Furniture,Chairs,Second Class,September,Sunday,5.1420728294642,1,9,7,0.6042154566744731,0
62.82,9,0.0,29.5254,47.0,6,East,Corporate,Office Supplies,Paper,Standard Class,December,Saturday,4.156066620850098,0,12,6,1.0,1
19.44,3,0.0,9.3312,48.00000000000001,3,East,Consumer,Office Supplies,Paper,Second Class,October,Friday,3.017493765335504,0,10,5,1.0,1
7.38,1,0.0,3.6162,49.0,3,East,Consumer,Office Supplies,Binders,Second Class,October,Friday,2.1258479144939915,0,10,5,0.6011730205278593,1
6.05,7,0.7,-4.2336,-69.97685950413224,3,South,Consumer,Office Supplies,Binders,First Class,November,Monday,1.9530276168241774,1,11,1,0.6011730205278593,0
98.35,3,0.2,9.8352,10.0002033553635,3,South,Consumer,Office Supplies,Appliances,First Class,November,Monday,4.598648968997826,0,11,1,0.867109634551495,1
335.74,2,0.2,25.1808,7.500089354857926,3,South,Consumer,Furniture,Furnishings,First Class,November,Monday,5.819311119229654,0,11,1,0.8065522620904836,1
8.96,2,0.0,4.3904,48.99999999999999,5,West,Corporate,Office Supplies,Paper,Second Class,December,Sunday,2.298577071596507,0,12,7,1.0,1
67.15,5,0.0,16.7875,25.0,0,East,Corporate,Office Supplies,Storage,Same Day,November,Sunday,4.221711158142542,0,11,7,0.7795698924731183,1
549.98,2,0.0,142.9948,26.0,0,East,Corporate,Technology,Phones,Same Day,November,Sunday,6.3116985108534855,0,11,7,0.8521008403361344,1
11.82,3,0.0,4.728,40.0,0,East,Corporate,Furniture,Furnishings,Same Day,November,Sunday,2.551006451492524,0,11,7,0.8065522620904836,1
4643.8,4,0.0,2229.024,48.0,0,East,Corporate,Technology,Machines,Same Day,November,Sunday,8.443503593270366,0,11,7,0.5975609756097561,1
577.76,2,0.1,115.5528,20.00013846579895,0,East,Corporate,Furniture,Chairs,Same Day,November,Sunday,6.360887883868881,0,11,7,0.6042154566744731,1
191.52,1,0.45,-76.6062,-39.99906015037594,4,South,Consumer,Furniture,Tables,Standard Class,April,Sunday,5.260200044434908,1,4,7,0.3627906976744186,0
2.62,1,0.2,0.4264,16.27480916030534,4,South,Consumer,Office Supplies,Art,Standard Class,April,Sunday,1.2864740258376797,0,4,7,1.0,1
1369.76,6,0.7,-913.176,-66.66686134797337,4,South,Consumer,Office Supplies,Binders,Standard Class,September,Sunday,7.223120609533856,1,9,7,0.6011730205278593,0
294.37,4,0.2,-58.8736,-19.99986411658797,4,South,Consumer,Office Supplies,Storage,Standard Class,September,Sunday,5.688228807729435,0,9,7,0.7795698924731183,0
44.46,5,0.6,-17.784,-40.0,5,Central,Consumer,Furniture,Furnishings,Standard Class,November,Monday,3.8168328184243974,1,11,1,0.8065522620904836,0
314.09,3,0.2,19.6305,6.249960202489733,5,Central,Consumer,Office Supplies,Storage,Standard Class,November,Monday,5.752858312302793,0,11,1,0.7795698924731183,1
6.34,4,0.7,-4.6464,-73.28706624605678,7,South,Corporate,Office Supplies,Binders,Standard Class,September,Friday,1.9933388426264242,1,9,5,0.6011730205278593,0
10.48,1,0.2,3.799,36.25,7,South,Corporate,Office Supplies,Paper,Standard Class,September,Friday,2.4406063908914204,0,9,5,1.0,1
2.47,1,0.7,-1.8106,-73.30364372469636,7,South,Corporate,Office Supplies,Binders,Standard Class,September,Friday,1.244154593958768,1,9,5,0.6011730205278593,0
3.26,2,0.7,-2.2848,-70.08588957055217,7,South,Corporate,Office Supplies,Binders,Standard Class,September,Friday,1.449269160281279,1,9,5,0.6011730205278593,0
4.34,3,0.2,0.8688,20.018433179723502,4,Central,Consumer,Office Supplies,Fasteners,Standard Class,October,Friday,1.6752256529721035,0,10,5,0.9019607843137255,1
31.78,3,0.6,-19.0656,-59.99244808055381,4,Central,Consumer,Furniture,Furnishings,Standard Class,October,Friday,3.4898185733156835,1,10,5,0.8065522620904836,0
4.93,2,0.2,1.7248,34.98580121703854,4,Central,Consumer,Office Supplies,Labels,Standard Class,October,Friday,1.780024213009634,0,10,5,1.0,1
1.79,3,0.8,-3.0396,-169.81005586592178,4,Central,Consumer,Office Supplies,Binders,Standard Class,October,Friday,1.0260415958332743,1,10,5,0.6011730205278593,0
15.07,4,0.2,-3.768,-25.003317850033174,4,Central,Consumer,Office Supplies,Fasteners,Standard Class,October,Friday,2.776954179749421,0,10,5,0.9019607843137255,0
12.62,2,0.2,-2.5248,-20.00633914421553,6,Central,Consumer,Office Supplies,Storage,Standard Class,February,Tuesday,2.611539300721366,0,2,2,0.7795698924731183,0
185.88,6,0.0,83.646,45.0,4,West,Corporate,Office Supplies,Paper,Standard Class,June,Sunday,5.230466699639862,0,6,7,1.0,1
12.96,2,0.0,6.2208,47.99999999999999,4,West,Corporate,Office Supplies,Paper,Standard Class,June,Sunday,2.6361960973342264,0,6,7,1.0,1
82.64,2,0.0,7.4376,9.0,4,East,Home Office,Furniture,Furnishings,Second Class,April,Monday,4.426521874560433,0,4,1,0.8065522620904836,1
31.02,2,0.0,8.0652,26.0,4,East,Home Office,Office Supplies,Storage,Second Class,April,Monday,3.4663607075685685,0,4,1,0.7795698924731183,1
89.97,3,0.0,37.7874,42.0,4,East,Home Office,Technology,Accessories,Second Class,April,Monday,4.510529781833971,0,4,1,0.872,1
35.97,3,0.0,9.7119,27.0,2,South,Consumer,Office Supplies,Art,Second Class,June,Thursday,3.6101067729485403,0,6,4,1.0,1
1266.86,7,0.0,291.3778,23.0,2,South,Consumer,Furniture,Bookcases,Second Class,June,Thursday,7.14508571880689,0,6,4,0.5263157894736842,1
169.45,5,0.0,42.3625,25.0,6,West,Consumer,Office Supplies,Storage,Standard Class,September,Monday,5.138441998583912,0,9,1,0.7795698924731183,1
40.68,2,0.0,0.4068,1.0,6,West,Consumer,Office Supplies,Storage,Standard Class,September,Monday,3.7300213974451113,0,9,1,0.7795698924731183,1
23.74,2,0.2,8.3104,35.00589721988205,4,East,Consumer,Office Supplies,Binders,Standard Class,September,Monday,3.208421366964342,0,9,1,0.6011730205278593,1
357.0,3,0.0,57.12,16.0,4,East,Consumer,Technology,Accessories,Standard Class,September,Monday,5.8805329864007,0,9,1,0.872,1
806.34,8,0.2,50.396,6.249968995709006,4,West,Consumer,Technology,Phones,Standard Class,August,Tuesday,6.693744893049149,0,8,2,0.8521008403361344,1
85.44,3,0.0,31.6128,37.0,4,West,Consumer,Furniture,Furnishings,Standard Class,August,Tuesday,4.459450531638685,0,8,2,0.8065522620904836,1
344.91,3,0.0,10.3473,3.0,4,South,Corporate,Office Supplies,Storage,Standard Class,August,Tuesday,5.846178625614856,0,8,2,0.7795698924731183,1
70.97,5,0.8,-191.619,-270.0,0,Central,Home Office,Office Supplies,Appliances,Same Day,May,Sunday,4.276249365519713,1,5,7,0.867109634551495,0
36.78,2,0.2,3.6784,10.001087547580207,0,Central,Home Office,Office Supplies,Art,Same Day,May,Sunday,3.6317798620733637,0,5,7,1.0,1
743.99,2,0.4,-123.998,-16.666621863197086,3,East,Home Office,Technology,Phones,Second Class,May,Tuesday,6.613370795470681,1,5,2,0.8521008403361344,0
11.21,2,0.8,-16.818,-150.02676181980374,4,Central,Consumer,Office Supplies,Binders,Second Class,March,Thursday,2.502255288122613,1,3,4,0.6011730205278593,0
4.71,2,0.6,-1.8848,-40.016985138004245,4,Central,Consumer,Furniture,Furnishings,Second Class,March,Thursday,1.742219023667919,1,3,4,0.8065522620904836,0
180.98,5,0.8,-470.548,-260.0,4,Central,Consumer,Office Supplies,Appliances,Second Class,March,Thursday,5.203896790928544,1,3,4,0.867109634551495,0
60.42,2,0.2,6.0416,9.99933796756041,4,Central,Consumer,Office Supplies,Storage,Second Class,March,Thursday,4.117735515012677,0,3,4,0.7795698924731183,1
368.91,9,0.0,180.7659,48.99999999999999,0,Central,Home Office,Office Supplies,Paper,Same Day,June,Sunday,5.9132597328065915,0,6,7,1.0,1
8.02,1,0.0,3.7694,47.0,0,Central,Home Office,Office Supplies,Binders,Same Day,June,Sunday,2.199444334074532,0,6,7,0.6011730205278593,1
171.04,4,0.0,44.4704,26.0,0,Central,Home Office,Office Supplies,Storage,Same Day,June,Sunday,5.1477270079155355,0,6,7,0.7795698924731183,1
19.44,3,0.0,9.3312,48.00000000000001,4,South,Home Office,Office Supplies,Paper,Standard Class,December,Thursday,3.017493765335504,0,12,4,1.0,1
13.09,4,0.7,-10.0372,-76.67838044308633,4,South,Consumer,Office Supplies,Binders,Standard Class,September,Sunday,2.645465325910589,1,9,7,0.6011730205278593,0
122.94,3,0.0,30.735,25.0,5,East,Consumer,Office Supplies,Appliances,Standard Class,December,Tuesday,4.819797577533961,0,12,2,0.867109634551495,1
35.45,7,0.2,12.8499,36.247954866008456,5,East,Consumer,Office Supplies,Binders,Standard Class,December,Tuesday,3.5959414584546674,0,12,2,0.6011730205278593,1
19.98,2,0.0,5.1948,26.0,5,East,Consumer,Technology,Phones,Standard Class,April,Tuesday,3.043569602968151,0,4,2,0.8521008403361344,1
2563.06,8,0.1,313.2624,12.222203147799897,6,East,Consumer,Furniture,Chairs,Standard Class,December,Sunday,7.849347218702801,0,12,7,0.6042154566744731,1
387.14,4,0.2,4.8392,1.2499870847755334,5,West,Corporate,Furniture,Chairs,Standard Class,October,Thursday,5.961366099283949,0,10,4,0.6042154566744731,1
3.42,1,0.2,0.2996,8.760233918128653,2,East,Home Office,Office Supplies,Art,Second Class,June,Saturday,1.4861396960896067,0,6,6,1.0,1
43.06,9,0.2,15.6078,36.246632605666505,4,East,Home Office,Office Supplies,Paper,Standard Class,June,Friday,3.785552341374197,0,6,5,1.0,1
3.76,3,0.7,-2.7588,-73.37234042553192,4,South,Home Office,Office Supplies,Binders,Standard Class,February,Sunday,1.5602476682433286,1,2,7,0.6011730205278593,0
34.86,2,0.7,-26.726,-76.66666666666666,4,South,Home Office,Office Supplies,Binders,Standard Class,February,Sunday,3.5796224681769866,1,2,7,0.6011730205278593,0
432.46,3,0.2,32.4342,7.499930629422375,4,South,Home Office,Office Supplies,Storage,Standard Class,February,Sunday,6.071799519760256,0,2,7,0.7795698924731183,1
600.53,2,0.3,137.264,22.857142857142858,5,Central,Home Office,Technology,Machines,Second Class,December,Monday,6.399476409482722,1,12,1,0.5975609756097561,1
59.9,2,0.2,14.2272,23.751585976627712,5,Central,Home Office,Office Supplies,Art,Second Class,December,Monday,4.109233174715851,0,12,1,1.0,1
637.44,8,0.2,135.456,21.249999999999996,5,Central,Home Office,Technology,Accessories,Second Class,December,Monday,6.4590277008143575,0,12,1,0.872,1
51.76,3,0.6,-33.6414,-64.99497681607419,5,Central,Home Office,Furniture,Furnishings,Second Class,December,Monday,3.965753327849114,1,12,1,0.8065522620904836,0
31.1,6,0.2,10.8864,35.004501607717046,4,South,Home Office,Office Supplies,Paper,Standard Class,August,Tuesday,3.4688560301359703,0,8,2,1.0,1
47.96,5,0.2,4.1965,8.75,4,South,Home Office,Office Supplies,Art,Standard Class,August,Tuesday,3.8910036382040705,0,8,2,1.0,1
158.93,7,0.2,41.7186,26.249669665890647,4,South,Home Office,Technology,Accessories,Standard Class,August,Tuesday,5.074736219502779,0,8,2,0.872,1
211.25,6,0.2,15.8436,7.49992899408284,4,South,Home Office,Office Supplies,Appliances,Standard Class,August,Tuesday,5.357764825191457,0,8,2,0.867109634551495,1
5.55,2,0.2,-1.041,-18.756756756756758,4,South,Home Office,Office Supplies,Supplies,Standard Class,August,Tuesday,1.8794650496471605,0,8,2,0.816793893129771,0
2.95,1,0.2,0.9963,33.7728813559322,4,South,Home Office,Office Supplies,Labels,Standard Class,August,Tuesday,1.3737155789130306,0,8,2,1.0,1
10.33,3,0.7,-7.5768,-73.34753146176186,4,East,Consumer,Office Supplies,Binders,Standard Class,December,Friday,2.427454075039915,1,12,5,0.6011730205278593,0
26.55,9,0.0,12.744,48.0,4,South,Corporate,Office Supplies,Envelopes,Standard Class,May,Monday,3.3160025355989236,0,5,1,1.0,1
111.98,2,0.0,26.8752,24.0,4,South,Corporate,Technology,Accessories,Standard Class,May,Monday,4.727210811897116,0,5,1,0.872,1
4.93,2,0.2,0.7392,14.99391480730223,6,South,Corporate,Furniture,Furnishings,Standard Class,July,Sunday,1.780024213009634,0,7,7,0.8065522620904836,1
11.78,3,0.2,4.2717,36.26230899830221,6,South,Corporate,Office Supplies,Labels,Standard Class,July,Sunday,2.5478814489493886,0,7,7,1.0,1
7.98,3,0.0,2.0748,26.0,4,West,Consumer,Office Supplies,Art,Standard Class,March,Tuesday,2.194999882314108,0,3,2,1.0,1
180.96,2,0.0,81.432,45.0,4,Central,Consumer,Office Supplies,Envelopes,Standard Class,April,Monday,5.203786882701803,0,4,1,1.0,1
73.58,2,0.2,8.2782,11.250611579233489,2,West,Home Office,Technology,Phones,Second Class,October,Friday,4.311872374750675,0,10,5,0.8521008403361344,1
32.4,5,0.0,15.552,48.0,5,Central,Home Office,Office Supplies,Paper,Standard Class,August,Thursday,3.5085558999826545,0,8,4,1.0,1
41.86,7,0.0,19.2556,46.0,5,Central,Home Office,Office Supplies,Binders,Standard Class,August,Thursday,3.7579389900454307,0,8,4,0.6011730205278593,1
77.56,2,0.0,35.6776,46.0,5,Central,Home Office,Office Supplies,Binders,Standard Class,August,Thursday,4.36386266404621,0,8,4,0.6011730205278593,1
37.17,9,0.0,11.151,30.0,0,West,Home Office,Office Supplies,Art,Same Day,July,Monday,3.6420498667571386,0,7,1,1.0,1
137.35,3,0.2,8.5845,6.250091008372771,6,Central,Consumer,Office Supplies,Storage,Standard Class,March,Saturday,4.929786706232935,0,3,6,0.7795698924731183,1
376.51,3,0.3,-43.0296,-11.428541074606253,6,Central,Consumer,Furniture,Tables,Standard Class,March,Saturday,5.933597058404449,1,3,6,0.3627906976744186,0
512.36,3,0.3,-14.6388,-2.8571317042704347,4,Central,Home Office,Furniture,Chairs,Standard Class,July,Saturday,6.24097735344226,1,7,6,0.6042154566744731,0
3.49,2,0.2,0.5668,16.240687679083095,4,Central,Home Office,Office Supplies,Fasteners,Standard Class,July,Saturday,1.501852701754163,0,7,6,0.9019607843137255,1
22.29,7,0.2,3.9004,17.498429789143113,4,Central,Home Office,Office Supplies,Art,Standard Class,July,Saturday,3.1480240838962494,0,7,6,1.0,1
16.03,3,0.2,5.6112,35.004366812227076,4,Central,Home Office,Office Supplies,Paper,Standard Class,July,Saturday,2.834976494674597,0,7,6,1.0,1
45.04,2,0.2,4.504,10.0,1,Central,Consumer,Office Supplies,Art,First Class,December,Saturday,3.829510583853682,0,12,6,1.0,1
15.62,2,0.8,-24.9984,-160.04097311139566,5,Central,Consumer,Office Supplies,Binders,Standard Class,September,Monday,2.810606789427302,1,9,1,0.6011730205278593,0
8.74,2,0.0,2.2724,26.0,6,East,Consumer,Office Supplies,Appliances,Standard Class,November,Saturday,2.2762411176544437,0,11,6,0.867109634551495,1
44.75,5,0.0,20.585,46.0,6,East,Consumer,Office Supplies,Paper,Standard Class,November,Saturday,3.82319179172153,0,11,6,1.0,1
11.21,1,0.0,3.363,30.0,3,East,Consumer,Office Supplies,Storage,First Class,March,Wednesday,2.502255288122613,0,3,3,0.7795698924731183,1
354.9,5,0.0,88.725,25.0,3,East,Consumer,Furniture,Chairs,First Class,March,Wednesday,5.874649792516147,0,3,3,0.6042154566744731,1
17.94,3,0.0,8.7906,48.99999999999999,3,East,Consumer,Office Supplies,Paper,First Class,March,Wednesday,2.9412760877579323,0,3,3,1.0,1
51.8,4,0.0,23.31,45.0,3,East,Consumer,Office Supplies,Binders,First Class,March,Wednesday,3.966511190712216,0,3,3,0.6011730205278593,1
7.7,2,0.0,3.157,41.0,6,South,Consumer,Office Supplies,Art,Standard Class,July,Saturday,2.163323025660538,0,7,6,1.0,1
23.92,4,0.0,11.7208,49.0,7,South,Corporate,Office Supplies,Paper,Standard Class,December,Saturday,3.2156706939192525,0,12,6,1.0,1
498.0,5,0.0,184.26,37.0,7,South,Corporate,Technology,Accessories,Standard Class,December,Saturday,6.212606095751519,0,12,6,0.872,1
32.4,5,0.0,15.552,48.0,6,South,Consumer,Office Supplies,Paper,Standard Class,November,Friday,3.5085558999826545,0,11,5,1.0,1
73.36,7,0.0,19.8072,27.0,5,South,Consumer,Office Supplies,Storage,Standard Class,November,Friday,4.308918162853243,0,11,5,0.7795698924731183,1
59.2,5,0.2,22.2,37.49999999999999,4,South,Consumer,Office Supplies,Labels,Standard Class,March,Friday,4.097672352314776,0,3,5,1.0,1
32.95,3,0.2,6.5904,20.00121396054628,4,South,Consumer,Furniture,Furnishings,Standard Class,March,Friday,3.5248888540047054,0,3,5,0.8065522620904836,1
218.38,3,0.2,-10.9188,-4.999908416521659,4,South,Consumer,Furniture,Chairs,Standard Class,March,Friday,5.390805385983188,0,3,5,0.6042154566744731,0
31.4,5,0.0,13.188,42.00000000000001,4,East,Corporate,Furniture,Furnishings,Standard Class,April,Thursday,3.4781584227982836,0,4,4,0.8065522620904836,1
9.48,1,0.0,3.792,40.0,4,East,Corporate,Furniture,Furnishings,Standard Class,April,Thursday,2.349468678892896,0,4,4,0.8065522620904836,1
209.5,10,0.0,58.66,27.999999999999996,4,East,Corporate,Technology,Phones,Standard Class,April,Thursday,5.349485653122436,0,4,4,0.8521008403361344,1
24.3,5,0.0,10.449,43.0,4,East,Corporate,Furniture,Furnishings,Standard Class,April,Thursday,3.2308043957334744,0,4,4,0.8065522620904836,1
6.48,1,0.0,3.1104,47.99999999999999,4,East,Corporate,Office Supplies,Paper,Standard Class,April,Thursday,2.012232791986386,0,4,4,1.0,1
186.54,3,0.0,41.0388,22.000000000000004,4,South,Consumer,Furniture,Furnishings,Standard Class,August,Friday,5.233992155991479,0,8,5,0.8065522620904836,1
87.08,7,0.0,24.3824,28.000000000000004,7,West,Consumer,Office Supplies,Storage,Standard Class,April,Friday,4.478245492414424,0,4,5,0.7795698924731183,1
105.58,2,0.2,9.2386,8.750331502178444,7,West,Consumer,Technology,Phones,Standard Class,April,Friday,4.668895876868636,0,4,5,0.8521008403361344,1
217.44,6,0.0,91.3248,42.0,7,West,Consumer,Technology,Accessories,Standard Class,April,Friday,5.386511377283953,0,4,5,0.872,1
27.36,4,0.0,7.3872,27.0,5,West,Corporate,Office Supplies,Supplies,Second Class,September,Sunday,3.344979701663927,0,9,7,0.816793893129771,1
20.56,2,0.0,9.6632,47.0,5,West,Corporate,Office Supplies,Paper,Second Class,September,Sunday,3.070839746040796,0,9,7,1.0,1
83.92,5,0.2,31.47,37.5,5,West,Corporate,Office Supplies,Binders,Second Class,September,Sunday,4.441709636835055,0,9,7,0.6011730205278593,1
902.71,3,0.2,33.8517,3.7500083083160702,5,West,Consumer,Furniture,Tables,Standard Class,June,Saturday,6.8065085124658085,0,6,6,0.3627906976744186,1
120.67,2,0.15,21.294,17.646473854313417,4,West,Home Office,Furniture,Bookcases,Standard Class,October,Monday,4.801312461799358,0,10,1,0.5263157894736842,1
4.98,1,0.8,-8.4728,-170.13654618473893,3,Central,Consumer,Office Supplies,Binders,First Class,December,Saturday,1.7884205679625405,1,12,6,0.6011730205278593,0
82.26,3,0.0,33.7266,40.99999999999999,7,West,Home Office,Furniture,Furnishings,Standard Class,November,Thursday,4.421968241766829,0,11,4,0.8065522620904836,1
29.74,1,0.0,4.461,15.000000000000002,3,West,Consumer,Office Supplies,Storage,First Class,November,Thursday,3.4255647381104497,0,11,4,0.7795698924731183,1
87.36,6,0.0,23.5872,27.0,5,West,Home Office,Office Supplies,Appliances,Standard Class,January,Monday,4.481419378551917,0,1,1,0.867109634551495,1
56.16,6,0.2,17.55,31.250000000000007,5,West,Home Office,Office Supplies,Binders,Standard Class,January,Monday,4.045854353061666,0,1,1,0.6011730205278593,1
64.78,1,0.2,-14.5764,-22.501389317690645,6,Central,Corporate,Office Supplies,Storage,Standard Class,November,Thursday,4.186315840760911,0,11,4,0.7795698924731183,0
15.55,3,0.2,5.6376,36.25466237942122,6,Central,Corporate,Office Supplies,Paper,Standard Class,November,Thursday,2.806386101823072,0,11,4,1.0,1
223.89,7,0.2,69.965,31.249720845057844,6,Central,Corporate,Office Supplies,Envelopes,Standard Class,November,Thursday,5.415611393770394,0,11,4,1.0,1
10.9,3,0.2,3.405,31.23853211009174,5,Central,Consumer,Office Supplies,Paper,Second Class,September,Tuesday,2.4765384001174837,0,9,2,1.0,1
84.78,2,0.2,-20.1362,-23.75112054729889,2,West,Consumer,Technology,Phones,Second Class,March,Thursday,4.451785879088734,0,3,4,0.8521008403361344,0
241.5,4,0.3,0.0,0.0,7,Central,Corporate,Furniture,Chairs,Standard Class,February,Monday,5.491001710377538,1,2,1,0.6042154566744731,0
59.97,3,0.0,14.9925,25.0,2,East,Home Office,Technology,Accessories,First Class,November,Saturday,4.110381939919725,0,11,6,0.872,1
13.36,2,0.0,6.4128,48.0,2,East,Home Office,Office Supplies,Paper,First Class,November,Saturday,2.664446563620078,0,11,6,1.0,1
16.24,1,0.0,2.436,15.000000000000002,6,East,Consumer,Office Supplies,Storage,Standard Class,May,Thursday,2.847232265235547,0,5,4,0.7795698924731183,1
77.55,5,0.0,21.714,27.999999999999996,6,East,Consumer,Office Supplies,Storage,Standard Class,May,Thursday,4.36373536470163,0,5,4,0.7795698924731183,1
76.12,2,0.0,22.0748,28.999999999999996,4,East,Corporate,Office Supplies,Appliances,Standard Class,November,Saturday,4.34536265030229,0,11,6,0.867109634551495,1
17.18,6,0.2,6.2292,36.258440046565774,3,East,Home Office,Office Supplies,Fasteners,First Class,December,Tuesday,2.900322088749333,0,12,2,0.9019607843137255,1
137.94,3,0.0,35.8644,26.0,5,East,Consumer,Technology,Phones,Second Class,December,Thursday,4.934042185264735,0,12,4,0.8521008403361344,1
111.15,5,0.0,48.906,43.99999999999999,5,East,Consumer,Furniture,Furnishings,Second Class,December,Thursday,4.719837260966218,0,12,4,0.8065522620904836,1
901.95,3,0.0,297.6435,33.0,5,East,Consumer,Office Supplies,Appliances,Second Class,December,Thursday,6.805667180898352,0,12,4,0.867109634551495,1
366.01,3,0.3,-47.0583,-12.857107729297015,5,East,Consumer,Furniture,Tables,Second Class,December,Thursday,5.905389095639754,1,12,4,0.3627906976744186,0
310.69,7,0.2,108.7408,34.99977469503363,0,South,Consumer,Office Supplies,Paper,Same Day,June,Monday,5.742009104128395,0,6,1,1.0,1
7.68,5,0.8,-11.52,-150.0,1,Central,Home Office,Office Supplies,Binders,First Class,September,Wednesday,2.1610215286722587,1,9,3,0.6011730205278593,0
10.74,1,0.2,0.8058,7.5027932960893855,5,West,Consumer,Office Supplies,Storage,Standard Class,April,Monday,2.4630018143999504,0,4,1,0.7795698924731183,1
232.4,5,0.2,78.435,33.75,4,East,Consumer,Office Supplies,Binders,Second Class,December,Saturday,5.452753719852455,0,12,6,0.6011730205278593,1
164.65,3,0.1,12.8058,7.777588824779835,4,East,Consumer,Furniture,Chairs,Second Class,December,Saturday,5.109877128745905,0,12,6,0.6042154566744731,1
22.68,2,0.0,11.1132,49.00000000000001,4,East,Consumer,Office Supplies,Paper,Second Class,December,Saturday,3.164630810015805,0,12,6,1.0,1
105.52,4,0.0,48.5392,46.0,6,West,Corporate,Office Supplies,Paper,Standard Class,February,Monday,4.668332760945732,0,2,1,1.0,1
110.53,4,0.2,38.6848,34.999366687777076,6,West,Home Office,Office Supplies,Binders,Standard Class,December,Friday,4.714293613006445,0,12,5,0.6011730205278593,1
630.02,4,0.4,-199.5076,-31.666867718485125,0,South,Corporate,Furniture,Tables,Same Day,November,Tuesday,6.447337557759992,1,11,2,0.3627906976744186,0
27.86,7,0.0,9.1938,33.0,3,South,Consumer,Office Supplies,Art,Second Class,May,Monday,3.3624565533457247,0,5,1,1.0,1
51.84,10,0.2,18.144,34.99999999999999,4,Central,Corporate,Office Supplies,Paper,Standard Class,December,Saturday,3.9672684796541247,0,12,6,1.0,1
165.6,3,0.2,-6.21,-3.75,4,Central,Corporate,Technology,Accessories,Standard Class,December,Saturday,5.115595729732743,0,12,6,0.872,0
18.43,8,0.7,-12.288,-66.67390124796528,2,East,Corporate,Office Supplies,Binders,First Class,August,Sunday,2.9668182633893485,1,8,7,0.6011730205278593,0
10.94,2,0.2,0.9576,8.753199268738575,5,West,Consumer,Office Supplies,Supplies,Standard Class,October,Friday,2.479894107964456,0,10,5,0.816793893129771,1
303.92,5,0.2,-30.392,-10.0,2,East,Consumer,Furniture,Furnishings,Second Class,December,Monday,5.720049447120073,0,12,1,0.8065522620904836,0
129.3,2,0.0,6.465,5.0,6,Central,Consumer,Office Supplies,Storage,Standard Class,March,Sunday,4.869839484130799,0,3,7,0.7795698924731183,1
6.05,4,0.2,-1.3608,-22.492561983471074,4,Central,Corporate,Office Supplies,Fasteners,Second Class,September,Sunday,1.9530276168241774,0,9,7,0.9019607843137255,0
6.85,2,0.2,2.14,31.24087591240876,4,Central,Corporate,Office Supplies,Paper,Second Class,September,Sunday,2.060513531794317,0,9,7,1.0,1
9.96,5,0.6,-6.723,-67.5,4,Central,Corporate,Furniture,Furnishings,Second Class,September,Sunday,2.3942522815198695,1,9,7,0.8065522620904836,0
8.55,2,0.8,-13.6832,-160.0374269005848,4,Central,Corporate,Office Supplies,Binders,Second Class,September,Sunday,2.256541154492639,1,9,7,0.6011730205278593,0
45.58,11,0.2,16.5242,36.253181219833266,6,West,Consumer,Office Supplies,Binders,Standard Class,September,Sunday,3.841171264456195,0,9,7,0.6011730205278593,1
25.49,2,0.2,4.4604,17.498626912514712,6,East,Consumer,Technology,Accessories,Standard Class,December,Thursday,3.2767673032839784,0,12,4,0.872,1
136.96,4,0.2,51.36,37.5,4,West,Consumer,Office Supplies,Binders,Standard Class,May,Wednesday,4.92696378806864,0,5,3,0.6011730205278593,1
10.58,3,0.2,3.4398,32.51228733459357,4,East,Home Office,Office Supplies,Paper,Second Class,December,Thursday,2.449279472144849,0,12,4,1.0,1
431.94,2,0.4,-71.99,-16.666666666666664,4,East,Home Office,Technology,Phones,Standard Class,March,Sunday,6.070599150271709,1,3,7,0.8521008403361344,0
2.04,1,0.7,-1.4982,-73.44117647058823,4,East,Home Office,Office Supplies,Binders,Standard Class,March,Sunday,1.1118575154181303,1,3,7,0.6011730205278593,0
68.24,3,0.4,-12.5103,-18.332796014068,4,East,Home Office,Technology,Phones,Standard Class,March,Sunday,4.237578730308009,1,3,7,0.8521008403361344,0
1679.96,5,0.2,125.997,7.5,2,West,Consumer,Technology,Phones,First Class,April,Monday,7.427120337765596,0,4,1,0.8521008403361344,1
344.37,4,0.3,-93.4724,-27.14301478061387,5,Central,Corporate,Furniture,Chairs,Standard Class,April,Monday,5.844616306121053,1,4,1,0.6042154566744731,0
1554.94,3,0.2,77.7468,4.9999871377673735,5,Central,Corporate,Office Supplies,Storage,Standard Class,April,Monday,7.3498351435835545,0,4,1,0.7795698924731183,1
127.88,5,0.6,-67.137,-52.5,5,Central,Corporate,Furniture,Furnishings,Standard Class,April,Monday,4.858881738868719,1,4,1,0.8065522620904836,0
222.38,2,0.2,22.2384,10.000179872290675,7,West,Corporate,Technology,Phones,Standard Class,May,Sunday,5.408874357112681,0,5,7,0.8521008403361344,1
25.68,3,0.8,-39.804,-155.0,4,Central,Consumer,Office Supplies,Binders,Standard Class,August,Monday,3.283914221047423,1,8,1,0.6011730205278593,0
12.38,3,0.8,-19.8144,-160.05169628432952,4,Central,Consumer,Office Supplies,Binders,Standard Class,August,Monday,2.5937610547000824,1,8,1,0.6011730205278593,0
25.3,5,0.0,11.891,47.0,5,East,Consumer,Office Supplies,Binders,Standard Class,August,Saturday,3.269568939183719,0,8,6,0.6011730205278593,1
95.94,3,0.0,9.594,10.0,5,East,Consumer,Office Supplies,Storage,Standard Class,August,Saturday,4.57409223041723,0,8,6,0.7795698924731183,1
7.5,2,0.0,3.6,48.00000000000001,4,Central,Consumer,Office Supplies,Labels,Second Class,September,Thursday,2.1400661634962708,0,9,4,1.0,1
302.38,3,0.2,22.6782,7.499900787089094,4,West,Home Office,Technology,Phones,Standard Class,March,Friday,5.714986145163526,0,3,5,0.8521008403361344,1
46.69,4,0.2,-2.918,-6.249732276718785,5,West,Consumer,Technology,Accessories,Standard Class,May,Sunday,3.864721732310133,0,5,7,0.872,0
17.94,3,0.0,3.0498,17.0,5,East,Consumer,Office Supplies,Storage,Standard Class,April,Thursday,2.9412760877579323,0,4,4,0.7795698924731183,1
370.14,3,0.0,144.3546,39.0,5,East,Consumer,Office Supplies,Appliances,Standard Class,April,Thursday,5.9165793499161925,0,4,4,0.867109634551495,1
8.93,2,0.2,3.1248,34.99216125419933,4,West,Corporate,Office Supplies,Binders,Standard Class,September,Monday,2.295560478057081,0,9,1,0.6011730205278593,1
2678.94,6,0.0,241.1046,9.0,6,Central,Corporate,Furniture,Tables,Standard Class,November,Friday,7.893549685194585,0,11,5,0.3627906976744186,1
9.95,1,0.2,0.9952,10.002010050251258,4,South,Consumer,Office Supplies,Storage,Second Class,October,Thursday,2.3933394562625097,0,10,4,0.7795698924731183,1
1035.8,4,0.0,269.308,26.0,0,East,Corporate,Technology,Machines,Same Day,October,Friday,6.94389432559801,0,10,5,0.5975609756097561,1
19.98,2,0.0,8.991,44.99999999999999,4,West,Consumer,Office Supplies,Paper,Standard Class,March,Saturday,3.043569602968151,0,3,6,1.0,1
35.98,2,0.0,10.0744,28.000000000000004,6,Central,Consumer,Technology,Phones,Standard Class,July,Monday,3.610377225958979,0,7,1,0.8521008403361344,1
16.66,3,0.2,3.3312,19.99519807923169,4,East,Home Office,Office Supplies,Art,Standard Class,May,Tuesday,2.8713021951758138,0,5,2,1.0,1
83.7,5,0.0,41.013,48.99999999999999,4,Central,Consumer,Office Supplies,Binders,Standard Class,September,Tuesday,4.439115601658009,0,9,2,0.6011730205278593,1
8749.95,5,0.0,2799.984,31.999999999999996,2,South,Consumer,Technology,Machines,Second Class,February,Tuesday,9.076917544886781,0,2,2,0.5975609756097561,1
36.4,8,0.0,18.2,50.0,2,South,Consumer,Office Supplies,Binders,Second Class,February,Tuesday,3.6216707044204863,0,2,2,0.6011730205278593,1
18.69,7,0.0,7.1022,37.99999999999999,2,South,Consumer,Furniture,Furnishings,Second Class,February,Tuesday,2.9801108926510342,0,2,2,0.8065522620904836,1
60.74,8,0.2,20.4984,33.74777741191966,5,Central,Consumer,Office Supplies,Paper,Standard Class,October,Friday,4.122932019074013,0,10,5,1.0,1
479.98,3,0.2,161.9919,33.74971873828076,5,Central,Consumer,Technology,Copiers,Standard Class,October,Friday,6.175825689199708,0,10,5,1.0,1
6.08,1,0.8,-10.336,-170.0,5,Central,Consumer,Office Supplies,Binders,Standard Class,October,Friday,1.9572739077056285,1,10,5,0.6011730205278593,0
165.6,3,0.2,-6.21,-3.75,6,West,Corporate,Technology,Accessories,Standard Class,December,Friday,5.115595729732743,0,12,5,0.872,0
59.52,3,0.0,15.4752,25.999999999999996,3,East,Consumer,Office Supplies,Art,Second Class,March,Wednesday,4.102973888920155,0,3,3,1.0,1
479.97,3,0.0,177.5889,37.0,3,East,Consumer,Technology,Accessories,Second Class,March,Wednesday,6.175804898098298,0,3,3,0.872,1
18.62,2,0.0,5.3998,28.999999999999996,3,East,Consumer,Office Supplies,Supplies,Second Class,March,Wednesday,2.976549454137217,0,3,3,0.816793893129771,1
49.63,6,0.2,16.7508,33.75136006447713,3,East,Consumer,Office Supplies,Binders,Second Class,March,Wednesday,3.924544285981818,0,3,3,0.6011730205278593,1
97.82,2,0.0,45.9754,47.0,3,East,Consumer,Office Supplies,Paper,Second Class,March,Wednesday,4.593300013417604,0,3,3,1.0,1
15.98,2,0.2,1.1988,7.501877346683354,2,West,Corporate,Technology,Phones,Second Class,March,Sunday,2.8320361808832013,0,3,7,0.8521008403361344,1
184.75,3,0.2,-20.7846,-11.250121786197564,2,West,Corporate,Furniture,Chairs,Second Class,March,Sunday,5.224401683597868,0,3,7,0.6042154566744731,0
12.96,2,0.0,6.2208,47.99999999999999,4,West,Home Office,Office Supplies,Paper,Standard Class,February,Thursday,2.6361960973342264,0,2,4,1.0,1
366.74,4,0.3,-110.0232,-30.000327207285814,4,Central,Consumer,Furniture,Chairs,Standard Class,May,Monday,5.907376166725696,1,5,1,0.6042154566744731,0
8.86,9,0.8,-14.1696,-159.92776523702034,4,Central,Home Office,Office Supplies,Binders,Standard Class,March,Tuesday,2.288486168614544,1,3,2,0.6011730205278593,0
27.96,5,0.2,8.388,30.0,4,Central,Home Office,Technology,Accessories,Standard Class,March,Tuesday,3.365915567517516,0,3,2,0.872,1
146.35,3,0.2,49.3938,33.75046122309532,4,Central,Home Office,Office Supplies,Envelopes,Standard Class,March,Tuesday,4.992810709183703,0,3,2,1.0,1
175.23,11,0.0,61.3305,35.0,3,Central,Consumer,Technology,Accessories,First Class,December,Friday,5.171789960076278,0,12,5,0.872,1
125.99,1,0.0,31.4975,25.0,3,Central,Consumer,Technology,Phones,First Class,December,Friday,4.844108343200942,0,12,5,0.8521008403361344,1
23.0,2,0.0,10.35,45.0,3,Central,Consumer,Office Supplies,Binders,First Class,December,Friday,3.1780538303479458,0,12,5,0.6011730205278593,1
25.58,2,0.2,8.9544,35.00547302580141,4,East,Consumer,Office Supplies,Binders,Standard Class,December,Thursday,3.2801590532850993,0,12,4,0.6011730205278593,1
73.78,2,0.6,-77.4732,-105.00569259962049,6,Central,Corporate,Furniture,Furnishings,Standard Class,February,Tuesday,4.314550469548967,1,2,2,0.8065522620904836,0
17.52,3,0.0,8.2344,47.00000000000001,5,South,Corporate,Office Supplies,Art,Standard Class,August,Friday,2.918851229218033,0,8,5,1.0,1
35.76,12,0.0,10.0128,28.000000000000004,5,South,Corporate,Office Supplies,Art,Standard Class,August,Friday,3.6044102974874863,0,8,5,1.0,1
3.64,2,0.0,0.9828,27.0,4,East,Consumer,Office Supplies,Art,Standard Class,April,Thursday,1.534714366238164,0,4,4,1.0,1
54.99,14,0.2,8.9362,16.250591016548462,4,East,Home Office,Furniture,Furnishings,Standard Class,January,Monday,4.025173103360802,0,1,1,0.8065522620904836,1
12.99,1,0.0,0.2598,1.9999999999999998,6,Central,Corporate,Technology,Phones,Standard Class,April,Friday,2.63834278867739,0,4,5,0.8521008403361344,1
33.36,4,0.0,16.68,50.0,6,Central,Consumer,Office Supplies,Paper,Standard Class,November,Wednesday,3.536893097116055,0,11,3,1.0,1
13.76,2,0.0,6.3296,46.0,6,Central,Consumer,Office Supplies,Paper,Standard Class,November,Wednesday,2.6919208191723265,0,11,3,1.0,1
496.86,7,0.0,24.843,5.0,6,Central,Consumer,Office Supplies,Storage,Standard Class,November,Wednesday,6.2103189130037615,0,11,3,0.7795698924731183,1
389.97,3,0.0,35.0973,8.999999999999998,6,Central,Consumer,Furniture,Chairs,Standard Class,November,Wednesday,5.9686308306990385,0,11,3,0.6042154566744731,1
9.82,2,0.0,4.8118,49.0,2,South,Corporate,Office Supplies,Labels,Second Class,January,Tuesday,2.3813962734183356,0,1,2,1.0,1
56.4,3,0.0,3.384,6.0,4,West,Consumer,Technology,Accessories,Standard Class,May,Friday,4.050044303325521,0,5,5,0.872,1
18.31,4,0.7,-12.208,-66.67394866193338,4,East,Home Office,Office Supplies,Binders,Standard Class,June,Sunday,2.960623096440423,1,6,7,0.6011730205278593,0
25.92,5,0.2,9.072,34.99999999999999,4,East,Home Office,Office Supplies,Paper,Standard Class,June,Sunday,3.2928695047765273,0,6,7,1.0,1
8.02,3,0.2,1.002,12.493765586034913,4,East,Home Office,Office Supplies,Art,Standard Class,June,Sunday,2.199444334074532,0,6,7,1.0,1
33.57,2,0.2,1.6784,4.999702114983616,1,East,Corporate,Office Supplies,Storage,First Class,December,Tuesday,3.5429862539335333,0,12,2,0.7795698924731183,1
422.63,7,0.3,0.0,0.0,1,East,Corporate,Furniture,Chairs,First Class,December,Tuesday,6.0488604327492705,1,12,2,0.6042154566744731,0
199.98,2,0.0,83.9916,42.00000000000001,5,East,Consumer,Technology,Accessories,Standard Class,August,Wednesday,5.303205400620812,0,8,3,0.872,1
20.24,1,0.0,8.7032,43.00000000000001,4,South,Corporate,Furniture,Furnishings,Standard Class,March,Sunday,3.055886196373738,0,3,7,0.8065522620904836,1
39.92,4,0.0,11.1776,27.999999999999996,4,South,Corporate,Furniture,Furnishings,Standard Class,March,Sunday,3.711618941083426,0,3,7,0.8065522620904836,1
32.54,2,0.0,15.9446,49.0,4,South,Corporate,Office Supplies,Binders,Standard Class,March,Sunday,3.5127387563950627,0,3,7,0.6011730205278593,1
39.0,3,0.0,17.55,45.0,5,West,Corporate,Technology,Accessories,Standard Class,December,Saturday,3.6888794541139363,0,12,6,0.872,1
12.6,4,0.0,6.048,48.00000000000001,5,West,Corporate,Office Supplies,Labels,Standard Class,December,Saturday,2.6100697927420065,0,12,6,1.0,1
24.64,4,0.2,4.004,16.249999999999996,1,West,Corporate,Furniture,Furnishings,First Class,September,Friday,3.2441536320524693,0,9,5,0.8065522620904836,1
6.26,3,0.2,2.0358,32.52076677316294,7,Central,Corporate,Office Supplies,Labels,Standard Class,July,Friday,1.9823798288367047,0,7,5,1.0,1
14.43,4,0.2,3.4276,23.75329175329175,7,Central,Corporate,Office Supplies,Fasteners,Standard Class,July,Friday,2.7363136663750693,0,7,5,0.9019607843137255,1
719.98,3,0.2,134.9955,18.749895830439733,4,Central,Corporate,Technology,Copiers,Standard Class,May,Friday,6.580611397649169,0,5,5,1.0,1
1056.86,7,0.0,158.529,15.000000000000002,2,South,Consumer,Furniture,Tables,First Class,December,Friday,6.964003278520724,0,12,5,0.3627906976744186,1
447.94,7,0.2,89.5888,20.00017859534759,0,South,Consumer,Technology,Accessories,Same Day,March,Sunday,6.106889248523399,0,3,7,0.872,1
150.41,9,0.2,-33.8418,-22.499700817764776,0,South,Consumer,Office Supplies,Storage,Same Day,March,Sunday,5.019991389020281,0,3,7,0.7795698924731183,0
453.58,3,0.2,39.6879,8.749922836103885,3,Central,Corporate,Technology,Phones,Second Class,December,Friday,6.119373915730013,0,12,5,0.8521008403361344,1
45.36,9,0.2,14.742,32.5,3,Central,Corporate,Office Supplies,Labels,Second Class,December,Friday,3.836437018471551,0,12,5,1.0,1
287.88,3,0.2,35.985,12.5,3,Central,Corporate,Technology,Phones,Second Class,December,Friday,5.666011376969203,0,12,5,0.8521008403361344,1
131.88,3,0.2,14.8365,11.25,3,Central,Corporate,Technology,Phones,Second Class,December,Friday,4.889446465305039,0,12,5,0.8521008403361344,1
2.33,2,0.6,-0.7566,-32.472103004291846,3,Central,Corporate,Furniture,Furnishings,Second Class,December,Friday,1.2029723039923526,1,12,5,0.8065522620904836,0
1454.9,5,0.0,378.274,26.0,4,Central,Corporate,Furniture,Chairs,Second Class,April,Saturday,7.28337954507928,0,4,6,0.6042154566744731,1
67.18,3,0.2,6.7176,9.999404584697826,1,Central,Consumer,Technology,Phones,First Class,November,Thursday,4.222151266709757,0,11,4,0.8521008403361344,1
15.23,4,0.2,5.5216,36.254760341431385,1,Central,Consumer,Office Supplies,Paper,First Class,November,Thursday,2.7868613815264998,0,11,4,1.0,1
31.1,6,0.2,10.8864,35.004501607717046,2,East,Consumer,Office Supplies,Paper,First Class,November,Thursday,3.4688560301359703,0,11,4,1.0,1
968.74,7,0.2,314.8418,32.50013419493362,6,East,Corporate,Office Supplies,Binders,Standard Class,December,Tuesday,6.8770279943308426,0,12,2,0.6011730205278593,1
222.35,13,0.2,77.8232,35.00031481897909,6,East,Corporate,Office Supplies,Binders,Standard Class,December,Tuesday,5.408740047798128,0,12,2,0.6011730205278593,1
479.98,2,0.2,89.997,18.750156256510685,6,East,Corporate,Technology,Copiers,Standard Class,December,Tuesday,6.175825689199708,0,12,2,1.0,1
10.27,3,0.2,3.21,31.256085686465436,0,Central,Home Office,Office Supplies,Paper,Same Day,April,Sunday,2.422144328051685,0,4,7,1.0,1
998.85,5,0.4,-199.77,-20.0,4,Central,Consumer,Technology,Machines,Standard Class,November,Friday,6.907605267731012,1,11,5,0.5975609756097561,0
24.56,2,0.0,11.5432,47.0,2,East,Consumer,Office Supplies,Paper,First Class,October,Tuesday,3.241028629509334,0,10,2,1.0,1
5.67,3,0.0,0.1134,2.0,0,West,Home Office,Office Supplies,Fasteners,Same Day,September,Friday,1.8976198599275322,0,9,5,0.9019607843137255,1
2.61,1,0.0,1.2006,46.0,6,South,Consumer,Office Supplies,Labels,Standard Class,December,Tuesday,1.2837077723447896,0,12,2,1.0,1
10.33,3,0.6,-5.9409,-57.51113262342691,2,Central,Corporate,Furniture,Furnishings,Second Class,May,Tuesday,2.427454075039915,1,5,2,0.8065522620904836,0
10.37,2,0.2,3.6288,34.993249758919966,2,Central,Corporate,Office Supplies,Paper,Second Class,May,Tuesday,2.4309783077624445,0,5,2,1.0,1
20.78,2,0.2,-3.6372,-17.50336862367661,2,Central,Corporate,Technology,Accessories,Second Class,May,Tuesday,3.0809921175048145,0,5,2,0.872,0
66.96,5,0.2,-13.392,-20.0,2,Central,Corporate,Office Supplies,Storage,Second Class,May,Tuesday,4.2189192968037315,0,5,2,0.7795698924731183,0
17.25,2,0.2,6.0368,34.99594202898551,4,West,Corporate,Office Supplies,Binders,Second Class,February,Tuesday,2.9041650800285006,0,2,2,0.6011730205278593,1
51.97,2,0.2,-10.3936,-19.999230325187607,7,East,Corporate,Office Supplies,Storage,Standard Class,May,Friday,3.9697257155564354,0,5,5,0.7795698924731183,0
11.88,2,0.0,5.346,44.99999999999999,2,South,Corporate,Office Supplies,Binders,First Class,May,Monday,2.5556757206762075,0,5,1,0.6011730205278593,1
35.44,1,0.0,16.6568,47.0,2,South,Corporate,Office Supplies,Paper,First Class,May,Monday,3.5956670723917576,0,5,1,1.0,1
67.14,4,0.2,25.176,37.49776586237712,4,West,Home Office,Office Supplies,Binders,Standard Class,October,Thursday,4.22156441223282,0,10,4,0.6011730205278593,1
4.32,3,0.2,1.512,35.0,5,West,Corporate,Office Supplies,Binders,Standard Class,November,Wednesday,1.6714733033535532,0,11,3,0.6011730205278593,1
14.94,3,0.0,7.0218,47.0,5,West,Corporate,Office Supplies,Paper,Standard Class,November,Wednesday,2.768831673362069,0,11,3,1.0,1
40.54,2,0.0,11.3512,28.000000000000004,5,West,Corporate,Office Supplies,Appliances,Standard Class,November,Wednesday,3.726656818447966,0,11,3,0.867109634551495,1
7.31,1,0.2,2.5592,35.00957592339262,5,West,Corporate,Office Supplies,Binders,Standard Class,November,Wednesday,2.1174596088673567,0,11,3,0.6011730205278593,1
475.94,7,0.2,59.493,12.500105055259066,0,West,Home Office,Technology,Phones,Same Day,December,Wednesday,6.167390696813076,0,12,3,0.8521008403361344,1
30.08,2,0.2,-5.264,-17.5,5,Central,Corporate,Technology,Accessories,Standard Class,January,Sunday,3.436564525499447,0,1,7,0.872,0
165.6,3,0.2,-6.21,-3.75,5,Central,Corporate,Technology,Accessories,Standard Class,January,Sunday,5.115595729732743,0,1,7,0.872,0
180.96,5,0.2,13.572,7.5,5,Central,Corporate,Technology,Phones,Standard Class,January,Sunday,5.203786882701803,0,1,7,0.8521008403361344,1
56.96,2,0.0,21.0752,37.0,5,East,Consumer,Furniture,Furnishings,Standard Class,June,Wednesday,4.059753117452481,0,6,3,0.8065522620904836,1
15.56,4,0.0,4.0456,26.0,5,East,Consumer,Office Supplies,Appliances,Standard Class,June,Wednesday,2.8069901489571136,0,6,3,0.867109634551495,1
353.57,2,0.2,-44.196,-12.499929292643607,5,East,Consumer,Furniture,Bookcases,Standard Class,June,Wednesday,5.870905787692259,0,6,3,0.5263157894736842,0
13.96,2,0.0,6.7008,48.0,5,East,Consumer,Furniture,Furnishings,Standard Class,June,Wednesday,2.7053799725463312,0,6,3,0.8065522620904836,1
39.68,2,0.0,10.3168,26.0,4,West,Corporate,Office Supplies,Art,Second Class,January,Thursday,3.7057365711803594,0,1,4,1.0,1
479.97,3,0.0,177.5889,37.0,5,West,Consumer,Technology,Accessories,Standard Class,November,Wednesday,6.175804898098298,0,11,3,0.872,1
7.38,2,0.0,3.4686,47.0,4,West,Consumer,Office Supplies,Labels,Standard Class,September,Saturday,2.1258479144939915,0,9,6,1.0,1
14.26,3,0.2,4.455,31.24123422159888,4,West,Consumer,Office Supplies,Binders,Standard Class,September,Saturday,2.725235025856311,0,9,6,0.6011730205278593,1
81.98,2,0.0,40.1702,49.0,4,West,Consumer,Office Supplies,Paper,Standard Class,September,Saturday,4.418599614904722,0,9,6,1.0,1
39.62,3,0.2,13.8684,35.003533568904594,4,West,Consumer,Office Supplies,Binders,Standard Class,September,Saturday,3.7042605561522386,0,9,6,0.6011730205278593,1
39.81,4,0.2,3.9808,9.999497613664907,4,West,Consumer,Office Supplies,Storage,Standard Class,November,Sunday,3.7089271494177143,0,11,7,0.7795698924731183,1
121.1,6,0.7,-100.92,-83.33608587943849,5,South,Consumer,Office Supplies,Binders,Standard Class,November,Friday,4.804840381116659,1,11,5,0.6011730205278593,0
111.96,5,0.2,-1.3995,-1.25,5,South,Consumer,Technology,Accessories,Standard Class,November,Friday,4.727033773744932,0,11,5,0.872,0
15.7,3,0.2,5.1012,32.49171974522294,4,West,Corporate,Office Supplies,Paper,Standard Class,December,Tuesday,2.8154087194227095,0,12,2,1.0,1
70.26,3,0.0,18.9702,26.999999999999996,5,East,Corporate,Office Supplies,Storage,Standard Class,September,Monday,4.26633516017769,0,9,1,0.7795698924731183,1
90.0,5,0.0,16.2,18.0,5,East,Corporate,Technology,Accessories,Standard Class,September,Monday,4.51085950651685,0,9,1,0.872,1
6.1,2,0.2,2.0574,33.72786885245901,5,East,Corporate,Office Supplies,Binders,Standard Class,September,Monday,1.9600947840472698,0,9,1,0.6011730205278593,1
481.18,2,0.4,-120.294,-24.99979217756349,5,East,Corporate,Furniture,Tables,Standard Class,September,Monday,6.178317488321154,1,9,1,0.3627906976744186,0
7.24,4,0.0,2.3892,33.0,5,East,Corporate,Office Supplies,Fasteners,Standard Class,September,Monday,2.1090003439213802,0,9,1,0.9019607843137255,1
177.45,5,0.5,-78.078,-44.00000000000001,1,East,Consumer,Furniture,Bookcases,First Class,July,Thursday,5.184308449936169,1,7,4,0.5263157894736842,0
1369.76,6,0.7,-913.176,-66.66686134797337,1,East,Consumer,Office Supplies,Binders,First Class,July,Thursday,7.223120609533856,1,7,4,0.6011730205278593,0
9.48,3,0.2,0.711,7.5,1,East,Consumer,Office Supplies,Appliances,First Class,July,Thursday,2.349468678892896,0,7,4,0.867109634551495,1
174.95,5,0.0,45.487,26.0,2,South,Consumer,Office Supplies,Art,First Class,April,Wednesday,5.170199863767594,0,4,3,1.0,1
826.0,5,0.0,214.76,26.0,2,South,Consumer,Office Supplies,Storage,First Class,April,Wednesday,6.717804695023691,0,4,3,0.7795698924731183,1
12.39,3,0.0,5.8233,47.0,2,South,Corporate,Office Supplies,Binders,Second Class,December,Saturday,2.5945081597030812,0,12,6,0.6011730205278593,1
31.5,11,0.2,11.814,37.50476190476191,7,South,Corporate,Office Supplies,Fasteners,Standard Class,November,Sunday,3.481240089335692,0,11,7,0.9019607843137255,1
5.04,1,0.2,1.638,32.49999999999999,7,South,Corporate,Office Supplies,Labels,Standard Class,November,Sunday,1.7984040119467235,0,11,7,1.0,1
39.88,7,0.7,-29.2446,-73.33149448345034,7,South,Corporate,Office Supplies,Binders,Standard Class,November,Sunday,3.7106409458954492,1,11,7,0.6011730205278593,0
4.71,1,0.2,1.4136,30.012738853503183,7,South,Corporate,Furniture,Furnishings,Standard Class,November,Sunday,1.742219023667919,0,11,7,0.8065522620904836,1
194.35,3,0.2,19.4352,10.000102907126319,4,West,Consumer,Furniture,Chairs,Standard Class,November,Friday,5.274792821501079,0,11,5,0.6042154566744731,1
97.42,2,0.2,10.9602,11.250461917470746,3,South,Corporate,Furniture,Chairs,First Class,December,Saturday,4.589244035437832,0,12,6,0.6042154566744731,1
704.76,5,0.2,26.4285,3.75,5,South,Consumer,Office Supplies,Storage,Standard Class,July,Friday,6.55927523635663,0,7,5,0.7795698924731183,1
27.4,3,0.7,-20.0904,-73.32262773722627,5,South,Consumer,Office Supplies,Binders,Standard Class,July,Friday,3.3463891451671604,1,7,5,0.6011730205278593,0
5.7,5,0.0,2.679,47.0,0,West,Consumer,Office Supplies,Fasteners,Same Day,September,Saturday,1.9021075263969205,0,9,6,0.9019607843137255,1
14.19,3,0.0,5.5341,38.99999999999999,0,West,Consumer,Furniture,Furnishings,Same Day,September,Saturday,2.7206373166076814,0,9,6,0.8065522620904836,1
7.3,2,0.0,2.19,30.0,0,West,Consumer,Office Supplies,Supplies,Same Day,September,Saturday,2.1162555148025524,0,9,6,0.816793893129771,1
199.98,2,0.0,75.9924,38.00000000000001,0,West,Consumer,Technology,Accessories,Same Day,September,Saturday,5.303205400620812,0,9,6,0.872,1
144.96,4,0.0,60.8832,42.0,0,West,Consumer,Technology,Accessories,Same Day,September,Saturday,4.983332611568247,0,9,6,0.872,1
118.0,2,0.0,20.06,17.0,0,West,Consumer,Technology,Accessories,Same Day,September,Saturday,4.77912349311153,0,9,6,0.872,1
48.94,1,0.0,24.47,50.0,0,West,Consumer,Office Supplies,Paper,Same Day,September,Saturday,3.910822284851627,0,9,6,1.0,1
22.66,2,0.0,9.7438,43.0,0,West,Consumer,Office Supplies,Appliances,Same Day,September,Saturday,3.1637858585502405,0,9,6,0.867109634551495,1
0.84,1,0.8,-1.3376,-159.2380952380952,4,Central,Corporate,Office Supplies,Binders,Standard Class,June,Tuesday,0.6097655716208943,1,6,2,0.6011730205278593,0
30.96,6,0.2,11.223,36.25,5,East,Corporate,Office Supplies,Paper,Standard Class,September,Saturday,3.464485120898074,0,9,6,1.0,1
21.97,4,0.6,-15.9268,-72.49340009103324,5,Central,Consumer,Furniture,Furnishings,Standard Class,May,Tuesday,3.134189016701007,1,5,2,0.8065522620904836,0
619.15,6,0.2,69.6546,11.250036340143746,5,Central,Consumer,Technology,Phones,Standard Class,May,Tuesday,6.429961384261339,0,5,2,0.8521008403361344,1
127.9,7,0.2,41.5688,32.5010164190774,5,Central,Consumer,Office Supplies,Paper,Standard Class,May,Tuesday,4.859036909945142,0,5,2,1.0,1
49.5,5,0.0,13.365,27.0,1,West,Home Office,Office Supplies,Supplies,First Class,November,Thursday,3.9219733362813143,0,11,4,0.816793893129771,1
16.52,5,0.2,1.652,10.0,3,East,Corporate,Office Supplies,Art,First Class,December,Friday,2.8633430855082453,0,12,5,1.0,1
55.36,4,0.2,19.376,35.0,2,West,Home Office,Office Supplies,Binders,Second Class,December,Thursday,4.03175968703048,0,12,4,0.6011730205278593,1
11.56,1,0.2,3.757,32.5,2,West,Home Office,Technology,Machines,Second Class,December,Thursday,2.5305171610400525,0,12,4,0.5975609756097561,1
17.12,4,0.0,7.704,44.99999999999999,5,West,Consumer,Office Supplies,Paper,Second Class,December,Sunday,2.8970163006148333,0,12,7,1.0,1
182.35,3,0.2,-18.2352,-10.000109679188373,5,East,Consumer,Furniture,Furnishings,Second Class,December,Saturday,5.211396894517335,0,12,6,0.8065522620904836,0
118.16,2,0.2,-25.109,-21.250000000000004,5,East,Consumer,Office Supplies,Storage,Second Class,December,Saturday,4.780467127845082,0,12,6,0.7795698924731183,0
8.61,8,0.8,-13.3424,-154.96399535423927,5,Central,Home Office,Office Supplies,Binders,Second Class,September,Friday,2.262804222982201,1,9,5,0.6011730205278593,0
159.56,5,0.2,33.9065,21.25,5,Central,Home Office,Technology,Accessories,Second Class,September,Friday,5.078667704488082,0,9,5,0.872,1
2104.55,7,0.0,694.5015,32.99999999999999,2,South,Corporate,Office Supplies,Appliances,Second Class,December,Thursday,7.652331994648445,0,12,4,0.867109634551495,1
40.7,5,0.0,11.803,28.999999999999996,2,South,Corporate,Office Supplies,Supplies,Second Class,December,Thursday,3.730501128804756,0,12,4,0.816793893129771,1
47.79,3,0.0,16.2486,34.0,5,South,Home Office,Technology,Accessories,Standard Class,November,Wednesday,3.8875253738277458,0,11,3,0.872,1
21.21,7,0.0,4.4541,21.000000000000004,7,West,Home Office,Technology,Accessories,Standard Class,December,Friday,3.100542637906336,0,12,5,0.872,1
231.72,2,0.0,11.586,5.0,0,West,Corporate,Office Supplies,Supplies,Same Day,June,Sunday,5.449836014186946,0,6,7,0.816793893129771,1
17.9,5,0.0,8.95,50.0,0,West,Corporate,Office Supplies,Fasteners,Same Day,June,Sunday,2.9391619220655967,0,6,7,0.9019607843137255,1
12.48,2,0.0,5.616,44.99999999999999,0,West,Corporate,Office Supplies,Paper,Same Day,June,Sunday,2.601207105484161,0,6,7,1.0,1
8.02,3,0.2,1.1022,13.743142144638407,4,East,Corporate,Office Supplies,Art,Standard Class,December,Friday,2.199444334074532,0,12,5,1.0,1
259.9,2,0.4,-56.3108,-21.666333205078878,4,East,Corporate,Technology,Phones,Standard Class,August,Sunday,5.564137192142683,1,8,7,0.8521008403361344,0
247.19,2,0.4,-49.4376,-19.999838181156196,4,East,Corporate,Technology,Phones,Standard Class,August,Sunday,5.514194581870202,1,8,7,0.8521008403361344,0
279.96,5,0.2,48.993,17.5,4,East,Corporate,Technology,Accessories,Standard Class,August,Sunday,5.638212310446752,0,8,7,0.872,1
450.0,5,0.0,162.0,36.0,4,West,Home Office,Technology,Accessories,Standard Class,October,Monday,6.111467339502679,0,10,1,0.872,1
19.44,3,0.0,9.5256,49.0,5,Central,Home Office,Office Supplies,Paper,Second Class,August,Saturday,3.017493765335504,0,8,6,1.0,1
3.55,2,0.2,0.444,12.507042253521128,4,East,Consumer,Office Supplies,Appliances,Standard Class,March,Sunday,1.5151272329628591,0,3,7,0.867109634551495,1
115.14,8,0.2,11.5136,9.999652596838631,3,Central,Consumer,Technology,Phones,First Class,July,Saturday,4.754796359943904,0,7,6,0.8521008403361344,1
4.71,1,0.0,0.0,0.0,4,West,Home Office,Office Supplies,Fasteners,Standard Class,October,Wednesday,1.742219023667919,0,10,3,0.9019607843137255,0
172.76,2,0.1,13.4372,7.777957860615885,5,East,Home Office,Furniture,Chairs,Standard Class,September,Monday,5.15767503674557,0,9,1,0.6042154566744731,1
3.52,2,0.0,1.6896,48.0,5,East,Home Office,Office Supplies,Art,Standard Class,September,Monday,1.5085119938441398,0,9,1,1.0,1
79.97,4,0.2,-17.9928,-22.49943728898337,2,West,Corporate,Technology,Phones,First Class,November,Sunday,4.394078715698023,0,11,7,0.8521008403361344,0
305.97,3,0.15,25.1979,8.23541523678792,2,West,Corporate,Furniture,Bookcases,First Class,November,Sunday,5.726750022942593,0,11,7,0.5263157894736842,1
344.91,3,0.0,10.3473,3.0,2,West,Corporate,Office Supplies,Storage,First Class,November,Sunday,5.846178625614856,0,11,7,0.7795698924731183,1
626.35,3,0.2,-23.4882,-3.750011974135866,4,West,Consumer,Furniture,Tables,Standard Class,March,Monday,6.441504598605709,0,3,1,0.3627906976744186,0
359.5,3,0.15,-29.6058,-8.235271210013908,4,West,Consumer,Furniture,Bookcases,Standard Class,December,Thursday,5.887491956725004,0,12,4,0.5263157894736842,0
64.38,4,0.8,-160.96,-250.0155327741535,4,Central,Home Office,Office Supplies,Appliances,Second Class,June,Sunday,4.1802164012960645,1,6,7,0.867109634551495,0
6.98,2,0.6,-4.5396,-65.03724928366762,4,Central,Home Office,Furniture,Furnishings,Second Class,June,Sunday,2.0769384114617173,1,6,7,0.8065522620904836,0
11.26,8,0.2,3.9424,35.01243339253997,4,Central,Home Office,Office Supplies,Art,Second Class,June,Sunday,2.506341930508065,0,6,7,1.0,1
15.55,3,0.2,5.6376,36.25466237942122,4,Central,Home Office,Office Supplies,Paper,Second Class,June,Sunday,2.806386101823072,0,6,7,1.0,1
379.37,2,0.3,-119.2312,-31.428737116798906,4,Central,Home Office,Furniture,Chairs,Second Class,June,Sunday,5.941144463207967,1,6,7,0.6042154566744731,0
67.54,9,0.2,6.7536,9.999407758365411,4,Central,Home Office,Office Supplies,Storage,Second Class,June,Sunday,4.2274175164464625,0,6,7,0.7795698924731183,1
1.52,2,0.8,-2.667,-175.46052631578945,4,Central,Home Office,Office Supplies,Binders,Second Class,June,Sunday,0.9242589015233319,1,6,7,0.6011730205278593,0
37.41,7,0.2,13.0928,34.998128842555474,2,South,Home Office,Office Supplies,Paper,Second Class,December,Thursday,3.6483178423578133,0,12,4,1.0,1
25.34,6,0.2,8.8704,35.00552486187845,2,South,Home Office,Office Supplies,Paper,Second Class,December,Thursday,3.271088696315135,0,12,4,1.0,1
4.73,3,0.2,0.7092,14.993657505285412,4,South,Corporate,Technology,Accessories,Standard Class,December,Sunday,1.7457155307266483,0,12,7,0.872,1
53.35,3,0.2,16.0056,30.00112464854733,4,South,Corporate,Furniture,Furnishings,Standard Class,December,Sunday,3.9954446135672184,0,12,7,0.8065522620904836,1
131.1,2,0.2,8.194,6.250190694126621,4,South,Corporate,Furniture,Bookcases,Standard Class,December,Sunday,4.883559211528279,0,12,7,0.5263157894736842,1
22.51,3,0.2,2.2512,10.000888494002664,4,South,Corporate,Office Supplies,Storage,Standard Class,December,Sunday,3.157425862551978,0,12,7,0.7795698924731183,1
72.74,7,0.2,-12.7302,-17.500962331591975,4,South,Corporate,Technology,Accessories,Standard Class,December,Sunday,4.300545392805998,0,12,7,0.872,0
52.59,3,0.0,15.777,30.0,6,Central,Corporate,Office Supplies,Supplies,Standard Class,July,Friday,3.981362483506759,0,7,5,0.816793893129771,1
64.96,4,0.0,9.744,15.000000000000002,3,East,Corporate,Office Supplies,Storage,Second Class,February,Friday,4.189048497691398,0,2,5,0.7795698924731183,1
535.41,3,0.0,160.623,30.0,5,Central,Corporate,Office Supplies,Storage,Standard Class,September,Sunday,6.284898794037626,0,9,7,0.7795698924731183,1
73.2,5,0.0,21.228,29.000000000000004,1,South,Consumer,Office Supplies,Art,First Class,July,Sunday,4.3067641501733345,0,7,7,1.0,1
10.74,3,0.0,5.1552,48.0,0,Central,Home Office,Office Supplies,Binders,Same Day,November,Monday,2.4630018143999504,0,11,1,0.6011730205278593,1
11.03,1,0.2,3.0338,27.504986400725294,2,West,Consumer,Furniture,Furnishings,First Class,October,Friday,2.4874035299865875,0,10,5,0.8065522620904836,1
53.04,3,0.2,-4.641,-8.75,2,West,Consumer,Technology,Accessories,First Class,October,Friday,3.989724513091998,0,10,5,0.872,0
17.12,4,0.0,4.9648,28.999999999999996,3,East,Home Office,Office Supplies,Art,Second Class,November,Sunday,2.8970163006148333,0,11,7,1.0,1
59.94,3,0.0,28.1718,47.0,3,East,Home Office,Office Supplies,Paper,Second Class,November,Sunday,4.109889773557563,0,11,7,1.0,1
3050.38,3,0.2,1143.891,37.499950825798756,3,East,Consumer,Office Supplies,Binders,First Class,June,Tuesday,8.023349226289135,0,6,2,0.6011730205278593,1
133.98,2,0.0,33.495,25.0,3,East,Consumer,Technology,Phones,First Class,June,Tuesday,4.9051266193152605,0,6,2,0.8521008403361344,1
93.25,4,0.2,31.4712,33.74927613941019,4,South,Home Office,Office Supplies,Paper,Standard Class,May,Thursday,4.54595082632812,0,5,4,1.0,1
177.48,3,0.2,19.9665,11.25,4,South,Home Office,Technology,Phones,Standard Class,May,Thursday,5.184476550124277,0,5,4,0.8521008403361344,1
37.68,2,0.0,10.5504,27.999999999999996,4,East,Corporate,Office Supplies,Appliances,Standard Class,July,Friday,3.6553226705850936,0,7,5,0.867109634551495,1
51.84,8,0.0,24.8832,47.99999999999999,4,East,Corporate,Office Supplies,Paper,Standard Class,July,Friday,3.9672684796541247,0,7,5,1.0,1
27.42,3,0.0,9.3228,34.0,4,East,Corporate,Furniture,Furnishings,Standard Class,July,Friday,3.3470931226689546,0,7,5,0.8065522620904836,1
5.4,3,0.0,2.592,48.0,4,East,Corporate,Office Supplies,Binders,Standard Class,July,Friday,1.8562979903656263,0,7,5,0.6011730205278593,1
1270.99,1,0.0,635.495,50.0,6,South,Home Office,Office Supplies,Binders,Standard Class,January,Sunday,7.148337882233944,0,1,7,0.6011730205278593,1
125.36,8,0.0,58.9192,47.0,6,South,Home Office,Office Supplies,Envelopes,Standard Class,January,Sunday,4.839134975933884,0,1,7,1.0,1
14.03,1,0.0,4.0687,28.999999999999996,4,West,Consumer,Office Supplies,Storage,Standard Class,December,Thursday,2.710048203764883,0,12,4,0.7795698924731183,1
27.96,2,0.0,7.2696,25.999999999999996,4,West,Consumer,Office Supplies,Supplies,Standard Class,December,Thursday,3.365915567517516,0,12,4,0.816793893129771,1
5.34,2,0.2,0.7348,13.760299625468164,6,Central,Corporate,Office Supplies,Art,Standard Class,November,Saturday,1.8468787684491346,0,11,6,1.0,1
1.7,2,0.8,-2.544,-149.64705882352942,6,Central,Corporate,Office Supplies,Binders,Standard Class,November,Saturday,0.9932517730102833,1,11,6,0.6011730205278593,0
24.59,3,0.8,-67.617,-274.97763318422125,6,Central,Corporate,Office Supplies,Appliances,Standard Class,November,Saturday,3.2422016501716975,1,11,6,0.867109634551495,0
7.98,5,0.8,-13.167,-165.0,6,Central,Corporate,Office Supplies,Binders,Standard Class,November,Saturday,2.194999882314108,1,11,6,0.6011730205278593,0
288.0,4,0.2,57.6,20.0,4,East,Consumer,Technology,Accessories,Standard Class,October,Monday,5.666426688112432,0,10,1,0.872,1
146.95,3,0.2,9.1845,6.250085062946581,1,West,Home Office,Technology,Phones,Same Day,September,Monday,4.996874378846218,0,9,1,0.8521008403361344,1
83.14,4,0.2,5.196,6.249699302381525,1,West,Home Office,Furniture,Chairs,Same Day,September,Monday,4.432482078162375,0,9,1,0.6042154566744731,1
26.88,6,0.0,6.72,25.0,5,East,Home Office,Office Supplies,Appliances,Standard Class,February,Monday,3.327909585892323,0,2,1,0.867109634551495,1
10.9,2,0.2,3.8136,34.987155963302754,5,East,Home Office,Office Supplies,Binders,Standard Class,February,Monday,2.4765384001174837,0,2,1,0.6011730205278593,1
3.54,2,0.2,0.3094,8.740112994350282,4,Central,Home Office,Office Supplies,Art,Second Class,December,Monday,1.5129270120532565,0,12,1,1.0,1
528.43,5,0.3,0.0,0.0,1,Central,Corporate,Furniture,Chairs,First Class,July,Saturday,6.271800956113388,1,7,6,0.6042154566744731,0
41.47,8,0.2,14.5152,35.00168796720521,1,Central,Corporate,Office Supplies,Paper,First Class,July,Saturday,3.74879794432518,0,7,6,1.0,1
29.3,3,0.2,2.5641,8.751194539249147,2,West,Consumer,Office Supplies,Storage,Second Class,March,Friday,3.4111477125153233,0,3,5,0.7795698924731183,1
55.33,2,0.2,6.2244,11.249593348996928,3,Central,Corporate,Office Supplies,Art,First Class,March,Sunday,4.031227252906622,0,3,7,1.0,1
1228.0,6,0.32,-36.1176,-2.9411726384364822,3,Central,Corporate,Furniture,Bookcases,First Class,March,Sunday,7.113956109566034,1,3,7,0.5263157894736842,0
20.42,4,0.2,6.6352,32.493633692458374,5,West,Corporate,Office Supplies,Binders,Standard Class,September,Thursday,3.064325065019603,0,9,4,0.6011730205278593,1
1128.39,3,0.0,259.5297,23.0,5,West,Corporate,Furniture,Tables,Standard Class,September,Thursday,7.029432942940638,0,9,4,0.3627906976744186,1
46.62,9,0.0,21.4452,46.0,6,South,Corporate,Office Supplies,Binders,Standard Class,September,Sunday,3.8632528410587166,0,9,7,0.6011730205278593,1
14.62,2,0.0,6.8714,47.0,2,West,Corporate,Office Supplies,Labels,First Class,December,Friday,2.7485521444115397,0,12,5,1.0,1
22.55,5,0.0,8.7945,38.99999999999999,2,West,Corporate,Office Supplies,Fasteners,First Class,December,Friday,3.159125820462427,0,12,5,0.9019607843137255,1
583.8,5,0.2,72.975,12.5,2,West,Corporate,Technology,Phones,First Class,December,Friday,6.371269908435568,0,12,5,0.8521008403361344,1
211.17,4,0.2,15.8376,7.499928967182839,2,West,Corporate,Technology,Phones,First Class,December,Friday,5.357387840125025,0,12,5,0.8521008403361344,1
12.96,2,0.0,6.2208,47.99999999999999,6,West,Consumer,Office Supplies,Paper,Standard Class,July,Thursday,2.6361960973342264,0,7,4,1.0,1
45.98,2,0.0,12.8744,28.000000000000004,6,West,Consumer,Office Supplies,Art,Standard Class,July,Thursday,3.849721979230767,0,7,4,1.0,1
1294.75,5,0.0,336.635,26.0,4,East,Home Office,Technology,Phones,Standard Class,April,Wednesday,7.166844957069816,0,4,3,0.8521008403361344,1
1799.97,5,0.4,239.996,13.333333333333334,2,East,Consumer,Technology,Copiers,First Class,May,Thursday,7.496080687624671,1,5,4,1.0,1
221.98,2,0.0,62.1544,28.000000000000004,2,Central,Consumer,Technology,Phones,First Class,November,Thursday,5.407082081339426,0,11,4,0.8521008403361344,1
341.96,2,0.0,54.7136,16.0,2,Central,Consumer,Furniture,Bookcases,First Class,November,Thursday,5.837613822289722,0,11,4,0.5263157894736842,1
34.77,3,0.0,11.4741,32.99999999999999,1,East,Corporate,Technology,Accessories,First Class,December,Wednesday,3.5771095532709265,0,12,3,0.872,1
18.9,3,0.0,8.694,46.00000000000001,1,East,Corporate,Office Supplies,Labels,First Class,December,Wednesday,2.990719731730447,0,12,3,1.0,1
40.48,2,0.0,14.5728,36.00000000000001,4,East,Corporate,Furniture,Furnishings,Standard Class,September,Monday,3.7252113833613265,0,9,1,0.8065522620904836,1
207.14,3,0.1,48.3336,23.333783914260884,5,Central,Corporate,Office Supplies,Appliances,Standard Class,March,Tuesday,5.338210930209713,0,3,2,0.867109634551495,1
13.9,5,0.0,3.753,27.0,5,Central,Corporate,Office Supplies,Art,Standard Class,March,Tuesday,2.7013612129514133,0,3,2,1.0,1
266.35,3,0.2,13.3176,5.000037544584194,5,West,Corporate,Furniture,Chairs,Standard Class,July,Sunday,5.588558661394741,0,7,7,0.6042154566744731,1
307.98,2,0.0,89.3142,28.999999999999996,2,East,Consumer,Technology,Phones,Second Class,November,Monday,5.733276549883904,0,11,1,0.8521008403361344,1
44.1,6,0.0,20.727,47.0,2,East,Consumer,Office Supplies,Paper,Second Class,November,Monday,3.8088822465086327,0,11,1,1.0,1
13.12,4,0.0,5.6416,43.00000000000001,2,East,Consumer,Office Supplies,Art,Second Class,November,Monday,2.647592232065096,0,11,1,1.0,1
16.56,2,0.0,7.7832,47.0,2,East,Consumer,Office Supplies,Envelopes,Second Class,November,Monday,2.8656235882069705,0,11,1,1.0,1
38.88,6,0.0,18.6624,48.00000000000001,2,East,Consumer,Office Supplies,Paper,Second Class,November,Monday,3.6858749450936377,0,11,1,1.0,1
335.52,4,0.2,117.432,35.0,4,Central,Consumer,Office Supplies,Paper,Standard Class,November,Saturday,5.818657582682612,0,11,6,1.0,1
6.91,3,0.2,2.5056,36.26049204052098,3,East,Consumer,Office Supplies,Labels,First Class,December,Saturday,2.0681277817795625,0,12,6,1.0,1
26.72,5,0.2,9.352,35.0,4,Central,Consumer,Office Supplies,Paper,Second Class,April,Wednesday,3.3221541743217022,0,4,3,1.0,1
33.49,7,0.2,10.465,31.248133771275004,4,Central,Consumer,Office Supplies,Paper,Second Class,April,Wednesday,3.5406694269487495,0,4,3,1.0,1
10.56,2,0.0,4.752,44.99999999999999,4,Central,Corporate,Office Supplies,Paper,Standard Class,June,Friday,2.4475508632442313,0,6,5,1.0,1
386.34,2,0.0,54.0876,14.000000000000002,3,Central,Corporate,Office Supplies,Storage,First Class,October,Monday,5.9593028602995854,0,10,1,0.7795698924731183,1
33.44,10,0.2,11.704,35.0,3,West,Corporate,Office Supplies,Binders,Second Class,August,Sunday,3.53921867955953,0,8,7,0.6011730205278593,1
39.96,2,0.0,14.3856,36.0,4,South,Home Office,Furniture,Furnishings,Standard Class,November,Sunday,3.7125959807312525,0,11,7,0.8065522620904836,1
1217.57,2,0.2,456.588,37.499938401898866,5,East,Consumer,Office Supplies,Binders,Standard Class,June,Monday,7.1054333190967816,0,6,1,0.6011730205278593,1
70.95,3,0.0,18.447,25.999999999999996,4,West,Corporate,Office Supplies,Art,Second Class,April,Sunday,4.2759714333333765,0,4,7,1.0,1
65.57,2,0.2,23.7684,36.24889431142291,4,West,Corporate,Office Supplies,Binders,Second Class,April,Sunday,4.198254025612612,0,4,7,0.6011730205278593,1
299.97,3,0.0,131.9868,43.99999999999999,4,West,Corporate,Technology,Accessories,Second Class,April,Sunday,5.707010592007626,0,4,7,0.872,1
89.97,3,0.0,39.5868,43.99999999999999,4,West,Corporate,Technology,Accessories,Standard Class,February,Tuesday,4.510529781833971,0,2,2,0.872,1
31.86,2,0.0,11.151,35.0,4,West,Corporate,Technology,Accessories,Standard Class,February,Tuesday,3.492256112609122,0,2,2,0.872,1
67.15,5,0.0,16.7875,25.0,2,Central,Corporate,Office Supplies,Storage,Second Class,November,Tuesday,4.221711158142542,0,11,2,0.7795698924731183,1
74.24,1,0.2,8.352,11.250000000000002,2,South,Corporate,Technology,Phones,First Class,July,Thursday,4.32068300443283,0,7,4,0.8521008403361344,1
159.84,10,0.2,45.954,28.749999999999996,2,South,Corporate,Furniture,Furnishings,First Class,July,Thursday,5.080410082029073,0,7,4,0.8065522620904836,1
2.89,2,0.7,-2.3136,-80.0553633217993,2,South,Corporate,Office Supplies,Binders,First Class,July,Thursday,1.358409157630355,1,7,4,0.6011730205278593,0
9.39,2,0.2,3.2872,35.007454739084125,2,South,Corporate,Office Supplies,Paper,First Class,July,Thursday,2.340843805111136,0,7,4,1.0,1
123.92,4,0.0,55.764,45.0,5,East,Consumer,Office Supplies,Paper,Second Class,October,Wednesday,4.827673532414877,0,10,3,1.0,1
55.6,5,0.2,6.255,11.249999999999998,3,East,Consumer,Office Supplies,Supplies,First Class,September,Tuesday,4.036008985209137,0,9,2,0.816793893129771,1
617.98,3,0.2,-7.7247,-1.2499919091232725,3,East,Consumer,Technology,Accessories,First Class,September,Tuesday,6.428072961984905,0,9,2,0.872,0
31.05,3,0.0,14.904,48.0,7,East,Home Office,Office Supplies,Labels,Standard Class,September,Friday,3.467297183366679,0,9,5,1.0,1
8.92,4,0.0,3.9248,44.0,7,East,Home Office,Furniture,Furnishings,Standard Class,September,Friday,2.2945529212967815,0,9,5,0.8065522620904836,1
209.6,4,0.0,96.416,46.0,7,East,Home Office,Office Supplies,Binders,Standard Class,September,Friday,5.349960599699875,0,9,5,0.6011730205278593,1
111.04,4,0.0,29.9808,26.999999999999996,7,East,Home Office,Office Supplies,Appliances,Standard Class,September,Friday,4.718855950391908,0,9,5,0.867109634551495,1
38.88,6,0.0,18.6624,48.00000000000001,7,East,Home Office,Office Supplies,Paper,Standard Class,September,Friday,3.6858749450936377,0,9,5,1.0,1
36.27,3,0.0,10.881,30.0,6,South,Consumer,Office Supplies,Appliances,Standard Class,December,Sunday,3.618188713491167,0,12,7,0.867109634551495,1
493.43,5,0.3,-70.49,-14.285714285714285,3,Central,Consumer,Furniture,Bookcases,First Class,September,Saturday,6.203405583914198,1,9,6,0.5263157894736842,0
11.12,2,0.2,3.475,31.250000000000007,3,Central,Consumer,Technology,Phones,First Class,September,Saturday,2.4948569806411682,0,9,6,0.8521008403361344,1
686.4,2,0.2,77.22,11.25,4,West,Consumer,Technology,Machines,Standard Class,November,Friday,6.532916364415733,0,11,5,0.5975609756097561,1
101.99,2,0.7,-71.3958,-70.00274536719286,0,East,Consumer,Technology,Machines,Same Day,October,Friday,4.63463189613771,1,10,5,0.5975609756097561,0
18.26,2,0.7,-13.3936,-73.34939759036143,0,East,Consumer,Office Supplies,Binders,Same Day,October,Friday,2.9580304063699794,1,10,5,0.6011730205278593,0
185.38,2,0.2,-34.758,-18.74959542561226,6,Central,Consumer,Office Supplies,Supplies,Standard Class,August,Saturday,5.22778760035751,0,8,6,0.816793893129771,0
58.92,1,0.8,-153.2024,-260.0176510522743,6,Central,Consumer,Office Supplies,Appliances,Standard Class,August,Saturday,4.0930103392089645,1,8,6,0.867109634551495,0
192.72,11,0.0,92.5056,48.0,2,West,Corporate,Office Supplies,Paper,First Class,March,Monday,5.266413817535028,0,3,1,1.0,1
239.97,3,0.0,86.3892,36.0,2,West,Corporate,Technology,Accessories,First Class,March,Monday,5.484672444414411,0,3,1,0.872,1
50.12,7,0.2,-0.6265,-1.25,3,Central,Home Office,Technology,Accessories,Second Class,June,Thursday,3.9341758100692794,0,6,4,0.872,0
6.53,4,0.7,-4.5696,-69.97856049004595,5,East,Corporate,Office Supplies,Binders,Standard Class,August,Monday,2.018895041811802,1,8,1,0.6011730205278593,0
2.86,3,0.7,-2.2896,-80.05594405594407,5,East,Corporate,Office Supplies,Binders,Standard Class,August,Monday,1.3506671834767394,1,8,1,0.6011730205278593,0
20.86,8,0.7,-16.6848,-79.98465963566635,5,East,Corporate,Office Supplies,Binders,Standard Class,August,Monday,3.0846584827483925,1,8,1,0.6011730205278593,0
276.28,2,0.0,0.0,0.0,3,West,Corporate,Office Supplies,Storage,Second Class,July,Sunday,5.625027825967296,0,7,7,0.7795698924731183,0
449.97,3,0.0,220.4853,48.99999999999999,4,Central,Home Office,Technology,Phones,Second Class,October,Monday,6.111400818443195,0,10,1,0.8521008403361344,1
1927.59,7,0.0,751.7601,39.0,4,Central,Home Office,Office Supplies,Appliances,Second Class,October,Monday,7.564544444954472,0,10,1,0.867109634551495,1
121.78,2,0.0,30.445,25.0,2,South,Home Office,Furniture,Chairs,First Class,September,Friday,4.81039413599935,0,9,5,0.6042154566744731,1
2676.67,9,0.2,267.6672,10.000007471970768,5,West,Home Office,Furniture,Chairs,Standard Class,December,Tuesday,7.89270229236986,0,12,2,0.6042154566744731,1
489.23,2,0.3,41.934,8.57142857142857,7,Central,Consumer,Furniture,Tables,Standard Class,August,Tuesday,6.194874668731803,1,8,2,0.3627906976744186,1
312.03,3,0.0,43.6842,14.000000000000002,7,West,Consumer,Furniture,Furnishings,Standard Class,August,Monday,5.746299032592525,0,8,1,0.8065522620904836,1
17.94,3,0.0,3.0498,17.0,7,West,Consumer,Office Supplies,Storage,Standard Class,August,Monday,2.9412760877579323,0,8,1,0.7795698924731183,1
165.6,3,0.2,10.35,6.25,7,West,Consumer,Technology,Phones,Standard Class,August,Monday,5.115595729732743,0,8,1,0.8521008403361344,1
37.52,4,0.0,18.0096,47.99999999999999,7,West,Consumer,Office Supplies,Paper,Standard Class,August,Monday,3.651177586929925,0,8,1,1.0,1
494.97,3,0.0,148.491,30.0,2,South,Corporate,Technology,Phones,Second Class,August,Friday,6.206515441024736,0,8,5,0.8521008403361344,1
25.06,2,0.0,11.7782,47.0,2,South,Corporate,Office Supplies,Labels,Second Class,August,Friday,3.260401571696699,0,8,5,1.0,1
32.06,3,0.6,-12.8256,-40.00499064254522,4,Central,Consumer,Furniture,Furnishings,Standard Class,May,Tuesday,3.498324092392878,1,5,2,0.8065522620904836,0
18.5,4,0.2,6.7048,36.24216216216216,4,Central,Consumer,Office Supplies,Paper,Standard Class,May,Tuesday,2.970414465569701,0,5,2,1.0,1
191.08,3,0.3,-38.2158,-19.999895331798196,4,Central,Consumer,Furniture,Chairs,Standard Class,May,Tuesday,5.257911951912998,1,5,2,0.6042154566744731,0
10.37,2,0.2,3.6288,34.993249758919966,4,Central,Consumer,Office Supplies,Paper,Standard Class,May,Tuesday,2.4309783077624445,0,5,2,1.0,1
30.53,1,0.0,14.0438,46.0,0,East,Home Office,Office Supplies,Labels,Same Day,July,Friday,3.4509394735569696,0,7,5,1.0,1
30.84,3,0.0,6.168,20.0,0,East,Home Office,Technology,Accessories,Same Day,July,Friday,3.460723360976182,0,7,5,0.872,1
75.06,9,0.0,33.777,45.0,0,East,Home Office,Office Supplies,Paper,Same Day,July,Friday,4.331522502500114,0,7,5,1.0,1
66.98,7,0.2,6.6976,9.999402806808003,2,West,Corporate,Technology,Phones,First Class,December,Sunday,4.21921354426797,0,12,7,0.8521008403361344,1
182.72,8,0.0,84.0512,46.0,6,West,Corporate,Office Supplies,Paper,Standard Class,January,Monday,5.213412859457593,0,1,1,1.0,1
856.66,6,0.2,107.082,12.499941633787033,4,Central,Corporate,Office Supplies,Storage,Standard Class,May,Monday,6.75420775055583,0,5,1,0.7795698924731183,1
13.18,4,0.8,-20.4352,-155.04704097116843,4,Central,Corporate,Office Supplies,Binders,Standard Class,May,Monday,2.6518325211039815,1,5,1,0.6011730205278593,0
48.78,4,0.8,-131.7168,-270.0221402214022,4,Central,Corporate,Office Supplies,Appliances,Standard Class,May,Monday,3.907613296939446,1,5,1,0.867109634551495,0
76.64,2,0.2,26.824,35.0,4,Central,Corporate,Office Supplies,Paper,Standard Class,May,Monday,4.35208275830081,0,5,1,1.0,1
18.53,6,0.8,-27.792,-149.98381003777658,4,Central,Corporate,Office Supplies,Binders,Standard Class,May,Monday,2.9719517448885875,1,5,1,0.6011730205278593,0
177.68,2,0.0,46.1968,26.0,6,South,Corporate,Furniture,Furnishings,Standard Class,April,Wednesday,5.185596496483918,0,4,3,0.8065522620904836,1
159.98,2,0.0,57.5928,36.0,5,East,Corporate,Technology,Accessories,Standard Class,April,Monday,5.0812801336655875,0,4,1,0.872,1
52.68,3,0.2,19.755,37.5,4,South,Corporate,Technology,Phones,Standard Class,October,Tuesday,3.9830404926634264,0,10,2,0.8521008403361344,1
11.57,3,0.2,2.6028,22.49611063094209,4,South,Corporate,Furniture,Furnishings,Standard Class,October,Tuesday,2.531313022602156,0,10,2,0.8065522620904836,1
1439.97,4,0.2,143.9968,9.999986110821753,4,Central,Consumer,Technology,Phones,Standard Class,January,Saturday,7.273071776907026,0,1,6,0.8521008403361344,1
1.73,3,0.8,-2.6784,-154.8208092485549,4,Central,Consumer,Office Supplies,Binders,Standard Class,January,Saturday,1.0043016091968684,1,1,6,0.6011730205278593,0
626.1,3,0.5,-538.446,-86.0,4,Central,Consumer,Furniture,Tables,Standard Class,January,Saturday,6.441106017548975,1,1,6,0.3627906976744186,0
99.2,5,0.0,25.792,26.0,2,West,Corporate,Office Supplies,Art,Second Class,September,Sunday,4.607168188650764,0,9,7,1.0,1
609.98,4,0.3,-113.282,-18.57142857142857,4,Central,Consumer,Furniture,Tables,Standard Class,April,Monday,6.415064225411629,1,4,1,0.3627906976744186,0
211.37,2,0.3,-45.294,-21.428774187443818,4,Central,Consumer,Furniture,Tables,Standard Class,April,Monday,5.358330036454207,1,4,1,0.3627906976744186,0
239.98,3,0.2,17.9982,7.499874989582465,4,Central,Consumer,Technology,Phones,Standard Class,April,Monday,5.48471394249513,0,4,1,0.8521008403361344,1
16.74,2,0.0,4.3524,26.000000000000007,5,Central,Corporate,Furniture,Furnishings,Standard Class,March,Monday,2.8758219768814333,0,3,1,0.8065522620904836,1
204.85,5,0.0,53.261,26.0,2,West,Consumer,Office Supplies,Art,Second Class,December,Thursday,5.327147748215913,0,12,4,1.0,1
135.98,2,0.2,16.998,12.500367701132523,2,West,Consumer,Technology,Phones,Second Class,December,Thursday,4.919834929769759,0,12,4,0.8521008403361344,1
16.4,5,0.0,7.052,43.0,2,West,Consumer,Office Supplies,Art,Second Class,December,Thursday,2.856470206220483,0,12,4,1.0,1
92.96,2,0.2,31.374,33.75,2,West,Consumer,Office Supplies,Binders,Second Class,December,Thursday,4.542869159790712,0,12,4,0.6011730205278593,1
7.63,3,0.2,-1.8126,-23.7562254259502,2,South,Consumer,Office Supplies,Supplies,Second Class,August,Friday,2.1552445050953364,0,8,5,0.816793893129771,0
4.16,7,0.7,-3.465,-83.29326923076923,2,West,Consumer,Office Supplies,Binders,First Class,November,Thursday,1.6409365794934714,1,11,4,0.6011730205278593,0
179.99,3,0.7,-251.9874,-140.00077782099004,2,West,Consumer,Technology,Machines,First Class,November,Thursday,5.19844178112078,1,11,4,0.5975609756097561,0
164.88,3,0.0,80.7912,49.00000000000001,1,West,Home Office,Office Supplies,Paper,First Class,December,Sunday,5.1112646353781805,0,12,7,1.0,1
10.95,3,0.0,3.285,30.000000000000004,2,West,Corporate,Office Supplies,Supplies,Second Class,November,Saturday,2.4807312783775197,0,11,6,0.816793893129771,1
13.97,1,0.0,3.6322,26.0,2,West,Consumer,Office Supplies,Appliances,First Class,December,Wednesday,2.706048198431537,0,12,3,0.867109634551495,1
155.46,4,0.2,-7.7728,-4.999871349543291,2,South,Consumer,Furniture,Bookcases,Second Class,August,Friday,5.052800386256934,0,8,5,0.5263157894736842,0
8.56,2,0.0,3.852,44.99999999999999,4,West,Corporate,Office Supplies,Paper,Standard Class,September,Saturday,2.25758772706331,0,9,6,1.0,1
273.96,2,0.0,71.2296,26.000000000000007,2,South,Consumer,Furniture,Furnishings,First Class,November,Saturday,5.616625632541578,0,11,6,0.8065522620904836,1
89.97,3,0.0,18.8937,21.0,2,South,Consumer,Technology,Accessories,First Class,November,Saturday,4.510529781833971,0,11,6,0.872,1
756.8,5,0.0,75.68,10.000000000000002,2,South,Consumer,Furniture,Furnishings,First Class,November,Saturday,6.630419498584501,0,11,6,0.8065522620904836,1
72.0,1,0.2,14.4,20.0,4,East,Home Office,Technology,Accessories,Standard Class,November,Thursday,4.290459441148391,0,11,4,0.872,1
470.16,7,0.3,-13.433,-2.8571124723498382,4,East,Home Office,Furniture,Chairs,Standard Class,November,Thursday,6.155197739090584,1,11,4,0.6042154566744731,0
39.13,1,0.2,-8.8038,-22.49884998722208,2,South,Consumer,Office Supplies,Storage,First Class,December,Tuesday,3.6921241842788253,0,12,2,0.7795698924731183,0
47.5,1,0.2,-1.1874,-2.4997894736842103,2,East,Consumer,Technology,Accessories,First Class,November,Wednesday,3.8815637979434374,0,11,3,0.872,0
5.76,2,0.0,2.8224,49.00000000000001,2,East,Corporate,Office Supplies,Binders,Second Class,November,Monday,1.9110228900548727,0,11,1,0.6011730205278593,1
1.72,1,0.8,-2.838,-165.0,5,Central,Consumer,Office Supplies,Binders,Second Class,October,Monday,1.000631880307906,1,10,1,0.6011730205278593,0
8.95,2,0.8,-14.7708,-165.0368715083799,4,Central,Consumer,Office Supplies,Binders,Second Class,February,Thursday,2.2975725511705014,1,2,4,0.6011730205278593,0
2.33,3,0.8,-6.3018,-270.4635193133047,6,Central,Consumer,Office Supplies,Appliances,Standard Class,March,Sunday,1.2029723039923526,1,3,7,0.867109634551495,0
1.73,4,0.8,-2.7648,-159.8150289017341,6,Central,Consumer,Office Supplies,Binders,Standard Class,March,Sunday,1.0043016091968684,1,3,7,0.6011730205278593,0
159.04,5,0.6,-194.824,-122.50000000000001,6,Central,Consumer,Furniture,Furnishings,Standard Class,March,Sunday,5.075423783989034,1,3,7,0.8065522620904836,0
145.98,2,0.5,-99.2664,-68.0,6,Central,Consumer,Furniture,Tables,Standard Class,March,Sunday,4.990296523100725,1,3,7,0.3627906976744186,0
77.95,3,0.2,12.6672,16.25041693393201,4,South,Consumer,Furniture,Furnishings,Standard Class,December,Thursday,4.3688147407016515,0,12,4,0.8065522620904836,1
95.97,5,0.7,-73.577,-76.66666666666666,4,South,Consumer,Office Supplies,Binders,Standard Class,December,Thursday,4.574401652316455,1,12,4,0.6011730205278593,0
105.58,2,0.2,9.2386,8.750331502178444,4,South,Consumer,Technology,Phones,Standard Class,December,Thursday,4.668895876868636,0,12,4,0.8521008403361344,1
9.34,2,0.2,1.168,12.505353319057816,4,South,Consumer,Office Supplies,Art,Standard Class,December,Thursday,2.336019869080283,0,12,4,1.0,1
9.68,2,0.0,3.7752,39.0,6,Central,Corporate,Furniture,Furnishings,Standard Class,December,Thursday,2.3683728335320486,0,12,4,0.8065522620904836,1
4899.93,7,0.0,2302.9671,46.99999999999999,6,Central,Corporate,Technology,Copiers,Standard Class,December,Thursday,8.497180262008118,0,12,4,1.0,1
91.36,5,0.2,29.692,32.5,2,South,Consumer,Office Supplies,Paper,First Class,August,Friday,4.525693984486295,0,8,5,1.0,1
152.24,5,0.2,17.127,11.249999999999998,2,South,Consumer,Office Supplies,Appliances,First Class,August,Friday,5.032005319832448,0,8,5,0.867109634551495,1
8.23,3,0.7,-6.0324,-73.29769137302551,0,West,Consumer,Office Supplies,Binders,Same Day,June,Sunday,2.222459048514761,1,6,7,0.6011730205278593,0
5.95,1,0.0,0.833,13.999999999999998,7,South,Corporate,Technology,Accessories,Standard Class,December,Tuesday,1.9387416595767009,0,12,2,0.872,1
15.24,3,0.0,7.1628,47.0,7,South,Corporate,Office Supplies,Paper,Standard Class,December,Tuesday,2.787477334733532,0,12,2,1.0,1
239.94,6,0.0,26.3934,11.0,1,West,Consumer,Technology,Accessories,Same Day,April,Sunday,5.4845479398387065,0,4,7,0.872,1
23.84,8,0.0,6.4368,27.0,1,West,Consumer,Office Supplies,Art,Same Day,April,Sunday,3.212455257065278,0,4,7,1.0,1
100.8,2,0.2,21.42,21.250000000000004,1,Central,Home Office,Technology,Accessories,First Class,December,Sunday,4.623010104116422,0,12,7,0.872,1
135.8,7,0.0,66.542,49.0,1,East,Corporate,Furniture,Furnishings,First Class,February,Sunday,4.918520005188451,0,2,7,0.8065522620904836,1
13.49,2,0.2,4.3836,32.49518161601186,6,West,Corporate,Office Supplies,Binders,Standard Class,December,Saturday,2.673458756332591,0,12,6,0.6011730205278593,1
11.42,1,0.2,3.8529,33.73817863397548,6,West,Corporate,Office Supplies,Binders,Standard Class,December,Saturday,2.519308076505333,0,12,6,0.6011730205278593,1
17.64,3,0.0,8.6436,48.99999999999999,2,West,Consumer,Office Supplies,Paper,Second Class,March,Saturday,2.925309809257445,0,3,6,1.0,1
17.04,3,0.2,5.538,32.5,2,West,Consumer,Office Supplies,Binders,Second Class,March,Saturday,2.8925915146344776,0,3,6,0.6011730205278593,1
99.98,2,0.0,7.9984,8.0,2,South,Consumer,Technology,Accessories,Second Class,December,Tuesday,4.6149224774307696,0,12,2,0.872,1
29.46,6,0.0,9.7218,33.0,2,South,Consumer,Furniture,Furnishings,Second Class,December,Tuesday,3.4164143474670157,0,12,2,0.8065522620904836,1
166.92,13,0.7,-116.844,-70.0,5,East,Corporate,Office Supplies,Binders,Standard Class,November,Sunday,5.1234876755123775,1,11,7,0.6011730205278593,0
98.33,3,0.2,9.8328,9.999796603274689,1,West,Home Office,Furniture,Furnishings,First Class,August,Monday,4.598447640227264,0,8,1,0.8065522620904836,1
117.88,1,0.1,1.3098,1.1111299626739057,3,East,Consumer,Furniture,Chairs,First Class,June,Monday,4.778114580969449,0,6,1,0.6042154566744731,1
20.97,3,0.0,9.0171,43.0,6,East,Corporate,Technology,Accessories,Standard Class,June,Sunday,3.089677886396519,0,6,7,0.872,1
139.96,4,0.0,9.7972,6.999999999999999,6,East,Corporate,Technology,Accessories,Standard Class,June,Sunday,4.94847616218787,0,6,7,0.872,1
37.74,3,0.0,12.8316,34.0,6,East,Corporate,Furniture,Furnishings,Standard Class,June,Sunday,3.65687265797885,0,6,7,0.8065522620904836,1
14.82,3,0.0,6.2244,42.0,5,East,Consumer,Furniture,Furnishings,Standard Class,September,Saturday,2.761274962339508,0,9,6,0.8065522620904836,1
191.82,3,0.0,61.3824,32.0,5,East,Consumer,Furniture,Furnishings,Standard Class,September,Saturday,5.261757111236235,0,9,6,0.8065522620904836,1
13.9,2,0.2,4.5188,32.509352517985604,5,East,Consumer,Office Supplies,Binders,Standard Class,July,Friday,2.7013612129514133,0,7,5,0.6011730205278593,1
1793.98,2,0.0,843.1706,47.0,5,South,Consumer,Office Supplies,Binders,Standard Class,September,Tuesday,7.4927491587990245,0,9,2,0.6011730205278593,1
2.99,4,0.8,-4.488,-150.10033444816054,4,Central,Consumer,Office Supplies,Binders,Standard Class,October,Thursday,1.3837912309017721,1,10,4,0.6011730205278593,0
108.77,4,0.2,2.7192,2.4999540314424933,4,Central,Consumer,Technology,Accessories,Standard Class,October,Thursday,4.698387267699225,0,10,4,0.872,1
25.92,4,0.0,12.4416,47.99999999999999,3,East,Consumer,Office Supplies,Paper,First Class,April,Tuesday,3.2928695047765273,0,4,2,1.0,1
22.58,2,0.0,5.8708,26.0,3,East,Consumer,Office Supplies,Storage,First Class,April,Tuesday,3.160398895109225,0,4,2,0.7795698924731183,1
9892.74,13,0.0,4946.37,50.0,4,Central,Consumer,Office Supplies,Binders,Standard Class,December,Saturday,9.199657512889708,0,12,6,0.6011730205278593,1
73.92,1,0.5,-45.8273,-61.995806277056275,5,West,Corporate,Furniture,Tables,Standard Class,September,Friday,4.316420877575887,1,9,5,0.3627906976744186,0
337.09,4,0.2,16.8544,4.999970334332078,5,South,Consumer,Furniture,Furnishings,Standard Class,September,Sunday,5.82331213222822,0,9,7,0.8065522620904836,1
61.44,3,0.0,16.5888,27.0,4,West,Corporate,Office Supplies,Appliances,Second Class,September,Tuesday,4.134206095647231,0,9,2,0.867109634551495,1
479.97,3,0.0,163.1898,34.0,6,West,Corporate,Technology,Accessories,Standard Class,November,Monday,6.175804898098298,0,11,1,0.872,1
66.03,3,0.0,17.1678,26.0,4,East,Home Office,Office Supplies,Art,Standard Class,September,Sunday,4.205140280369866,0,9,7,1.0,1
10.86,2,0.0,5.3214,49.0,4,West,Corporate,Office Supplies,Paper,Standard Class,May,Monday,2.4731713935695794,0,5,1,1.0,1
3.36,2,0.0,0.84,25.0,5,West,Corporate,Office Supplies,Art,Second Class,March,Wednesday,1.4724720573609429,0,3,3,1.0,1
27.94,4,0.2,9.4284,33.74516821760916,5,West,Corporate,Office Supplies,Binders,Second Class,March,Wednesday,3.365224721203338,0,3,3,0.6011730205278593,1
28.78,2,0.2,2.8784,10.001389854065323,5,West,Corporate,Technology,Phones,Second Class,March,Wednesday,3.393837027255863,0,3,3,0.8521008403361344,1
21.98,2,0.0,8.5722,39.0,5,West,Consumer,Technology,Accessories,Second Class,September,Saturday,3.1346242724206097,0,9,6,0.872,1
2621.32,11,0.1,553.3902,21.11112721834801,2,East,Home Office,Furniture,Chairs,First Class,November,Monday,7.8718147011178905,0,11,1,0.6042154566744731,1
74.76,7,0.0,23.9232,32.0,4,West,Consumer,Furniture,Furnishings,Standard Class,October,Tuesday,4.327570448877823,0,10,2,0.8065522620904836,1
364.78,3,0.2,27.3582,7.499917758649049,4,West,Consumer,Furniture,Tables,Standard Class,October,Tuesday,5.902032059776429,0,10,2,0.3627906976744186,1
1115.17,7,0.0,334.551,30.0,4,West,Corporate,Furniture,Tables,Standard Class,June,Tuesday,7.017658461089362,0,6,2,0.3627906976744186,1
89.7,4,0.2,33.636,37.49832775919732,1,West,Corporate,Office Supplies,Binders,First Class,November,Friday,4.507557357121091,0,11,5,0.6011730205278593,1
50.12,4,0.0,23.5564,47.0,1,West,Corporate,Office Supplies,Labels,First Class,November,Friday,3.9341758100692794,0,11,5,1.0,1
36.48,6,0.0,18.24,50.0,7,East,Corporate,Office Supplies,Fasteners,Standard Class,February,Sunday,3.6238074573702215,0,2,7,0.9019607843137255,1
322.19,13,0.2,100.685,31.250193984915736,6,Central,Consumer,Office Supplies,Paper,Standard Class,October,Tuesday,5.778240385574211,0,10,2,1.0,1
2.95,3,0.8,-4.8609,-164.77627118644068,6,Central,Consumer,Office Supplies,Binders,Standard Class,October,Tuesday,1.3737155789130306,1,10,2,0.6011730205278593,0
19.14,4,0.2,6.9368,36.24242424242424,6,Central,Consumer,Office Supplies,Paper,Standard Class,October,Tuesday,3.0027078872904163,0,10,2,1.0,1
90.48,2,0.0,23.5248,25.999999999999996,6,East,Consumer,Technology,Phones,Standard Class,February,Thursday,4.516120369154581,0,2,4,0.8521008403361344,1
215.98,3,0.2,-2.6997,-1.2499768497083064,3,West,Consumer,Furniture,Chairs,Second Class,September,Friday,5.379805183394304,0,9,5,0.6042154566744731,0
65.94,3,0.0,30.9918,47.0,3,West,Consumer,Office Supplies,Envelopes,Second Class,September,Friday,4.203796695783181,0,9,5,1.0,1
24.56,2,0.0,6.8768,28.000000000000004,4,Central,Home Office,Office Supplies,Storage,Standard Class,June,Friday,3.241028629509334,0,6,5,0.7795698924731183,1
16.56,2,0.0,7.7832,47.0,4,Central,Consumer,Office Supplies,Envelopes,Standard Class,September,Sunday,2.8656235882069705,0,9,7,1.0,1
279.95,5,0.0,67.188,24.000000000000004,4,Central,Consumer,Technology,Accessories,Standard Class,September,Sunday,5.638176717558207,0,9,7,0.872,1
828.84,6,0.0,0.0,0.0,5,South,Corporate,Office Supplies,Storage,Standard Class,April,Monday,6.721232911123573,0,4,1,0.7795698924731183,0
7.22,3,0.7,-5.5338,-76.64542936288089,3,East,Consumer,Office Supplies,Binders,First Class,November,Thursday,2.1065702090680882,1,11,4,0.6011730205278593,0
27.2,4,0.2,2.04,7.5,3,East,Consumer,Office Supplies,Supplies,First Class,November,Thursday,3.339321977944068,0,11,4,0.816793893129771,1
89.97,3,0.0,18.8937,21.0,4,Central,Corporate,Technology,Accessories,Standard Class,November,Monday,4.510529781833971,0,11,1,0.872,1
318.08,4,0.0,34.9888,11.0,7,South,Consumer,Furniture,Furnishings,Standard Class,February,Tuesday,5.765441855042929,0,2,2,0.8065522620904836,1
5.8,1,0.0,2.61,45.0,7,South,Consumer,Office Supplies,Binders,Standard Class,February,Tuesday,1.916922612182061,0,2,2,0.6011730205278593,1
146.73,3,0.0,2.9346,2.0,2,South,Corporate,Office Supplies,Storage,First Class,February,Friday,4.9953862833335165,0,2,5,0.7795698924731183,1
29.9,5,0.0,13.455,45.0,2,South,Corporate,Office Supplies,Paper,First Class,February,Friday,3.4307561839036995,0,2,5,1.0,1
276.78,2,0.2,89.9548,32.50046968711613,2,West,Consumer,Office Supplies,Binders,Second Class,September,Saturday,5.626829433488073,0,9,6,0.6011730205278593,1
93.03,2,0.8,-251.1864,-270.005804579168,4,Central,Corporate,Office Supplies,Appliances,Standard Class,September,Monday,4.543613880288985,1,9,1,0.867109634551495,0
454.97,5,0.3,-136.4895,-29.999670307932387,4,Central,Corporate,Furniture,Chairs,Standard Class,September,Monday,6.12242701787648,1,9,1,0.6042154566744731,0
246.17,3,0.2,21.5397,8.749928910915221,5,South,Corporate,Technology,Phones,Standard Class,December,Tuesday,5.510076358995608,0,12,2,0.8521008403361344,1
295.4,5,0.2,-62.7725,-21.250000000000004,3,East,Consumer,Office Supplies,Storage,Second Class,September,Saturday,5.6917098934219315,0,9,6,0.7795698924731183,0
15.55,3,0.2,5.4432,35.004501607717046,5,East,Corporate,Office Supplies,Paper,Second Class,June,Sunday,2.806386101823072,0,6,7,1.0,1
482.94,6,0.5,-376.6932,-78.0,5,East,Corporate,Furniture,Bookcases,Second Class,June,Sunday,6.181960932089947,1,6,7,0.5263157894736842,0
299.98,2,0.0,83.9944,27.999999999999996,4,Central,Consumer,Technology,Phones,Standard Class,June,Monday,5.7070438173585725,0,6,1,0.8521008403361344,1
403.68,6,0.0,181.656,45.0,4,Central,Consumer,Office Supplies,Binders,Standard Class,June,Monday,6.00309663133769,0,6,1,0.6011730205278593,1
41.9,2,0.0,11.732,27.999999999999996,4,Central,Consumer,Technology,Phones,Standard Class,June,Monday,3.758871825933971,0,6,1,0.8521008403361344,1
28.91,7,0.0,13.2986,46.0,4,Central,Consumer,Office Supplies,Labels,Standard Class,June,Monday,3.398192872641857,0,6,1,1.0,1
32.4,5,0.0,15.552,48.0,5,Central,Consumer,Office Supplies,Paper,Standard Class,April,Saturday,3.5085558999826545,0,4,6,1.0,1
23.64,3,0.2,5.319,22.5,5,Central,Consumer,Office Supplies,Art,Standard Class,November,Saturday,3.204371138665319,0,11,6,1.0,1
84.78,2,0.2,-16.9568,-20.000943618778013,5,Central,Consumer,Office Supplies,Storage,Standard Class,November,Saturday,4.451785879088734,0,11,6,0.7795698924731183,0
64.96,5,0.6,-84.448,-130.0,5,Central,Consumer,Furniture,Furnishings,Standard Class,November,Saturday,4.189048497691398,1,11,6,0.8065522620904836,0
32.06,10,0.8,-51.296,-160.0,5,Central,Consumer,Office Supplies,Binders,Standard Class,November,Saturday,3.498324092392878,1,11,6,0.6011730205278593,0
177.65,2,0.2,-28.8678,-16.249817056009004,5,Central,Consumer,Office Supplies,Storage,Standard Class,November,Saturday,5.185428584469419,0,11,6,0.7795698924731183,0
287.91,3,0.4,33.5895,11.666666666666666,5,Central,Consumer,Technology,Machines,Standard Class,November,Saturday,5.666115220926443,1,11,6,0.5975609756097561,1
22.37,2,0.2,1.6776,7.499329459097003,3,Central,Corporate,Office Supplies,Supplies,First Class,May,Monday,3.1514531485507664,0,5,1,0.816793893129771,1
32.37,7,0.2,11.7334,36.24776027185666,3,Central,Corporate,Office Supplies,Paper,First Class,May,Monday,3.5076572927632825,0,5,1,1.0,1
207.98,2,0.2,36.3972,17.500336570824118,3,Central,Corporate,Technology,Accessories,First Class,May,Monday,5.342238553605965,0,5,1,0.872,1
36.4,5,0.0,17.472,48.00000000000001,2,South,Home Office,Office Supplies,Envelopes,First Class,October,Monday,3.6216707044204863,0,10,1,1.0,1
22.96,2,0.0,4.3624,19.0,2,South,Home Office,Technology,Accessories,First Class,October,Monday,3.1763857732472487,0,10,1,0.872,1
315.2,4,0.0,6.304,2.0,2,South,Home Office,Office Supplies,Storage,First Class,October,Monday,5.756374924775372,0,10,1,0.7795698924731183,1
15.18,3,0.0,7.1346,47.0,2,South,Home Office,Office Supplies,Binders,First Class,October,Monday,2.7837759116303458,0,10,1,0.6011730205278593,1
623.96,5,0.2,38.9975,6.25,3,West,Corporate,Technology,Phones,Second Class,February,Sunday,6.437687647688314,0,2,7,0.8521008403361344,1
22.05,7,0.0,10.584,48.0,6,West,Home Office,Office Supplies,Labels,Standard Class,June,Monday,3.1376657694426577,0,6,1,1.0,1
99.9,5,0.0,46.953,47.0,6,West,Home Office,Office Supplies,Paper,Standard Class,June,Monday,4.6141299273595635,0,6,1,1.0,1
78.76,9,0.7,-57.7566,-73.33240223463686,2,East,Consumer,Office Supplies,Binders,Second Class,November,Saturday,4.379022125653583,1,11,6,0.6011730205278593,0
9.55,3,0.6,-3.8208,-40.008376963350784,2,Central,Home Office,Furniture,Furnishings,Second Class,August,Thursday,2.3561258599220753,1,8,4,0.8065522620904836,0
5.34,4,0.6,-2.1376,-40.02996254681648,2,Central,Home Office,Furniture,Furnishings,Second Class,August,Thursday,1.8468787684491346,1,8,4,0.8065522620904836,0
8.28,2,0.0,3.4776,42.0,5,West,Home Office,Office Supplies,Art,Standard Class,November,Saturday,2.2278615467981093,0,11,6,1.0,1
301.47,3,0.5,-241.176,-80.0,2,East,Consumer,Furniture,Bookcases,Second Class,March,Thursday,5.711982098999155,1,3,4,0.5263157894736842,0
18.66,2,0.2,1.6324,8.7481243301179,2,East,Consumer,Office Supplies,Art,Second Class,March,Thursday,2.9785861147190205,0,3,4,1.0,1
555.96,5,0.2,41.697,7.5,4,West,Home Office,Technology,Phones,Standard Class,August,Monday,6.322493424063129,0,8,1,0.8521008403361344,1
129.55,3,0.2,-22.6716,-17.50027016595909,5,South,Corporate,Office Supplies,Storage,Standard Class,April,Tuesday,4.871756295145138,0,4,2,0.7795698924731183,0
51.98,1,0.2,-5.1984,-10.000769526741056,5,South,Corporate,Office Supplies,Storage,Standard Class,April,Tuesday,3.9699144838439238,0,4,2,0.7795698924731183,0
10.27,3,0.2,3.4668,33.75657254138267,5,South,Corporate,Office Supplies,Paper,Standard Class,April,Tuesday,2.422144328051685,0,4,2,1.0,1
18.34,2,0.7,-12.224,-66.65212649945474,7,South,Consumer,Office Supplies,Binders,Standard Class,February,Sunday,2.9621754900251482,1,2,7,0.6011730205278593,0
180.96,5,0.2,13.572,7.5,7,South,Consumer,Technology,Phones,Standard Class,February,Sunday,5.203786882701803,0,2,7,0.8521008403361344,1
475.94,7,0.2,95.1888,20.000168088414505,6,Central,Consumer,Technology,Accessories,Standard Class,September,Tuesday,6.167390696813076,0,9,2,0.872,1
43.6,4,0.0,12.208,27.999999999999996,2,East,Corporate,Technology,Phones,First Class,September,Monday,3.7977338590260183,0,9,1,0.8521008403361344,1
2.81,3,0.8,-4.4928,-159.8861209964413,4,Central,Consumer,Office Supplies,Binders,Standard Class,September,Sunday,1.3376291891386096,1,9,7,0.6011730205278593,0
99.98,2,0.0,42.9914,43.0,4,East,Corporate,Technology,Accessories,Standard Class,January,Saturday,4.6149224774307696,0,1,6,0.872,1
8.04,6,0.0,2.7336,34.0,4,East,Corporate,Office Supplies,Art,Standard Class,January,Saturday,2.201659174404085,0,1,6,1.0,1
1564.29,13,0.0,406.7154,26.0,4,East,Corporate,Office Supplies,Storage,Standard Class,January,Saturday,7.355826389322055,0,1,6,0.7795698924731183,1
138.56,4,0.0,66.5088,47.99999999999999,5,Central,Corporate,Office Supplies,Binders,Standard Class,June,Sunday,4.9384946163185734,0,6,7,0.6011730205278593,1
65.52,5,0.1,12.376,18.88888888888889,5,Central,Corporate,Office Supplies,Appliances,Standard Class,June,Sunday,4.197502654324727,0,6,7,0.867109634551495,1
14.58,2,0.2,2.3686,16.245541838134432,5,West,Consumer,Office Supplies,Art,Second Class,September,Thursday,2.7459880404426023,0,9,4,1.0,1
23.2,2,0.2,1.45,6.25,5,West,Consumer,Technology,Accessories,Second Class,September,Thursday,3.186352633162641,0,9,4,0.872,1
16.46,7,0.2,1.8522,11.25273390036452,5,West,Consumer,Office Supplies,Art,Second Class,September,Thursday,2.859912550411456,0,9,4,1.0,1
19.31,2,0.2,3.1382,16.251683065769033,2,East,Consumer,Furniture,Furnishings,Second Class,August,Monday,3.011113375592293,0,8,1,0.8065522620904836,1
40.08,6,0.0,19.2384,48.0,5,West,Consumer,Office Supplies,Paper,Standard Class,January,Thursday,3.7155213850603572,0,1,4,1.0,1
101.96,2,0.0,27.5292,27.0,4,East,Corporate,Office Supplies,Appliances,Standard Class,August,Monday,4.634340563287871,0,8,1,0.867109634551495,1
259.74,13,0.0,124.6752,48.0,4,East,Corporate,Office Supplies,Paper,Standard Class,August,Monday,5.563523742234633,0,8,1,1.0,1
255.42,9,0.0,104.7222,41.0,4,East,Corporate,Technology,Accessories,Standard Class,August,Monday,5.546816725124555,0,8,1,0.872,1
4.34,3,0.7,-3.0366,-69.96774193548387,5,South,Home Office,Office Supplies,Binders,Standard Class,August,Tuesday,1.6752256529721035,1,8,2,0.6011730205278593,0
11.88,5,0.7,-7.92,-66.66666666666666,5,South,Home Office,Office Supplies,Binders,Standard Class,August,Tuesday,2.5556757206762075,1,8,2,0.6011730205278593,0
405.86,7,0.0,32.4688,8.0,4,Central,Consumer,Furniture,Bookcases,Standard Class,December,Thursday,6.008469145923806,0,12,4,0.5263157894736842,1
680.01,3,0.0,176.8026,26.0,4,Central,Consumer,Furniture,Chairs,Standard Class,December,Thursday,6.523576990329511,0,12,4,0.6042154566744731,1
2.38,3,0.2,0.7425,31.197478991596643,4,Central,Consumer,Technology,Accessories,Standard Class,June,Monday,1.2178757094949273,0,6,1,0.872,1
143.13,2,0.8,-393.602,-274.9961573394816,4,Central,Consumer,Office Supplies,Appliances,Standard Class,June,Monday,4.970715670095012,1,6,1,0.867109634551495,0
4476.8,4,0.2,503.64,11.249999999999998,2,West,Consumer,Technology,Machines,Second Class,June,Friday,8.406887133365396,0,6,5,0.5975609756097561,1
104.85,1,0.0,50.328,48.00000000000001,2,West,Consumer,Office Supplies,Paper,Second Class,June,Friday,4.662022997580874,0,6,5,1.0,1
241.44,3,0.0,72.432,30.0,2,West,Consumer,Office Supplies,Appliances,Second Class,June,Friday,5.4907542570830845,0,6,5,0.867109634551495,1
319.76,14,0.0,147.0896,46.0,4,South,Home Office,Office Supplies,Paper,Standard Class,March,Tuesday,5.770693179938828,0,3,2,1.0,1
45.68,2,0.0,21.0128,46.0,4,South,Home Office,Office Supplies,Paper,Standard Class,March,Tuesday,3.8433158074183553,0,3,2,1.0,1
31.96,2,0.0,1.598,5.0,0,West,Home Office,Furniture,Furnishings,Same Day,December,Thursday,3.495294705041271,0,12,4,0.8065522620904836,1
47.9,1,0.0,22.992,48.00000000000001,0,West,Home Office,Office Supplies,Paper,Same Day,December,Thursday,3.8897773964808264,0,12,4,1.0,1
1112.94,3,0.0,222.588,20.0,0,West,Home Office,Office Supplies,Storage,Same Day,December,Thursday,7.015658559072636,0,12,4,0.7795698924731183,1
22.92,3,0.0,11.2308,49.0,0,West,Home Office,Office Supplies,Envelopes,Same Day,December,Thursday,3.1747149290824312,0,12,4,1.0,1
31.09,3,0.7,-20.724,-66.65808941781923,5,South,Corporate,Office Supplies,Binders,Standard Class,March,Saturday,3.4685444551217657,1,3,6,0.6011730205278593,0
13.98,2,0.0,3.9144,27.999999999999996,4,East,Consumer,Technology,Phones,Standard Class,November,Monday,2.7067159780890733,0,11,1,0.8521008403361344,1
23.65,1,0.0,6.149,26.0,4,East,Consumer,Office Supplies,Art,Standard Class,November,Monday,3.204776900488699,0,11,1,1.0,1
3.49,2,0.2,-0.6976,-19.988538681948423,4,East,Home Office,Office Supplies,Supplies,Standard Class,August,Friday,1.501852701754163,0,8,5,0.816793893129771,0
21.73,4,0.2,3.8024,17.498389323515877,4,East,Home Office,Technology,Accessories,Standard Class,August,Friday,3.123685637864452,0,8,5,0.872,1
663.07,6,0.2,-165.768,-25.00007540681979,4,East,Home Office,Office Supplies,Storage,Standard Class,August,Friday,6.498387565606706,0,8,5,0.7795698924731183,0
99.59,2,0.7,-82.99,-83.33165980520133,4,East,Home Office,Office Supplies,Binders,Standard Class,August,Friday,4.611052849146247,1,8,5,0.6011730205278593,0
49.57,2,0.2,15.49,31.248739156748034,4,East,Home Office,Office Supplies,Paper,Standard Class,August,Friday,3.9233585150918917,0,8,5,1.0,1
29.37,7,0.8,-46.9952,-160.01089547156963,5,Central,Corporate,Office Supplies,Binders,Standard Class,November,Monday,3.4134552790576573,1,11,1,0.6011730205278593,0
344.7,2,0.2,38.7792,11.250130548302874,5,Central,Corporate,Technology,Phones,Standard Class,November,Monday,5.845571346927579,0,11,1,0.8521008403361344,1
47.99,7,0.2,3.5994,7.500312565117732,6,West,Consumer,Office Supplies,Supplies,Standard Class,November,Sunday,3.8916161956504833,0,11,7,0.816793893129771,1
102.24,4,0.2,-16.614,-16.25,6,West,Consumer,Technology,Accessories,Standard Class,November,Sunday,4.637056374850413,0,11,7,0.872,0
39.96,2,0.0,19.1808,48.00000000000001,5,West,Consumer,Office Supplies,Paper,Standard Class,May,Saturday,3.7125959807312525,0,5,6,1.0,1
1432.0,5,0.2,125.3,8.75,5,West,Consumer,Technology,Phones,Standard Class,May,Saturday,7.267525427828172,0,5,6,0.8521008403361344,1
41.04,6,0.0,11.0808,27.0,5,West,Consumer,Office Supplies,Supplies,Standard Class,May,Saturday,3.7386215460087504,0,5,6,0.816793893129771,1
256.78,1,0.2,32.098,12.500194719214894,5,West,Consumer,Furniture,Chairs,Standard Class,May,Saturday,5.552106507976633,0,5,6,0.6042154566744731,1
120.98,1,0.0,12.098,10.0,3,East,Consumer,Furniture,Bookcases,First Class,October,Monday,4.8038570968683105,0,10,1,0.5263157894736842,1
315.98,1,0.0,148.5106,47.0,3,East,Consumer,Office Supplies,Binders,First Class,October,Monday,5.7588386804042795,0,10,1,0.6011730205278593,1
28.75,3,0.2,10.0632,35.002434782608695,4,East,Corporate,Office Supplies,Binders,Standard Class,October,Sunday,3.392829131991639,0,10,7,0.6011730205278593,1
114.95,5,0.0,32.186,27.999999999999996,4,East,Corporate,Office Supplies,Art,Standard Class,October,Sunday,4.753159063701541,0,10,7,1.0,1
23.04,8,0.0,6.912,30.0,4,West,Corporate,Office Supplies,Art,Standard Class,December,Thursday,3.179719109667007,0,12,4,1.0,1
15.48,3,0.0,4.4892,29.000000000000004,0,East,Consumer,Office Supplies,Art,Same Day,April,Thursday,2.8021475244813256,0,4,4,1.0,1
51.84,8,0.0,24.8832,47.99999999999999,0,East,Consumer,Office Supplies,Paper,Same Day,April,Thursday,3.9672684796541247,0,4,4,1.0,1
19.44,3,0.0,9.3312,48.00000000000001,5,West,Consumer,Office Supplies,Paper,Standard Class,March,Saturday,3.017493765335504,0,3,6,1.0,1
39.88,2,0.0,11.1664,27.999999999999996,7,West,Corporate,Furniture,Furnishings,Standard Class,December,Monday,3.7106409458954492,0,12,1,0.8065522620904836,1
79.44,3,0.0,28.5984,36.00000000000001,7,West,Corporate,Furniture,Furnishings,Standard Class,December,Monday,4.387511564904451,0,12,1,0.8065522620904836,1
32.4,5,0.0,15.552,48.0,5,West,Corporate,Office Supplies,Paper,Standard Class,November,Monday,3.5085558999826545,0,11,1,1.0,1
44.69,7,0.2,3.3516,7.49966435444171,4,East,Consumer,Office Supplies,Storage,Standard Class,August,Sunday,3.8218794555751803,0,8,7,0.7795698924731183,1
301.47,3,0.5,-204.9996,-68.0,4,East,Consumer,Furniture,Bookcases,Standard Class,August,Sunday,5.711982098999155,1,8,7,0.5263157894736842,0
6.72,4,0.0,3.36,50.0,0,West,Home Office,Office Supplies,Art,Same Day,November,Monday,2.0438143640366846,0,11,1,1.0,1
946.76,6,0.7,-694.2936,-73.33364316194178,4,West,Consumer,Office Supplies,Binders,Standard Class,December,Saturday,6.854101305646504,1,12,6,0.6011730205278593,0
94.68,9,0.0,31.2444,32.99999999999999,4,West,Consumer,Furniture,Furnishings,Standard Class,September,Friday,4.561009290202322,0,9,5,0.8065522620904836,1
23.67,3,0.0,0.9468,3.9999999999999996,4,West,Consumer,Office Supplies,Storage,Standard Class,September,Friday,3.2055879305412653,0,9,5,0.7795698924731183,1
1091.17,4,0.2,68.198,6.249988544406461,4,West,Consumer,Technology,Phones,Standard Class,September,Friday,6.99592182184402,0,9,5,0.8521008403361344,1
18.69,7,0.0,5.2332,27.999999999999996,4,West,Consumer,Office Supplies,Art,Standard Class,September,Friday,2.9801108926510342,0,9,5,1.0,1
568.73,3,0.2,28.4364,4.999982416964112,4,West,Consumer,Furniture,Tables,Standard Class,September,Friday,6.345162564394263,0,9,5,0.3627906976744186,1
7.31,1,0.2,2.5592,35.00957592339262,4,West,Consumer,Office Supplies,Binders,Standard Class,September,Friday,2.1174596088673567,0,9,5,0.6011730205278593,1
14.3,6,0.2,4.6488,32.5090909090909,5,West,Home Office,Office Supplies,Binders,Standard Class,July,Wednesday,2.72785282839839,0,7,3,0.6011730205278593,1
119.83,1,0.15,7.049,5.882500208628891,5,West,Home Office,Furniture,Bookcases,Standard Class,July,Wednesday,4.794384599039216,0,7,3,0.5263157894736842,1
5.56,2,0.0,2.224,40.00000000000001,5,West,Home Office,Office Supplies,Art,Standard Class,July,Wednesday,1.8809906029559975,0,7,3,1.0,1
32.4,5,0.0,15.552,48.0,5,West,Home Office,Office Supplies,Paper,Standard Class,July,Wednesday,3.5085558999826545,0,7,3,1.0,1
3.64,1,0.2,1.365,37.5,4,East,Consumer,Office Supplies,Binders,Standard Class,November,Thursday,1.534714366238164,0,11,4,0.6011730205278593,1
881.93,7,0.0,220.4825,25.0,4,East,Consumer,Technology,Phones,Standard Class,November,Thursday,6.783245922263327,0,11,4,0.8521008403361344,1
115.84,8,0.0,54.4448,47.0,4,Central,Corporate,Office Supplies,Binders,Standard Class,December,Friday,4.76080547751954,0,12,5,0.6011730205278593,1
60.89,1,0.0,15.2225,25.0,4,Central,Consumer,Furniture,Chairs,Second Class,February,Tuesday,4.12535861575127,0,2,2,0.6042154566744731,1
14.94,3,0.0,6.8724,46.0,4,Central,Consumer,Office Supplies,Labels,Second Class,February,Tuesday,2.768831673362069,0,2,2,1.0,1
9.64,2,0.0,4.4344,46.0,4,Central,Consumer,Office Supplies,Binders,Second Class,February,Tuesday,2.3646204839134985,0,2,2,0.6011730205278593,1
332.94,3,0.0,53.2704,16.0,4,Central,Consumer,Furniture,Furnishings,Second Class,February,Tuesday,5.810961336120811,0,2,2,0.8065522620904836,1
51.9,3,0.0,24.393,47.0,4,Central,Consumer,Office Supplies,Binders,Second Class,February,Tuesday,3.9684033388642534,0,2,2,0.6011730205278593,1
64.96,2,0.0,2.5984,4.0,4,Central,Consumer,Office Supplies,Storage,Second Class,February,Tuesday,4.189048497691398,0,2,2,0.7795698924731183,1
389.97,3,0.0,35.0973,8.999999999999998,4,Central,Consumer,Furniture,Chairs,Standard Class,October,Friday,5.9686308306990385,0,10,5,0.6042154566744731,1
269.91,5,0.1,53.982,20.0,4,Central,Consumer,Office Supplies,Appliances,Standard Class,October,Friday,5.601786662400147,0,10,5,0.867109634551495,1
14.56,2,0.0,5.5328,38.0,1,West,Home Office,Furniture,Furnishings,First Class,February,Saturday,2.7447035187502458,0,2,6,0.8065522620904836,1
102.58,1,0.1,6.8388,6.6667966465197885,0,East,Consumer,Furniture,Chairs,Same Day,September,Friday,4.640344260995746,0,9,5,0.6042154566744731,1
20.04,3,0.0,9.6192,48.0,0,East,Consumer,Office Supplies,Paper,Same Day,September,Friday,3.046425387869509,0,9,5,1.0,1
10.02,3,0.0,4.4088,44.00000000000001,5,East,Corporate,Furniture,Furnishings,Standard Class,May,Thursday,2.3997118037247684,0,5,4,0.8065522620904836,1
631.96,4,0.0,303.3408,48.0,5,East,Corporate,Technology,Phones,Standard Class,May,Thursday,6.450407228994293,0,5,4,0.8521008403361344,1
255.85,7,0.0,112.574,44.0,0,West,Corporate,Office Supplies,Art,Same Day,October,Friday,5.548492256913277,0,10,5,1.0,1
184.7,6,0.2,13.8528,7.500162425554954,3,South,Corporate,Office Supplies,Storage,Second Class,May,Thursday,5.22413246835866,0,5,4,0.7795698924731183,1
47.92,2,0.2,11.98,25.0,3,South,Corporate,Technology,Accessories,Second Class,May,Thursday,3.890186310818972,0,5,4,0.872,1
163.88,2,0.0,40.97,25.0,4,West,Home Office,Furniture,Bookcases,Standard Class,September,Tuesday,5.1052179365822035,0,9,2,0.5263157894736842,1
72.22,4,0.2,25.2784,35.001938521185274,5,South,Consumer,Office Supplies,Paper,Standard Class,December,Friday,4.29346860769209,0,12,5,1.0,1
392.94,3,0.0,43.2234,11.0,5,Central,Corporate,Furniture,Chairs,Standard Class,November,Tuesday,5.976198613437549,0,11,2,0.6042154566744731,1
18.18,1,0.2,4.7712,26.244224422442247,3,South,Consumer,Furniture,Furnishings,First Class,November,Saturday,2.953868069455292,0,11,6,0.8065522620904836,1
48.91,1,0.0,22.9877,47.0,3,West,Home Office,Office Supplies,Paper,Second Class,April,Wednesday,3.9102213834815176,0,4,3,1.0,1
9.84,3,0.0,2.8536,29.000000000000004,2,East,Consumer,Office Supplies,Art,First Class,September,Tuesday,2.3832429960115,0,9,2,1.0,1
34.5,3,0.0,15.525,45.0,2,East,Consumer,Office Supplies,Binders,First Class,September,Tuesday,3.56953269648137,0,9,2,0.6011730205278593,1
41.42,2,0.2,8.2848,20.001931434089812,4,Central,Corporate,Technology,Accessories,Second Class,April,Saturday,3.7476199491365363,0,4,6,0.872,1
244.77,4,0.2,24.4768,9.999918290640194,4,Central,Corporate,Technology,Phones,Second Class,April,Saturday,5.504396139235654,0,4,6,0.8521008403361344,1
74.35,3,0.2,6.5058,8.7502353732347,4,Central,Corporate,Office Supplies,Art,Second Class,April,Saturday,4.3221439250725044,0,4,6,1.0,1
4.31,2,0.8,-6.8992,-160.07424593967522,4,Central,Corporate,Office Supplies,Binders,Second Class,April,Saturday,1.6695918352538475,1,4,6,0.6011730205278593,0
56.69,1,0.3,-20.245,-35.711765743517375,4,Central,Corporate,Furniture,Chairs,Second Class,April,Saturday,4.055083848268798,1,4,6,0.6042154566744731,0
97.97,2,0.2,6.123,6.249872409921404,4,Central,Corporate,Technology,Phones,Second Class,April,Saturday,4.5948167739086,0,4,6,0.8521008403361344,1
7.87,3,0.2,0.8856,11.252858958068614,4,Central,Corporate,Office Supplies,Art,Second Class,April,Saturday,2.1826747963214883,0,4,6,1.0,1
15.55,3,0.2,5.4432,35.004501607717046,4,Central,Corporate,Office Supplies,Paper,Second Class,April,Saturday,2.806386101823072,0,4,6,1.0,1
1.48,1,0.8,-2.2878,-154.58108108108107,4,Central,Corporate,Office Supplies,Binders,Second Class,April,Saturday,0.9082585601768908,1,4,6,0.6011730205278593,0
8.4,5,0.0,2.184,26.0,5,West,Home Office,Office Supplies,Art,Standard Class,September,Saturday,2.2407096892759584,0,9,6,1.0,1
6.56,2,0.0,1.9024,29.000000000000004,5,West,Consumer,Office Supplies,Art,Standard Class,March,Tuesday,2.0228711901914416,0,3,2,1.0,1
14.88,2,0.0,3.72,25.0,5,West,Consumer,Office Supplies,Art,Standard Class,March,Tuesday,2.7650604558189897,0,3,2,1.0,1
45.48,4,0.0,15.918,35.0,5,West,Consumer,Technology,Accessories,Standard Class,March,Tuesday,3.8390221125436557,0,3,2,0.872,1
25.44,6,0.0,9.9216,38.99999999999999,5,West,Consumer,Office Supplies,Art,Standard Class,March,Tuesday,3.2748780149834857,0,3,2,1.0,1
146.69,8,0.2,45.84,31.249573931420006,5,East,Corporate,Office Supplies,Binders,Standard Class,August,Friday,4.9951154824382185,0,8,5,0.6011730205278593,1
418.32,7,0.0,117.1296,27.999999999999996,0,Central,Corporate,Office Supplies,Storage,Same Day,November,Wednesday,6.0386343515843715,0,11,3,0.7795698924731183,1
123.86,2,0.1,46.7908,37.777167770062974,0,Central,Corporate,Office Supplies,Appliances,Same Day,November,Wednesday,4.8271931096335985,0,11,3,0.867109634551495,1
118.78,3,0.4,-27.7158,-23.33372621653477,4,East,Consumer,Technology,Phones,Standard Class,April,Tuesday,4.785656726836316,1,4,2,0.8521008403361344,0
769.18,4,0.2,-163.4516,-21.250110507293485,4,East,Consumer,Office Supplies,Supplies,Standard Class,April,Tuesday,6.646624253762427,0,4,2,0.816793893129771,0
11.38,3,0.6,-5.688,-49.98242530755711,4,Central,Consumer,Furniture,Furnishings,Standard Class,November,Friday,2.5160822672564502,1,11,5,0.8065522620904836,0
66.11,4,0.6,-84.2928,-127.50385720768416,4,Central,Consumer,Furniture,Furnishings,Standard Class,November,Friday,4.206333064170148,1,11,5,0.8065522620904836,0
45.28,4,0.0,15.3952,34.0,2,West,Consumer,Office Supplies,Appliances,First Class,November,Saturday,3.834709902325476,0,11,6,0.867109634551495,1
15.56,2,0.0,7.3132,47.0,6,East,Consumer,Office Supplies,Envelopes,Standard Class,November,Thursday,2.8069901489571136,0,11,4,1.0,1
859.2,3,0.2,75.18,8.75,4,West,Corporate,Technology,Phones,Standard Class,September,Thursday,6.757164920349636,0,9,4,0.8521008403361344,1
2.99,1,0.2,1.122,37.525083612040135,3,West,Corporate,Office Supplies,Binders,Second Class,October,Sunday,1.3837912309017721,0,10,7,0.6011730205278593,1
20.06,6,0.2,7.0224,35.00697906281157,3,West,Corporate,Office Supplies,Binders,Second Class,October,Sunday,3.0473755067058295,0,10,7,0.6011730205278593,1
146.73,3,0.0,68.9631,47.0,3,West,Corporate,Office Supplies,Paper,Second Class,October,Sunday,4.9953862833335165,0,10,7,1.0,1
18.75,5,0.0,9.0,48.0,3,West,Corporate,Office Supplies,Labels,Second Class,October,Sunday,2.9831534913471307,0,10,7,1.0,1
117.58,3,0.2,11.7576,9.999659806089472,3,West,Corporate,Technology,Phones,Second Class,October,Sunday,4.775587838279222,0,10,7,0.8521008403361344,1
51.18,7,0.2,19.194,37.50293083235639,5,West,Home Office,Office Supplies,Binders,Standard Class,March,Sunday,3.9546992797085823,0,3,7,0.6011730205278593,1
842.72,8,0.0,202.2528,24.0,6,West,Consumer,Furniture,Furnishings,Standard Class,December,Thursday,6.73782068599907,0,12,4,0.8065522620904836,1
41.96,2,0.0,10.9096,25.999999999999996,6,West,Consumer,Furniture,Furnishings,Standard Class,December,Thursday,3.7602694502006093,0,12,4,0.8065522620904836,1
13.22,4,0.2,4.4604,33.73978819969742,4,West,Corporate,Office Supplies,Binders,Standard Class,September,Friday,2.6546494243750947,0,9,5,0.6011730205278593,1
184.75,3,0.2,-20.7846,-11.250121786197564,4,West,Corporate,Furniture,Chairs,Standard Class,September,Friday,5.224401683597868,0,9,5,0.6042154566744731,0
19.44,3,0.0,9.3312,48.00000000000001,4,Central,Home Office,Office Supplies,Paper,Standard Class,December,Tuesday,3.017493765335504,0,12,2,1.0,1
3.64,2,0.0,1.0192,28.000000000000004,4,Central,Home Office,Office Supplies,Art,Standard Class,December,Tuesday,1.534714366238164,0,12,2,1.0,1
18.54,2,0.0,8.7138,47.00000000000001,4,Central,Home Office,Office Supplies,Paper,Standard Class,December,Tuesday,2.972463646614637,0,12,2,1.0,1
43.12,5,0.2,15.092,35.0,3,East,Corporate,Office Supplies,Binders,Second Class,January,Monday,3.786913194385302,0,1,1,0.6011730205278593,1
313.72,3,0.4,-99.3453,-31.666868545199538,3,East,Corporate,Furniture,Tables,Second Class,January,Monday,5.751683354640749,1,1,1,0.3627906976744186,0
45.98,1,0.0,7.8166,17.0,3,East,Corporate,Furniture,Furnishings,Second Class,January,Monday,3.849721979230767,0,1,1,0.8065522620904836,1
428.68,7,0.0,0.0,0.0,3,East,Corporate,Office Supplies,Storage,Second Class,January,Monday,6.0630407455972035,0,1,1,0.7795698924731183,0
11.56,2,0.0,5.6644,48.99999999999999,3,Central,Consumer,Office Supplies,Paper,First Class,August,Friday,2.5305171610400525,0,8,5,1.0,1
68.48,2,0.2,25.68,37.5,5,East,Consumer,Office Supplies,Binders,Standard Class,June,Sunday,4.241038941372905,0,6,7,0.6011730205278593,1
1676.88,6,0.0,83.844,5.0,5,East,Consumer,Office Supplies,Storage,Standard Class,June,Sunday,7.425286370763131,0,6,7,0.7795698924731183,1
37.94,2,0.0,18.2112,48.00000000000001,2,East,Corporate,Office Supplies,Paper,First Class,April,Thursday,3.6620219999440535,0,4,4,1.0,1
41.57,4,0.2,-4.1568,-9.999518883810438,2,East,Corporate,Furniture,Furnishings,First Class,May,Friday,3.751149779840061,0,5,5,0.8065522620904836,0
317.06,3,0.3,-86.0586,-27.142685926953884,2,East,Corporate,Furniture,Chairs,First Class,May,Friday,5.76224004422777,1,5,5,0.6042154566744731,0
8.04,5,0.2,2.9145,36.25000000000001,2,East,Corporate,Office Supplies,Fasteners,First Class,May,Friday,2.201659174404085,0,5,5,0.9019607843137255,1
61.38,6,0.0,15.9588,26.0,4,West,Corporate,Office Supplies,Supplies,Standard Class,June,Sunday,4.133244711179657,0,6,7,0.816793893129771,1
50.0,2,0.0,10.5,21.0,5,West,Consumer,Technology,Accessories,Second Class,December,Monday,3.9318256327243257,0,12,1,0.872,1
7.07,2,0.2,2.3868,33.75954738330976,5,Central,Consumer,Office Supplies,Envelopes,Standard Class,May,Tuesday,2.0881534822818573,0,5,2,1.0,1
45.53,3,0.2,15.9348,34.9984625521634,4,South,Consumer,Office Supplies,Paper,Second Class,December,Tuesday,3.8400972658565573,0,12,2,1.0,1
64.78,1,0.2,6.4784,10.000617474529175,4,South,Consumer,Furniture,Chairs,Second Class,December,Tuesday,4.186315840760911,0,12,2,0.6042154566744731,1
424.27,2,0.2,-10.6068,-2.5000117849482644,4,South,Consumer,Office Supplies,Storage,Second Class,December,Tuesday,6.0527242613281835,0,12,2,0.7795698924731183,0
1.34,1,0.2,0.504,37.61194029850746,4,South,Consumer,Office Supplies,Art,Second Class,December,Tuesday,0.8501509293696101,0,12,2,1.0,1
83.92,5,0.2,-1.049,-1.25,4,South,Consumer,Office Supplies,Storage,Second Class,December,Tuesday,4.441709636835055,0,12,2,0.7795698924731183,0
228.92,5,0.2,14.3075,6.25,5,Central,Home Office,Office Supplies,Storage,Standard Class,June,Friday,5.437731422330715,0,6,5,0.7795698924731183,1
582.34,8,0.2,-29.1168,-4.999965655802452,0,West,Corporate,Furniture,Chairs,Same Day,October,Sunday,6.368770206755573,0,10,7,0.6042154566744731,0
629.95,5,0.0,157.4875,25.0,3,East,Consumer,Technology,Phones,First Class,September,Saturday,6.4472266200989194,0,9,6,0.8521008403361344,1
631.78,2,0.1,140.396,22.222292570198483,3,East,Consumer,Furniture,Chairs,First Class,September,Saturday,6.450122810391399,0,9,6,0.6042154566744731,1
801.57,2,0.2,-10.0196,-1.2499968811208004,3,East,Consumer,Furniture,Bookcases,First Class,September,Saturday,6.687819078614411,0,9,6,0.5263157894736842,0
75.18,6,0.0,35.3346,47.0,3,East,Consumer,Office Supplies,Labels,First Class,September,Saturday,4.333098961050458,0,9,6,1.0,1
30.98,1,0.0,8.0548,26.0,3,East,Consumer,Office Supplies,Appliances,First Class,September,Saturday,3.4651107074058083,0,9,6,0.867109634551495,1
1349.91,9,0.0,661.4559,49.0,3,East,Consumer,Technology,Phones,First Class,September,Saturday,7.2085337184206635,0,9,6,0.8521008403361344,1
14.11,6,0.2,1.2348,8.7512402551382,4,Central,Consumer,Office Supplies,Art,Standard Class,November,Friday,2.715356776284648,0,11,5,1.0,1
31.12,4,0.0,14.6264,47.0,5,South,Consumer,Office Supplies,Envelopes,Standard Class,September,Wednesday,3.469478889078561,0,9,3,1.0,1
4.27,2,0.2,0.9612,22.510538641686185,4,West,Consumer,Furniture,Furnishings,Standard Class,June,Tuesday,1.6620303625532709,0,6,2,0.8065522620904836,1
209.15,2,0.4,-66.2302,-31.666363853693518,5,East,Consumer,Furniture,Tables,Second Class,August,Friday,5.347821561451125,1,8,5,0.3627906976744186,0
1591.02,6,0.0,286.3836,18.0,5,East,Consumer,Office Supplies,Storage,Second Class,August,Friday,7.372758929139487,0,8,5,0.7795698924731183,1
574.91,2,0.3,156.047,27.142857142857146,3,Central,Home Office,Technology,Machines,First Class,March,Friday,6.355951398487588,1,3,5,0.5975609756097561,1
8.45,2,0.2,2.64,31.24260355029586,3,Central,Home Office,Office Supplies,Paper,First Class,March,Friday,2.2460147415056513,0,3,5,1.0,1
104.7,1,0.2,6.5435,6.249761222540592,4,West,Corporate,Office Supplies,Storage,Second Class,March,Thursday,4.660604892876192,0,3,4,0.7795698924731183,1
2803.92,5,0.2,0.0,0.0,2,West,Consumer,Furniture,Chairs,First Class,January,Tuesday,7.939130297050971,0,1,2,0.6042154566744731,0
6.82,2,0.8,-11.5872,-169.90029325513194,1,Central,Corporate,Office Supplies,Binders,First Class,September,Monday,2.05668455455722,1,9,1,0.6011730205278593,0
249.58,2,0.2,15.599,6.250100168282715,4,West,Consumer,Technology,Phones,Standard Class,October,Sunday,5.523778230817407,0,10,7,0.8521008403361344,1
17.94,3,0.0,8.7906,48.99999999999999,4,West,Consumer,Office Supplies,Paper,Standard Class,October,Sunday,2.9412760877579323,0,10,7,1.0,1
10.11,3,0.0,3.2352,32.0,4,West,Consumer,Furniture,Furnishings,Standard Class,October,Sunday,2.4078456036515385,0,10,7,0.8065522620904836,1
10.37,2,0.2,3.6288,34.993249758919966,5,South,Home Office,Office Supplies,Paper,Standard Class,October,Monday,2.4309783077624445,0,10,1,1.0,1
11.95,3,0.2,4.0338,33.75564853556486,5,South,Home Office,Office Supplies,Paper,Standard Class,October,Monday,2.5610957881455465,0,10,1,1.0,1
604.75,6,0.2,60.4752,10.000033071517155,4,West,Corporate,Technology,Phones,Standard Class,July,Wednesday,6.406467359696635,0,7,3,0.8521008403361344,1
40.7,5,0.0,11.803,28.999999999999996,4,West,Corporate,Office Supplies,Supplies,Standard Class,July,Wednesday,3.730501128804756,0,7,3,0.816793893129771,1
302.38,3,0.2,37.797,12.499834645148487,4,West,Corporate,Technology,Phones,Standard Class,July,Wednesday,5.714986145163526,0,7,3,0.8521008403361344,1
45.0,3,0.0,4.95,11.0,4,West,Corporate,Technology,Accessories,Standard Class,July,Wednesday,3.828641396489095,0,7,3,0.872,1
3785.29,6,0.1,420.588,11.111116981790035,5,East,Consumer,Furniture,Chairs,Second Class,September,Friday,8.239141926828395,0,9,5,0.6042154566744731,1
35.4,5,0.0,13.452,38.0,5,West,Consumer,Office Supplies,Art,Standard Class,September,Thursday,3.594568774642695,0,9,4,1.0,1
199.9,5,0.0,39.98,20.0,4,East,Corporate,Furniture,Furnishings,Standard Class,November,Thursday,5.302807271820889,0,11,4,0.8065522620904836,1
1212.96,8,0.3,-69.312,-5.714285714285714,5,Central,Corporate,Furniture,Chairs,Standard Class,May,Sunday,7.101643022147456,1,5,7,0.6042154566744731,0
1099.96,5,0.2,82.497,7.5,4,Central,Corporate,Technology,Phones,Standard Class,August,Friday,7.00393780545417,0,8,5,0.8521008403361344,1
103.48,1,0.3,-16.2613,-15.714437572477772,4,Central,Corporate,Furniture,Tables,Standard Class,August,Friday,4.648995665528121,1,8,5,0.3627906976744186,0
5.9,2,0.2,1.9926,33.7728813559322,0,East,Home Office,Office Supplies,Labels,Same Day,June,Friday,1.9315214116032138,0,6,5,1.0,1
30.08,2,0.2,-5.264,-17.5,6,West,Consumer,Technology,Accessories,Standard Class,August,Monday,3.436564525499447,0,8,1,0.872,0
36.29,7,0.2,12.7008,34.99807109396528,6,West,Consumer,Office Supplies,Paper,Standard Class,August,Monday,3.6187251941907292,0,8,1,1.0,1
10.27,3,0.2,1.1556,11.252190847127556,6,West,Consumer,Office Supplies,Art,Standard Class,August,Monday,2.422144328051685,0,8,1,1.0,1
252.8,4,0.2,-31.6,-12.5,6,West,Consumer,Technology,Accessories,Standard Class,August,Monday,5.536546555280287,0,8,1,0.872,0
2.95,2,0.7,-2.0622,-69.90508474576271,0,East,Consumer,Office Supplies,Binders,Same Day,September,Friday,1.3737155789130306,1,9,5,0.6011730205278593,0
22.24,2,0.2,2.502,11.25,5,Central,Corporate,Office Supplies,Supplies,Standard Class,October,Sunday,3.1458749319837103,0,10,7,0.816793893129771,1
14.62,2,0.0,6.7252,46.0,4,East,Consumer,Office Supplies,Paper,Standard Class,May,Sunday,2.7485521444115397,0,5,7,1.0,1
48.36,5,0.2,6.045,12.5,2,East,Consumer,Office Supplies,Appliances,Second Class,December,Monday,3.8991403795971324,0,12,1,0.867109634551495,1
95.84,4,0.2,34.742,36.24999999999999,1,Central,Corporate,Technology,Phones,First Class,March,Sunday,4.573060132069858,0,3,7,0.8521008403361344,1
12.39,3,0.0,5.6994,46.0,5,Central,Consumer,Office Supplies,Labels,Standard Class,May,Friday,2.5945081597030812,0,5,5,1.0,1
35.88,6,0.0,16.146,45.0,6,Central,Consumer,Office Supplies,Paper,Standard Class,September,Thursday,3.607669398688393,0,9,4,1.0,1
12.32,4,0.0,5.9136,48.0,6,West,Home Office,Office Supplies,Labels,Standard Class,September,Saturday,2.589266665112243,0,9,6,1.0,1
8.61,2,0.2,3.0128,34.99186991869919,5,West,Consumer,Office Supplies,Binders,Standard Class,September,Monday,2.262804222982201,0,9,1,0.6011730205278593,1
186.15,3,0.0,55.845,30.0,7,West,Corporate,Office Supplies,Appliances,Standard Class,September,Monday,5.231910434350438,0,9,1,0.867109634551495,1
81.79,6,0.2,26.5824,32.5007947181807,7,West,Corporate,Office Supplies,Binders,Standard Class,September,Monday,4.416307281150715,0,9,1,0.6011730205278593,1
47.19,3,0.0,13.6851,29.000000000000004,7,West,Corporate,Office Supplies,Supplies,Standard Class,September,Monday,3.8751515306522415,0,9,1,0.816793893129771,1
36.78,2,0.2,-8.2764,-22.502446982055467,7,West,Corporate,Technology,Phones,Standard Class,September,Monday,3.6317798620733637,0,9,1,0.8521008403361344,0
91.48,1,0.5,-1.8295,-1.9998906864888497,3,South,Home Office,Technology,Machines,Second Class,June,Thursday,4.5269924049240675,1,6,4,0.5975609756097561,0
144.6,3,0.0,41.934,28.999999999999996,5,West,Consumer,Office Supplies,Art,Standard Class,October,Thursday,4.980863135762585,0,10,4,1.0,1
15.99,1,0.2,-2.9985,-18.75234521575985,5,West,Consumer,Technology,Phones,Standard Class,October,Thursday,2.8326249356838407,0,10,4,0.8521008403361344,0
34.44,3,0.0,17.22,50.0,5,East,Home Office,Office Supplies,Paper,Second Class,November,Monday,3.56784112573688,0,11,1,1.0,1
321.55,6,0.2,20.097,6.250038874203079,5,West,Home Office,Technology,Phones,Standard Class,October,Sunday,5.776258162978251,0,10,7,0.8521008403361344,1
19.46,4,0.2,3.4048,17.49640287769784,4,East,Consumer,Office Supplies,Art,First Class,February,Thursday,3.0184717605234805,0,2,4,1.0,1
17.28,6,0.0,7.9488,46.0,4,East,Consumer,Office Supplies,Labels,Standard Class,December,Sunday,2.905807566026004,0,12,7,1.0,1
31.96,2,0.0,1.598,5.0,4,West,Corporate,Furniture,Furnishings,Standard Class,November,Saturday,3.495294705041271,0,11,6,0.8065522620904836,1
5.9,2,0.2,1.9926,33.7728813559322,5,Central,Corporate,Office Supplies,Labels,Second Class,May,Sunday,1.9315214116032138,0,5,7,1.0,1
173.49,7,0.2,54.215,31.249639748688686,5,Central,Corporate,Office Supplies,Paper,Second Class,May,Sunday,5.161867433410139,0,5,7,1.0,1
51.56,2,0.6,-61.872,-120.0,5,Central,Corporate,Furniture,Furnishings,Second Class,May,Sunday,3.961955374176355,1,5,7,0.8065522620904836,0
3.56,3,0.8,-6.237,-175.19662921348316,5,Central,Corporate,Office Supplies,Binders,Second Class,May,Sunday,1.5173226235262949,1,5,7,0.6011730205278593,0
13.16,5,0.2,4.1125,31.25,7,Central,Consumer,Office Supplies,Fasteners,Standard Class,September,Sunday,2.6504210882655737,0,9,7,0.9019607843137255,1
3.83,3,0.8,-6.5076,-169.911227154047,7,Central,Consumer,Office Supplies,Binders,Standard Class,September,Sunday,1.5748464676644813,1,9,7,0.6011730205278593,0
304.99,5,0.8,-533.7325,-174.99999999999997,7,Central,Consumer,Office Supplies,Binders,Standard Class,September,Sunday,5.723552421679824,1,9,7,0.6011730205278593,0
319.98,2,0.2,91.9954,28.75035939746234,4,East,Home Office,Technology,Accessories,Second Class,June,Saturday,5.77137881589301,0,6,6,0.872,1
19.68,6,0.0,6.4944,33.0,6,West,Home Office,Office Supplies,Art,Standard Class,July,Tuesday,3.0291670496402285,0,7,2,1.0,1
781.86,10,0.32,-137.976,-17.647149105978052,2,Central,Corporate,Furniture,Bookcases,Second Class,December,Friday,6.662953880515125,1,12,5,0.5263157894736842,0
30.82,9,0.2,9.63,31.245944192083066,2,Central,Corporate,Office Supplies,Paper,Second Class,December,Friday,3.4600950229096408,0,12,5,1.0,1
572.8,2,0.2,50.12,8.75,3,West,Consumer,Technology,Phones,First Class,October,Thursday,6.352280903547264,0,10,4,0.8521008403361344,1
197.05,7,0.0,59.115,30.0,6,South,Corporate,Office Supplies,Art,Standard Class,August,Friday,5.288519524067926,0,8,5,1.0,1
1592.85,7,0.0,350.427,22.000000000000004,5,Central,Corporate,Furniture,Tables,Standard Class,January,Sunday,7.373907752036384,0,1,7,0.3627906976744186,1
11.88,2,0.0,5.346,44.99999999999999,5,Central,Corporate,Office Supplies,Binders,Standard Class,January,Sunday,2.5556757206762075,0,1,7,0.6011730205278593,1
120.0,6,0.0,46.8,38.99999999999999,4,West,Consumer,Technology,Accessories,Standard Class,May,Thursday,4.795790545596741,0,5,4,0.872,1
8.67,1,0.0,2.3409,27.0,4,West,Consumer,Office Supplies,Appliances,Standard Class,May,Thursday,2.269028309465203,0,5,4,0.867109634551495,1
26.94,3,0.0,11.3148,42.0,4,Central,Consumer,Furniture,Furnishings,Standard Class,May,Thursday,3.330059353828816,0,5,4,0.8065522620904836,1
32.04,3,0.0,8.01,25.0,4,West,Consumer,Furniture,Furnishings,Standard Class,November,Friday,3.497718948652777,0,11,5,0.8065522620904836,1
32.13,9,0.0,8.3538,25.999999999999996,7,East,Consumer,Office Supplies,Art,Standard Class,April,Friday,3.5004392163118045,0,4,5,1.0,1
2.88,1,0.0,0.8064,28.000000000000004,7,East,Consumer,Office Supplies,Art,Standard Class,April,Friday,1.355835153635182,0,4,5,1.0,1
1091.93,7,0.0,272.9825,25.0,4,East,Corporate,Technology,Phones,Standard Class,October,Friday,6.9966174422098115,0,10,5,0.8521008403361344,1
111.96,2,0.0,54.8604,49.0,4,East,Corporate,Office Supplies,Paper,Standard Class,October,Friday,4.727033773744932,0,10,5,1.0,1
26.7,2,0.0,7.476,28.000000000000004,2,Central,Consumer,Office Supplies,Art,Second Class,April,Saturday,3.3214324131932926,0,4,6,1.0,1
40.2,5,0.0,18.09,44.99999999999999,2,Central,Consumer,Office Supplies,Binders,Second Class,April,Saturday,3.7184382563554808,0,4,6,0.6011730205278593,1
13.89,3,0.0,4.5837,33.0,2,Central,Consumer,Office Supplies,Art,Second Class,April,Saturday,2.7006898466959175,0,4,6,1.0,1
689.82,6,0.0,20.6946,3.0,2,Central,Consumer,Office Supplies,Storage,Second Class,April,Saturday,6.5378792977932045,0,4,6,0.7795698924731183,1
38.34,9,0.0,15.7194,41.0,5,East,Consumer,Office Supplies,Art,Standard Class,August,Saturday,3.672241812960913,0,8,6,1.0,1
9.26,3,0.8,-13.896,-150.0647948164147,2,Central,Corporate,Office Supplies,Binders,First Class,December,Sunday,2.3282528397426234,1,12,7,0.6011730205278593,0
1649.75,5,0.0,544.4175,33.0,5,Central,Consumer,Technology,Accessories,Standard Class,October,Friday,7.408985009074681,0,10,5,0.872,1
91.06,6,0.2,31.8696,34.9984625521634,4,South,Home Office,Office Supplies,Paper,Standard Class,March,Friday,4.5224405383890955,0,3,5,1.0,1
54.21,14,0.2,8.8088,16.249400479616305,7,Central,Consumer,Office Supplies,Art,Standard Class,February,Monday,4.011144096295953,0,2,1,1.0,1
26.98,3,0.4,4.0473,15.001111934766492,2,East,Consumer,Technology,Phones,Second Class,August,Monday,3.331489969237335,1,8,1,0.8521008403361344,1
6.91,3,0.2,2.5056,36.26049204052098,2,East,Consumer,Office Supplies,Labels,Second Class,August,Monday,2.0681277817795625,0,8,1,1.0,1
435.5,3,0.2,48.9942,11.250103329506315,2,East,Consumer,Office Supplies,Storage,Second Class,August,Monday,6.0787883752796565,0,8,1,0.7795698924731183,1
93.02,2,0.0,3.7208,4.0,5,West,Corporate,Office Supplies,Storage,Standard Class,February,Thursday,4.5435075255959845,0,2,4,0.7795698924731183,1
323.98,3,0.2,36.4473,11.249861102537192,6,Central,Consumer,Technology,Phones,Standard Class,December,Friday,5.78376364197463,0,12,5,0.8521008403361344,1
15.55,3,0.2,5.4432,35.004501607717046,6,Central,Consumer,Office Supplies,Paper,Standard Class,December,Friday,2.806386101823072,0,12,5,1.0,1
32.59,3,0.2,-7.7406,-23.751457502301314,6,Central,Consumer,Office Supplies,Storage,Standard Class,December,Friday,3.5142284036242013,0,12,5,0.7795698924731183,0
427.64,14,0.1,80.7772,18.88906556917033,4,East,Consumer,Furniture,Chairs,Standard Class,October,Thursday,6.0606174057962985,0,10,4,0.6042154566744731,1
40.67,7,0.0,12.6077,31.0,4,East,Consumer,Office Supplies,Fasteners,Standard Class,October,Thursday,3.7297814454343623,0,10,4,0.9019607843137255,1
33.48,2,0.0,1.3392,4.0,4,East,Consumer,Office Supplies,Storage,Standard Class,October,Thursday,3.5403794457954922,0,10,4,0.7795698924731183,1
9.73,2,0.2,3.2832,33.74306269270298,4,East,Consumer,Office Supplies,Binders,Standard Class,October,Thursday,2.373043556642607,0,10,4,0.6011730205278593,1
477.67,2,0.15,84.294,17.646911047375802,2,West,Corporate,Furniture,Bookcases,First Class,September,Sunday,6.171011424704114,0,9,7,0.5263157894736842,1
191.97,7,0.2,16.7972,8.749908839922904,5,West,Home Office,Furniture,Chairs,Second Class,May,Monday,5.262534736408265,0,5,1,0.6042154566744731,1
35.52,3,0.2,13.32,37.5,4,Central,Corporate,Office Supplies,Labels,Standard Class,August,Thursday,3.597860055726768,0,8,4,1.0,1
6.23,5,0.8,-9.6565,-154.99999999999997,4,Central,Corporate,Office Supplies,Binders,Standard Class,August,Thursday,1.9782390361706734,1,8,4,0.6011730205278593,0
56.7,2,0.2,19.1376,33.75238095238095,4,Central,Corporate,Office Supplies,Paper,Standard Class,August,Thursday,4.055257173514054,0,8,4,1.0,1
369.2,3,0.32,-114.0174,-30.88228602383532,4,Central,Corporate,Furniture,Bookcases,Standard Class,August,Thursday,5.914043400139397,1,8,4,0.5263157894736842,0
1.98,2,0.0,0.891,45.0,4,Central,Corporate,Technology,Accessories,Standard Class,October,Wednesday,1.091923300517313,0,10,3,0.872,1
75.88,2,0.0,35.6636,47.00000000000001,4,Central,Corporate,Office Supplies,Paper,Standard Class,October,Wednesday,4.342245764662037,0,10,3,1.0,1
6.85,2,0.2,2.14,31.24087591240876,2,East,Corporate,Office Supplies,Paper,Second Class,June,Saturday,2.060513531794317,0,6,6,1.0,1
4.63,2,0.7,-3.855,-83.26133909287257,2,East,Corporate,Office Supplies,Binders,Second Class,June,Saturday,1.728109442151599,1,6,6,0.6011730205278593,0
453.6,3,0.2,90.72,20.0,2,East,Corporate,Office Supplies,Appliances,Second Class,June,Saturday,6.119417911418443,0,6,6,0.867109634551495,1
13.85,3,0.2,5.193,37.494584837545126,3,West,Home Office,Office Supplies,Binders,First Class,May,Sunday,2.6979998652487085,0,5,7,0.6011730205278593,1
577.58,6,0.2,43.3188,7.500051940856678,4,East,Consumer,Office Supplies,Storage,Standard Class,November,Tuesday,6.360576825750348,0,11,2,0.7795698924731183,1
151.96,4,0.0,36.4704,23.999999999999996,4,South,Home Office,Technology,Accessories,Standard Class,May,Saturday,5.030176449303092,0,5,6,0.872,1
68.43,7,0.2,8.554,12.500365336840566,5,West,Corporate,Furniture,Furnishings,Standard Class,September,Thursday,4.240319050765182,0,9,4,0.8065522620904836,1
71.12,5,0.2,9.779,13.749999999999998,4,East,Consumer,Furniture,Furnishings,Standard Class,November,Saturday,4.2783313983351166,0,11,6,0.8065522620904836,1
3.01,2,0.2,0.564,18.737541528239202,4,East,Consumer,Office Supplies,Fasteners,Standard Class,November,Saturday,1.3887912413184778,0,11,6,0.9019607843137255,1
184.66,7,0.0,84.9436,46.0,2,East,Home Office,Office Supplies,Paper,Second Class,December,Thursday,5.223917043971786,0,12,4,1.0,1
5.31,2,0.6,-1.5936,-30.01129943502825,2,Central,Consumer,Furniture,Furnishings,Second Class,October,Friday,1.8421356765531218,1,10,5,0.8065522620904836,0
132.52,5,0.2,34.7865,26.249999999999996,2,East,Consumer,Technology,Accessories,First Class,May,Tuesday,4.89425127935358,0,5,2,0.872,1
195.64,5,0.2,-44.019,-22.5,2,East,Consumer,Office Supplies,Storage,First Class,May,Tuesday,5.281374645817724,0,5,2,0.7795698924731183,0
51.97,2,0.2,10.3936,19.999230325187607,2,East,Consumer,Furniture,Furnishings,First Class,May,Tuesday,3.9697257155564354,0,5,2,0.8065522620904836,1
431.98,3,0.2,-75.5958,-17.4998379554609,2,East,Consumer,Technology,Accessories,First Class,May,Tuesday,6.070691537559284,0,5,2,0.872,0
224.94,3,0.7,-164.9538,-73.33235529474527,2,East,Consumer,Technology,Machines,First Class,May,Tuesday,5.420269477298783,1,5,2,0.5975609756097561,0
6.0,2,0.2,2.1,35.0,2,East,Consumer,Office Supplies,Labels,First Class,May,Tuesday,1.9459101490553132,0,5,2,1.0,1
11.76,2,0.0,5.7624,49.00000000000001,7,West,Home Office,Office Supplies,Paper,Standard Class,June,Monday,2.546315277916644,0,6,1,1.0,1
1125.49,7,0.2,98.4802,8.749984451216802,0,South,Consumer,Furniture,Chairs,Same Day,March,Monday,7.0268618827800795,0,3,1,0.6042154566744731,1
12.65,5,0.7,-10.116,-79.96837944664031,0,South,Consumer,Office Supplies,Binders,Same Day,March,Monday,2.613739521630969,1,3,1,0.6011730205278593,0
4.03,2,0.2,1.0584,26.263027295285358,0,South,Consumer,Office Supplies,Art,Same Day,March,Monday,1.6154199841116479,0,3,1,1.0,1
6.73,6,0.7,-4.488,-66.68647845468054,0,East,Consumer,Office Supplies,Binders,Same Day,September,Thursday,2.0451088625993306,1,9,4,0.6011730205278593,0
33.57,2,0.2,1.6784,4.999702114983616,0,East,Consumer,Office Supplies,Storage,Same Day,September,Thursday,3.5429862539335333,0,9,4,0.7795698924731183,1
15.84,2,0.2,5.544,35.0,0,East,Consumer,Office Supplies,Envelopes,Same Day,September,Thursday,2.8237570088141806,0,9,4,1.0,1
24.42,1,0.2,7.9378,32.5053235053235,0,East,Consumer,Office Supplies,Labels,Same Day,September,Thursday,3.2355362657613083,0,9,4,1.0,1
17.12,5,0.2,1.926,11.249999999999998,0,East,Consumer,Office Supplies,Art,Same Day,September,Thursday,2.8970163006148333,0,9,4,1.0,1
31.56,3,0.0,10.4148,33.0,0,West,Consumer,Furniture,Furnishings,Same Day,August,Thursday,3.4830845411343394,0,8,4,0.8065522620904836,1
105.69,1,0.3,-28.6862,-27.14182987983726,2,Central,Consumer,Furniture,Chairs,Second Class,May,Tuesday,4.66992743320337,1,5,2,0.6042154566744731,0
399.54,2,0.4,-79.908,-20.0,2,Central,Consumer,Technology,Machines,Second Class,May,Tuesday,5.992813636677278,1,5,2,0.5975609756097561,0
104.93,5,0.3,-4.497,-4.285714285714285,2,Central,Consumer,Furniture,Chairs,Second Class,May,Tuesday,4.662778498608405,1,5,2,0.6042154566744731,0
9.65,6,0.2,3.4974,36.24248704663212,4,East,Home Office,Office Supplies,Fasteners,Standard Class,June,Tuesday,2.365559892155434,0,6,2,0.9019607843137255,1
31.01,1,0.2,11.2404,36.24766204450177,2,South,Corporate,Office Supplies,Paper,First Class,August,Friday,3.4660483539817717,0,8,5,1.0,1
61.12,5,0.2,22.156,36.25,0,West,Consumer,Office Supplies,Binders,Same Day,November,Friday,4.129067998280486,0,11,5,0.6011730205278593,1
17.47,3,0.2,5.6784,32.50372066399542,4,Central,Home Office,Office Supplies,Paper,Standard Class,May,Sunday,2.9161477942111484,0,5,7,1.0,1
104.58,9,0.8,-172.557,-165.0,4,Central,Home Office,Office Supplies,Binders,Standard Class,May,Sunday,4.65946895939547,1,5,7,0.6011730205278593,0
24.7,5,0.6,-9.88,-40.0,4,Central,Home Office,Furniture,Furnishings,Standard Class,July,Thursday,3.246490991901174,1,7,4,0.8065522620904836,0
302.72,5,0.6,-378.4,-124.99999999999997,4,Central,Home Office,Furniture,Furnishings,Standard Class,July,Thursday,5.716106224345033,1,7,4,0.8065522620904836,0
60.84,3,0.0,19.4688,32.0,4,West,Home Office,Furniture,Furnishings,Standard Class,September,Saturday,4.124550404279167,0,9,6,0.8065522620904836,1
35.21,1,0.2,2.6406,7.4995739846634475,4,West,Consumer,Office Supplies,Appliances,Standard Class,April,Tuesday,3.58933532377755,0,4,2,0.867109634551495,1
239.5,5,0.0,114.96,48.0,5,South,Consumer,Office Supplies,Paper,Standard Class,September,Sunday,5.482720089545816,0,9,7,1.0,1
34.2,5,0.0,9.234,26.999999999999996,3,South,Consumer,Office Supplies,Supplies,First Class,May,Monday,3.5610460826040513,0,5,1,0.816793893129771,1
376.87,3,0.4,-213.5574,-56.66606522142914,6,East,Corporate,Furniture,Tables,Standard Class,June,Friday,5.934550221123228,1,6,5,0.3627906976744186,0
197.72,4,0.0,55.3616,28.000000000000004,3,South,Consumer,Office Supplies,Appliances,First Class,November,Monday,5.291896798745114,0,11,1,0.867109634551495,1
282.84,4,0.0,19.7988,7.000000000000001,3,West,Consumer,Furniture,Furnishings,Second Class,May,Monday,5.648410699121214,0,5,1,0.8065522620904836,1
27.72,9,0.0,13.3056,48.00000000000001,3,West,Consumer,Office Supplies,Labels,Second Class,May,Monday,3.3575937441800234,0,5,1,1.0,1
239.98,2,0.2,23.9984,10.000166680556713,4,West,Consumer,Technology,Phones,Standard Class,September,Sunday,5.48471394249513,0,9,7,0.8521008403361344,1
22.98,1,0.0,6.894,30.0,2,West,Corporate,Office Supplies,Appliances,First Class,November,Tuesday,3.177220149599368,0,11,2,0.867109634551495,1
102.13,7,0.0,15.3195,15.0,2,West,Corporate,Technology,Accessories,First Class,November,Tuesday,4.635990328327978,0,11,2,0.872,1
2033.58,2,0.2,762.594,37.50007376154368,2,West,Corporate,Office Supplies,Binders,First Class,November,Tuesday,7.618044688369331,0,11,2,0.6011730205278593,1
5.76,2,0.0,1.6704,29.000000000000004,7,West,Corporate,Office Supplies,Art,Standard Class,August,Monday,1.9110228900548727,0,8,1,1.0,1
16.7,6,0.2,1.2528,7.501796407185629,4,East,Home Office,Office Supplies,Appliances,Standard Class,September,Friday,2.8735646395797834,0,9,5,0.867109634551495,1
3.15,2,0.2,0.4728,15.00952380952381,4,East,Home Office,Technology,Accessories,Standard Class,September,Friday,1.423108334242607,0,9,5,0.872,1
32.9,4,0.2,11.1024,33.74589665653495,4,East,Home Office,Office Supplies,Paper,Standard Class,September,Friday,3.5234150143864045,0,9,5,1.0,1
14.67,3,0.0,6.7482,46.0,4,Central,Consumer,Office Supplies,Binders,Standard Class,November,Sunday,2.7517480563679295,0,11,7,0.6011730205278593,1
37.41,7,0.2,13.0928,34.998128842555474,5,East,Consumer,Office Supplies,Paper,Standard Class,January,Monday,3.6483178423578133,0,1,1,1.0,1
3.44,2,0.7,-2.5212,-73.29069767441861,5,East,Consumer,Office Supplies,Binders,Standard Class,January,Monday,1.4906543764441333,1,1,1,0.6011730205278593,0
7.15,3,0.2,2.3244,32.5090909090909,6,East,Consumer,Office Supplies,Binders,Standard Class,May,Tuesday,2.0980179272527715,0,5,2,0.6011730205278593,1
179.7,6,0.0,88.053,49.0,6,East,Consumer,Technology,Phones,Standard Class,May,Tuesday,5.196838197598183,0,5,2,0.8521008403361344,1
177.0,3,0.0,30.09,17.0,3,East,Consumer,Technology,Accessories,First Class,October,Tuesday,5.181783550292085,0,10,2,0.872,1
79.45,7,0.0,22.246,27.999999999999996,3,East,Consumer,Office Supplies,Storage,First Class,October,Tuesday,4.387635873438392,0,10,2,0.7795698924731183,1
1628.82,9,0.0,260.6112,16.0,3,East,Consumer,Furniture,Chairs,First Class,October,Tuesday,7.396224858255175,0,10,2,0.6042154566744731,1
137.54,2,0.0,55.016,40.0,7,West,Corporate,Furniture,Furnishings,Standard Class,November,Tuesday,4.931159092594459,0,11,2,0.8065522620904836,1
730.2,4,0.0,94.926,13.0,7,West,Corporate,Furniture,Tables,Standard Class,November,Tuesday,6.59468702013994,0,11,2,0.3627906976744186,1
4297.64,13,0.4,-1862.3124,-43.333373665546674,3,South,Consumer,Furniture,Tables,Second Class,January,Wednesday,8.366053972585114,1,1,3,0.3627906976744186,0
20.65,5,0.0,9.499,46.00000000000001,5,West,Corporate,Office Supplies,Art,Standard Class,March,Friday,3.075005454448499,0,3,5,1.0,1
204.9,5,0.0,0.0,0.0,5,West,Corporate,Office Supplies,Storage,Standard Class,March,Friday,5.327390614033744,0,3,5,0.7795698924731183,0
436.7,6,0.2,21.8352,5.000045798030685,5,West,Corporate,Furniture,Chairs,Standard Class,March,Friday,6.081533744196849,0,3,5,0.6042154566744731,1
481.57,2,0.2,54.1764,11.249953277820463,5,West,Corporate,Furniture,Chairs,Standard Class,March,Friday,6.1791259879764935,0,3,5,0.6042154566744731,1
221.16,4,0.0,57.5016,26.0,5,Central,Consumer,Office Supplies,Storage,Standard Class,November,Wednesday,5.403397842998544,0,11,3,0.7795698924731183,1
281.97,3,0.0,78.9516,27.999999999999996,5,Central,Consumer,Technology,Phones,Standard Class,November,Wednesday,5.645340884956954,0,11,3,0.8521008403361344,1
3406.66,8,0.15,160.3136,4.70588787844986,4,West,Consumer,Furniture,Bookcases,Standard Class,November,Saturday,8.133781117714106,0,11,6,0.5263157894736842,1
37.17,9,0.0,10.4076,27.999999999999996,4,West,Consumer,Office Supplies,Art,Standard Class,November,Saturday,3.6420498667571386,0,11,6,1.0,1
64.96,2,0.0,19.488,30.000000000000004,4,West,Consumer,Office Supplies,Appliances,Standard Class,November,Saturday,4.189048497691398,0,11,6,0.867109634551495,1
595.38,6,0.0,297.69,50.0,4,West,Consumer,Furniture,Furnishings,Standard Class,November,Saturday,6.390878047787711,0,11,6,0.8065522620904836,1
97.44,3,0.0,35.0784,36.00000000000001,7,East,Consumer,Furniture,Furnishings,Standard Class,September,Monday,4.589447225522855,0,9,1,0.8065522620904836,1
3.98,1,0.2,1.3944,35.03517587939699,7,East,Consumer,Office Supplies,Binders,Standard Class,September,Monday,1.6054298910365616,0,9,1,0.6011730205278593,1
13.04,4,0.0,5.7376,44.0,7,East,Consumer,Office Supplies,Art,Standard Class,September,Monday,2.641910398597665,0,9,1,1.0,1
579.53,4,0.1,83.7096,14.444394595620588,7,East,Consumer,Furniture,Chairs,Standard Class,September,Monday,6.363941479389165,0,9,1,0.6042154566744731,1
18.75,5,0.0,9.0,48.0,4,West,Consumer,Office Supplies,Labels,Second Class,March,Wednesday,2.9831534913471307,0,3,3,1.0,1
3023.93,9,0.2,226.7946,7.4999950395677155,5,West,Home Office,Technology,Phones,Standard Class,June,Monday,8.01464322970133,0,6,1,0.8521008403361344,1
26.96,2,0.0,3.7744,13.999999999999998,5,West,Home Office,Technology,Accessories,Standard Class,June,Monday,3.3307749173656096,0,6,1,0.872,1
477.6,3,0.2,161.19,33.75,5,West,Home Office,Technology,Phones,Standard Class,June,Monday,6.170865175474273,0,6,1,0.8521008403361344,1
12.96,2,0.0,6.2208,47.99999999999999,0,West,Corporate,Office Supplies,Paper,Same Day,December,Monday,2.6361960973342264,0,12,1,1.0,1
18.09,7,0.2,6.5569,36.24599226091763,4,West,Consumer,Office Supplies,Binders,Standard Class,April,Saturday,2.949164637737656,0,4,6,0.6011730205278593,1
71.97,3,0.0,35.985,50.0,4,West,Consumer,Office Supplies,Envelopes,Standard Class,April,Saturday,4.290048397777529,0,4,6,1.0,1
64.68,7,0.2,8.085,12.5,2,South,Corporate,Office Supplies,Art,First Class,August,Thursday,4.184794465144173,0,8,4,1.0,1
7.97,2,0.2,2.6892,33.74153074027604,5,East,Home Office,Office Supplies,Paper,Standard Class,December,Friday,2.1938856760707046,0,12,5,1.0,1
1499.97,5,0.4,-374.9925,-25.0,5,East,Home Office,Technology,Phones,Standard Class,December,Friday,7.313866844758176,1,12,5,0.8521008403361344,0
26.63,1,0.2,1.3316,5.000375516334961,2,Central,Consumer,Office Supplies,Storage,Second Class,July,Tuesday,3.318902138935325,0,7,2,0.7795698924731183,1
41.6,4,0.0,14.144,34.0,4,West,Consumer,Furniture,Furnishings,Standard Class,May,Friday,3.751854253275325,0,5,5,0.8065522620904836,1
64.02,6,0.0,29.4492,46.0,5,Central,Corporate,Office Supplies,Envelopes,Standard Class,November,Friday,4.174694914875759,0,11,5,1.0,1
6.99,3,0.0,2.0271,28.999999999999996,5,East,Corporate,Office Supplies,Art,Standard Class,April,Monday,2.0781907597781832,0,4,1,1.0,1
6.84,1,0.0,1.8468,27.0,5,East,Corporate,Office Supplies,Supplies,Standard Class,April,Monday,2.0592388343623163,0,4,1,0.816793893129771,1
323.1,2,0.0,61.389,19.0,4,West,Corporate,Office Supplies,Storage,Standard Class,December,Sunday,5.781052110147502,0,12,7,0.7795698924731183,1
668.16,9,0.2,75.168,11.250000000000002,4,West,Corporate,Technology,Phones,Standard Class,December,Sunday,6.50602319446308,0,12,7,0.8521008403361344,1
614.0,3,0.32,-18.0588,-2.9411726384364822,4,Central,Consumer,Furniture,Bookcases,Standard Class,November,Friday,6.421622267806518,1,11,5,0.5263157894736842,0
470.36,11,0.0,122.2936,26.0,5,East,Corporate,Office Supplies,Storage,Standard Class,August,Friday,6.1556221332742656,0,8,5,0.7795698924731183,1
73.54,4,0.2,9.192,12.499320097905901,3,East,Corporate,Office Supplies,Appliances,First Class,December,Sunday,4.311335894051113,0,12,7,0.867109634551495,1
491.55,5,0.0,240.8595,49.0,5,Central,Corporate,Office Supplies,Labels,Second Class,June,Tuesday,6.199595978301688,0,6,2,1.0,1
30.34,4,0.2,9.48,31.245880026367836,0,East,Home Office,Furniture,Furnishings,Same Day,March,Friday,3.444895236927875,0,3,5,0.8065522620904836,1
3.62,2,0.0,1.1946,33.0,5,West,Consumer,Office Supplies,Fasteners,Standard Class,October,Sunday,1.5303947050936475,0,10,7,0.9019607843137255,1
242.14,3,0.2,12.1068,4.9999174031552,6,West,Consumer,Furniture,Chairs,Standard Class,October,Friday,5.493637409127648,0,10,5,0.6042154566744731,1
12.39,3,0.0,5.6994,46.0,6,West,Consumer,Office Supplies,Art,Standard Class,October,Friday,2.5945081597030812,0,10,5,1.0,1
19.96,2,0.0,5.5888,27.999999999999996,6,West,Consumer,Furniture,Furnishings,Standard Class,October,Friday,3.0426158594528414,0,10,5,0.8065522620904836,1
340.92,3,0.0,3.4092,0.9999999999999999,6,West,Consumer,Office Supplies,Storage,Standard Class,October,Friday,5.8345767915708375,0,10,5,0.7795698924731183,1
273.57,2,0.2,-34.196,-12.499908615710787,5,East,Consumer,Furniture,Furnishings,Standard Class,November,Wednesday,5.615206237547758,0,11,3,0.8065522620904836,0
13.19,2,0.7,-8.796,-66.6868840030326,5,East,Consumer,Office Supplies,Binders,Standard Class,November,Wednesday,2.6525374911719513,1,11,3,0.6011730205278593,0
1080.1,6,0.2,-94.5084,-8.749967595593002,5,East,Consumer,Office Supplies,Storage,Standard Class,November,Wednesday,6.985734320298725,0,11,3,0.7795698924731183,0
51.56,5,0.2,-6.445,-12.5,5,East,Consumer,Technology,Accessories,Standard Class,November,Wednesday,3.961955374176355,0,11,3,0.872,0
58.42,2,0.2,16.7946,28.748031496062993,5,East,Consumer,Technology,Accessories,Standard Class,November,Wednesday,4.084630870034462,0,11,3,0.872,1
57.58,2,0.2,20.1544,35.0024313997916,5,West,Consumer,Office Supplies,Binders,Standard Class,November,Monday,4.070393341399587,0,11,1,0.6011730205278593,1
37.31,4,0.2,2.7984,7.500402036987403,2,East,Home Office,Office Supplies,Art,Second Class,August,Friday,3.6457109587125576,0,8,5,1.0,1
79.96,5,0.2,7.996,10.000000000000002,1,Central,Consumer,Technology,Phones,Same Day,May,Monday,4.3939552055391555,0,5,1,0.8521008403361344,1
223.96,5,0.2,11.198,5.0,1,Central,Consumer,Technology,Accessories,Same Day,May,Monday,5.4159226086223,0,5,1,0.872,1
18.96,2,0.0,7.584,40.0,4,Central,Corporate,Furniture,Furnishings,Standard Class,September,Thursday,2.993730270883318,0,9,4,0.8065522620904836,1
326.65,3,0.1,39.9234,12.222072554722182,4,East,Consumer,Furniture,Chairs,Standard Class,February,Tuesday,5.791945965485506,0,2,2,0.6042154566744731,1
89.97,3,0.0,39.5868,43.99999999999999,4,East,Consumer,Technology,Accessories,Standard Class,February,Tuesday,4.510529781833971,0,2,2,0.872,1
296.71,13,0.2,100.1403,33.750227494860304,4,East,Home Office,Office Supplies,Binders,Standard Class,December,Monday,5.696119858320856,0,12,1,0.6011730205278593,1
12.22,2,0.2,4.4312,36.261865793780686,6,Central,Consumer,Office Supplies,Envelopes,Standard Class,December,Saturday,2.5817308344235403,0,12,6,1.0,1
10.05,2,0.2,3.14,31.24378109452736,5,West,Consumer,Office Supplies,Binders,Standard Class,September,Monday,2.402430427963762,0,9,1,0.6011730205278593,1
807.75,5,0.0,153.4725,19.0,5,West,Consumer,Office Supplies,Storage,Standard Class,September,Monday,6.695489845815111,0,9,1,0.7795698924731183,1
500.24,13,0.0,145.0696,29.000000000000004,5,South,Corporate,Furniture,Chairs,Standard Class,August,Wednesday,6.217085028297085,0,8,3,0.6042154566744731,1
20.12,2,0.0,9.2552,46.0,5,South,Corporate,Office Supplies,Paper,Standard Class,August,Wednesday,3.050220458838061,0,8,3,1.0,1
896.99,1,0.0,421.5853,47.0,5,South,Corporate,Office Supplies,Binders,Standard Class,August,Wednesday,6.800158932382734,0,8,3,0.6011730205278593,1
5.88,1,0.2,1.9845,33.75,3,East,Home Office,Office Supplies,Paper,Second Class,November,Wednesday,1.9286186519452522,0,11,3,1.0,1
269.98,2,0.0,72.8946,26.999999999999996,4,Central,Home Office,Technology,Phones,Standard Class,June,Monday,5.602045017418285,0,6,1,0.8521008403361344,1
4404.9,5,0.0,1013.127,23.0,4,East,Corporate,Furniture,Bookcases,Standard Class,November,Sunday,8.390699830781527,0,11,7,0.5263157894736842,1
9.45,3,0.0,4.536,48.0,6,East,Consumer,Office Supplies,Labels,Standard Class,June,Thursday,2.34660197841082,0,6,4,1.0,1
10.98,2,0.6,-7.9634,-72.5264116575592,4,Central,Consumer,Furniture,Furnishings,Standard Class,November,Tuesday,2.4832385926873033,1,11,2,0.8065522620904836,0
797.94,4,0.3,-56.996,-7.142892949344562,4,Central,Consumer,Furniture,Chairs,Standard Class,November,Tuesday,6.683285849079255,1,11,2,0.6042154566744731,0
159.98,2,0.0,57.5928,36.0,4,East,Corporate,Technology,Accessories,Standard Class,March,Friday,5.0812801336655875,0,3,5,0.872,1
5.34,2,0.2,0.668,12.509363295880153,4,Central,Consumer,Office Supplies,Art,Standard Class,October,Tuesday,1.8468787684491346,0,10,2,1.0,1
27.72,3,0.2,3.465,12.5,4,Central,Consumer,Office Supplies,Art,Standard Class,October,Tuesday,3.3575937441800234,0,10,2,1.0,1
2.5,1,0.2,0.9048,36.192,1,West,Home Office,Office Supplies,Binders,First Class,July,Friday,1.252762968495368,0,7,5,0.6011730205278593,1
1403.92,5,0.2,70.196,5.0,5,West,Corporate,Furniture,Chairs,Standard Class,October,Monday,7.247735640644952,0,10,1,0.6042154566744731,1
239.97,3,0.0,86.3892,36.0,4,West,Corporate,Technology,Accessories,Standard Class,February,Friday,5.484672444414411,0,2,5,0.872,1
81.96,2,0.0,22.9488,28.000000000000004,4,West,Corporate,Office Supplies,Appliances,Standard Class,February,Friday,4.418358563921272,0,2,5,0.867109634551495,1
238.62,2,0.0,4.7724,2.0,4,West,Corporate,Office Supplies,Supplies,Standard Class,February,Friday,5.479054335211753,0,2,5,0.816793893129771,1
139.8,5,0.2,12.2325,8.75,5,West,Consumer,Technology,Phones,Standard Class,June,Wednesday,4.9473404437239425,0,6,3,0.8521008403361344,1
339.92,5,0.2,8.498,2.5,6,South,Home Office,Furniture,Bookcases,Standard Class,November,Thursday,5.831647845654097,0,11,4,0.5263157894736842,1
10.53,4,0.2,3.4216,32.49382716049383,6,South,Home Office,Office Supplies,Paper,Standard Class,November,Thursday,2.4449523342809676,0,11,4,1.0,1
42.38,2,0.2,4.2384,10.00094384143464,6,South,Home Office,Office Supplies,Appliances,Standard Class,November,Thursday,3.7699985053987284,0,11,4,0.867109634551495,1
123.92,5,0.2,38.725,31.25,0,East,Corporate,Office Supplies,Paper,Same Day,July,Sunday,4.827673532414877,0,7,7,1.0,1
135.95,1,0.0,39.4255,29.000000000000004,7,South,Consumer,Technology,Phones,Standard Class,June,Sunday,4.919615895709087,0,6,7,0.8521008403361344,1
2177.58,8,0.8,-3701.8928,-170.00031227325746,4,Central,Consumer,Office Supplies,Binders,Standard Class,July,Saturday,7.686428567398734,1,7,6,0.6011730205278593,0
17.5,3,0.6,-10.0602,-57.48685714285714,4,Central,Consumer,Furniture,Furnishings,Standard Class,July,Saturday,2.917770732084279,1,7,6,0.8065522620904836,0
16.78,4,0.8,-26.8544,-160.03814064362334,4,Central,Consumer,Office Supplies,Binders,Standard Class,July,Saturday,2.8780742300857587,1,7,6,0.6011730205278593,0
431.14,9,0.2,-26.946,-6.249942014194926,4,Central,Consumer,Technology,Accessories,Standard Class,July,Saturday,6.068749609817524,0,7,6,0.872,0
8.88,5,0.8,-13.32,-150.0,4,Central,Consumer,Office Supplies,Binders,Standard Class,July,Saturday,2.2905125117597764,1,7,6,0.6011730205278593,0
4.84,2,0.8,-12.09,-249.79338842975207,4,Central,Consumer,Office Supplies,Appliances,Standard Class,July,Saturday,1.7647307968401356,1,7,6,0.867109634551495,0
437.85,3,0.0,131.355,29.999999999999993,4,East,Consumer,Technology,Phones,Standard Class,September,Wednesday,6.0841576690381265,0,9,3,0.8521008403361344,1
673.57,2,0.2,252.588,37.499888652998195,4,East,Consumer,Office Supplies,Binders,Standard Class,September,Wednesday,6.514075450841185,0,9,3,0.6011730205278593,1
274.8,5,0.0,134.652,48.99999999999999,2,East,Corporate,Office Supplies,Paper,Second Class,May,Sunday,5.619675965359201,0,5,7,1.0,1
62.18,1,0.0,16.7886,26.999999999999996,2,East,Corporate,Office Supplies,Storage,Second Class,May,Sunday,4.145987795373939,0,5,7,0.7795698924731183,1
8.28,2,0.0,2.9808,36.00000000000001,2,East,Corporate,Furniture,Furnishings,Second Class,May,Sunday,2.2278615467981093,0,5,7,0.8065522620904836,1
48.81,3,0.0,23.9169,48.99999999999999,4,South,Consumer,Office Supplies,Binders,Standard Class,May,Saturday,3.908215767085192,0,5,6,0.6011730205278593,1
149.9,5,0.0,40.473,26.999999999999996,0,South,Consumer,Furniture,Chairs,Same Day,November,Wednesday,5.016617365773803,0,11,3,0.6042154566744731,1
56.06,6,0.2,21.024,37.50267570460221,2,Central,Consumer,Office Supplies,Envelopes,Second Class,May,Wednesday,4.044103345785354,0,5,3,1.0,1
107.77,2,0.3,-29.2524,-27.14336086109307,2,Central,Consumer,Furniture,Chairs,Second Class,May,Wednesday,4.689235561105759,1,5,3,0.6042154566744731,0
4.83,1,0.2,1.6308,33.7639751552795,2,Central,Consumer,Office Supplies,Paper,Second Class,May,Wednesday,1.763017000362401,0,5,3,1.0,1
18.24,3,0.8,-31.008,-170.00000000000003,2,Central,Consumer,Office Supplies,Binders,Second Class,May,Wednesday,2.9569914452375605,1,5,3,0.6011730205278593,0
3.8,3,0.8,-5.8869,-154.91842105263157,7,Central,Corporate,Office Supplies,Binders,Standard Class,May,Saturday,1.5686159179138452,1,5,6,0.6011730205278593,0
10.37,2,0.2,1.5552,14.997107039537127,5,East,Corporate,Office Supplies,Art,Standard Class,January,Monday,2.4309783077624445,0,1,1,1.0,1
235.19,2,0.4,-43.1178,-18.333177431013226,5,East,Corporate,Technology,Phones,Standard Class,January,Monday,5.4646365658644855,1,1,1,0.8521008403361344,0
26.38,4,0.4,2.6376,9.998483699772555,5,East,Corporate,Technology,Phones,Standard Class,January,Monday,3.3098128198603027,1,1,1,0.8521008403361344,1
10.38,2,0.2,2.2066,21.25818882466281,5,East,Corporate,Technology,Accessories,Standard Class,January,Monday,2.431857428698185,0,1,1,0.872,1
107.12,3,0.4,-21.4236,-19.999626587005228,5,East,Corporate,Technology,Phones,Standard Class,January,Monday,4.683241721408247,1,1,1,0.8521008403361344,0
3.33,2,0.2,1.2064,36.228228228228225,2,East,Consumer,Office Supplies,Binders,Second Class,July,Saturday,1.4655675420143985,0,7,6,0.6011730205278593,1
135.99,1,0.0,36.7173,27.0,2,East,Consumer,Technology,Phones,Second Class,July,Saturday,4.919907930463299,0,7,6,0.8521008403361344,1
7.38,1,0.0,2.1402,29.000000000000004,2,East,Consumer,Furniture,Furnishings,Second Class,July,Saturday,2.1258479144939915,0,7,6,0.8065522620904836,1
45.57,2,0.2,9.6832,21.249067368883033,5,South,Home Office,Furniture,Furnishings,Standard Class,October,Friday,3.840956556994286,0,10,5,0.8065522620904836,1
28.75,8,0.7,-21.0848,-73.3384347826087,5,South,Home Office,Office Supplies,Binders,Standard Class,October,Friday,3.392829131991639,1,10,5,0.6011730205278593,0
25.92,5,0.2,9.072,34.99999999999999,4,West,Consumer,Office Supplies,Paper,Second Class,November,Friday,3.2928695047765273,0,11,5,1.0,1
120.77,4,0.2,9.0576,7.499875796969446,4,West,Consumer,Office Supplies,Art,Second Class,November,Friday,4.802134019518916,0,11,5,1.0,1
25.92,4,0.0,12.4416,47.99999999999999,3,East,Consumer,Office Supplies,Paper,First Class,November,Sunday,3.2928695047765273,0,11,7,1.0,1
34.65,3,0.0,9.702,28.000000000000004,3,East,Consumer,Office Supplies,Art,First Class,November,Sunday,3.573749146860305,0,11,7,1.0,1
204.95,5,0.0,100.4255,49.00000000000001,3,East,Consumer,Office Supplies,Paper,First Class,November,Sunday,5.32763342088209,0,11,7,1.0,1
79.95,5,0.0,38.376,47.99999999999999,3,East,Consumer,Office Supplies,Binders,First Class,November,Sunday,4.393831680123644,0,11,7,0.6011730205278593,1
173.49,7,0.2,54.215,31.249639748688686,4,South,Corporate,Office Supplies,Paper,Standard Class,June,Monday,5.161867433410139,0,6,1,1.0,1
516.96,4,0.2,-6.462,-1.25,4,South,Corporate,Office Supplies,Storage,Standard Class,June,Monday,6.249898019200639,0,6,1,0.7795698924731183,0
173.21,7,0.2,45.4671,26.249696899717108,4,South,Corporate,Furniture,Furnishings,Standard Class,June,Monday,5.160261468052068,0,6,1,0.8065522620904836,1
4.45,2,0.2,0.3336,7.496629213483145,4,South,Corporate,Office Supplies,Art,Standard Class,June,Monday,1.6956156086751528,0,6,1,1.0,1
9.0,3,0.2,3.15,35.0,4,South,Corporate,Office Supplies,Labels,Standard Class,June,Monday,2.302585092994046,0,6,1,1.0,1
42.24,10,0.2,13.2,31.249999999999993,4,South,Corporate,Office Supplies,Paper,Standard Class,June,Monday,3.7667659927710075,0,6,1,1.0,1
18.26,2,0.7,-13.3936,-73.34939759036143,4,South,Corporate,Office Supplies,Binders,Standard Class,June,Monday,2.9580304063699794,1,6,1,0.6011730205278593,0
152.91,3,0.0,42.8148,27.999999999999996,4,West,Consumer,Office Supplies,Appliances,Standard Class,August,Friday,5.0363680159918625,0,8,5,0.867109634551495,1
92.94,3,0.0,41.823,45.0,4,West,Consumer,Office Supplies,Paper,Standard Class,August,Friday,4.542656280598849,0,8,5,1.0,1
17.86,4,0.2,6.2496,34.99216125419933,4,West,Consumer,Office Supplies,Binders,Standard Class,August,Friday,2.937043277205311,0,8,5,0.6011730205278593,1
46.44,3,0.2,15.093,32.5,4,West,Consumer,Office Supplies,Binders,Standard Class,August,Friday,3.85946575468947,0,8,5,0.6011730205278593,1
195.14,4,0.2,-12.196,-6.249871886850467,4,West,Consumer,Furniture,Chairs,Standard Class,August,Friday,5.2788286899641745,0,8,5,0.6042154566744731,0
319.97,4,0.2,95.9904,29.999812482420225,2,Central,Consumer,Technology,Accessories,Second Class,December,Tuesday,5.771347660818625,0,12,2,0.872,1
8.62,7,0.6,-2.5872,-30.0139211136891,2,Central,Consumer,Furniture,Furnishings,Second Class,December,Tuesday,2.263844264677615,1,12,2,0.8065522620904836,0
3.98,1,0.2,1.4442,36.28643216080402,4,Central,Consumer,Office Supplies,Paper,Second Class,May,Sunday,1.6054298910365616,0,5,7,1.0,1
14.0,4,0.6,-6.3,-45.0,2,Central,Consumer,Furniture,Furnishings,First Class,October,Monday,2.70805020110221,1,10,1,0.8065522620904836,0
16.39,2,0.8,-26.2272,-160.019524100061,2,Central,Consumer,Office Supplies,Binders,First Class,October,Monday,2.855895328366192,1,10,1,0.6011730205278593,0
10.9,5,0.0,5.123,47.0,6,West,Consumer,Office Supplies,Paper,Standard Class,September,Sunday,2.4765384001174837,0,9,7,1.0,1
29.6,2,0.0,14.8,50.0,6,West,Consumer,Office Supplies,Labels,Standard Class,September,Sunday,3.4210000089583352,0,9,7,1.0,1
4.98,1,0.0,2.2908,46.0,6,West,Consumer,Office Supplies,Labels,Standard Class,September,Sunday,1.7884205679625405,0,9,7,1.0,1
479.98,3,0.2,161.9919,33.74971873828076,6,West,Consumer,Technology,Copiers,Standard Class,September,Sunday,6.175825689199708,0,9,7,1.0,1
44.74,8,0.2,4.4736,9.999105945462674,6,West,Consumer,Technology,Phones,Standard Class,September,Sunday,3.822973188594635,0,9,7,0.8521008403361344,1
5.76,2,0.0,1.6704,29.000000000000004,6,West,Consumer,Office Supplies,Art,Standard Class,September,Sunday,1.9110228900548727,0,9,7,1.0,1
483.14,4,0.2,60.392,12.49989651032827,6,West,Consumer,Furniture,Chairs,Standard Class,September,Sunday,6.18237412108847,0,9,7,0.6042154566744731,1
15.94,4,0.2,5.1792,32.49184441656211,3,Central,Consumer,Office Supplies,Labels,First Class,June,Tuesday,2.8296776892239084,0,6,2,1.0,1
61.54,7,0.6,-40.0036,-65.00422489437764,3,Central,Consumer,Furniture,Furnishings,First Class,June,Tuesday,4.135806352029695,1,6,2,0.8065522620904836,0
132.7,3,0.2,9.9522,7.499773926149208,3,Central,Consumer,Office Supplies,Storage,First Class,June,Tuesday,4.895598484107897,0,6,2,0.7795698924731183,1
39.68,2,0.0,16.2688,41.0,6,West,Corporate,Office Supplies,Art,Standard Class,April,Saturday,3.7057365711803594,0,4,6,1.0,1
12.56,2,0.0,4.0192,31.999999999999996,4,East,Corporate,Furniture,Furnishings,Standard Class,May,Monday,2.6071242825122494,0,5,1,0.8065522620904836,1
90.48,3,0.2,33.93,37.5,4,East,Corporate,Office Supplies,Binders,Standard Class,May,Monday,4.516120369154581,0,5,1,0.6011730205278593,1
13.08,2,0.0,6.0168,46.0,4,East,Corporate,Office Supplies,Paper,Standard Class,May,Monday,2.644755350729896,0,5,1,1.0,1
214.7,5,0.0,83.733,39.0,4,East,Corporate,Furniture,Furnishings,Standard Class,May,Monday,5.373888553395111,0,5,1,0.8065522620904836,1
43.68,6,0.0,20.9664,48.0,5,South,Consumer,Office Supplies,Paper,Standard Class,November,Thursday,3.799525974201,0,11,4,1.0,1
3393.68,8,0.0,610.8624,18.0,4,West,Corporate,Furniture,Tables,Standard Class,March,Thursday,8.12996477929119,0,3,4,0.3627906976744186,1
1085.42,7,0.0,282.2092,26.0,2,East,Corporate,Office Supplies,Storage,Second Class,March,Thursday,6.9906431660606065,0,3,4,0.7795698924731183,1
13.11,3,0.0,3.4086,26.0,2,East,Corporate,Office Supplies,Appliances,Second Class,March,Thursday,2.6468837658647226,0,3,4,0.867109634551495,1
68.7,2,0.2,16.3172,23.751382823871907,2,East,Corporate,Furniture,Furnishings,First Class,November,Saturday,4.244200317766478,0,11,6,0.8065522620904836,1
3.13,2,0.7,-2.61,-83.38658146964856,2,East,Corporate,Office Supplies,Binders,First Class,November,Saturday,1.4182774069729414,1,11,6,0.6011730205278593,0
22.43,3,0.7,-17.9424,-79.99286669638876,2,East,Corporate,Office Supplies,Binders,First Class,November,Saturday,3.1540172525197043,1,11,6,0.6011730205278593,0
6.48,1,0.0,3.1104,47.99999999999999,4,East,Home Office,Office Supplies,Paper,Standard Class,December,Saturday,2.012232791986386,0,12,6,1.0,1
63.97,2,0.2,19.99,31.24902297952165,2,East,Home Office,Office Supplies,Envelopes,Second Class,September,Thursday,4.17392562489244,0,9,4,1.0,1
6.36,2,0.0,0.0636,1.0,7,East,Consumer,Office Supplies,Supplies,Standard Class,December,Tuesday,1.9960599327407849,0,12,2,0.816793893129771,1
573.17,7,0.1,63.686,11.111188652581259,4,East,Consumer,Furniture,Chairs,Standard Class,August,Sunday,6.352925519718092,0,8,7,0.6042154566744731,1
85.06,3,0.2,28.7064,33.74841288502233,2,East,Home Office,Office Supplies,Paper,First Class,May,Friday,4.455044727410454,0,5,5,1.0,1
14.04,3,0.0,6.7392,48.00000000000001,1,South,Consumer,Office Supplies,Binders,First Class,August,Tuesday,2.7107133185216936,0,8,2,0.6011730205278593,1
272.61,13,0.0,98.1396,36.0,1,South,Consumer,Technology,Accessories,First Class,August,Tuesday,5.611703734788073,0,8,2,0.872,1
11.16,2,0.0,5.58,50.0,5,West,Corporate,Office Supplies,Envelopes,Standard Class,April,Thursday,2.498151876538021,0,4,4,1.0,1
62.31,3,0.0,22.4316,36.0,5,West,Corporate,Technology,Accessories,Standard Class,April,Thursday,4.148043294556035,0,4,4,0.872,1
159.98,2,0.0,57.5928,36.0,5,West,Corporate,Technology,Accessories,Standard Class,April,Thursday,5.0812801336655875,0,4,4,0.872,1
5.94,3,0.0,0.0,0.0,4,Central,Consumer,Office Supplies,Fasteners,Standard Class,January,Thursday,1.937301774518713,0,1,4,0.9019607843137255,0
79.99,1,0.0,28.7964,36.0,4,East,Consumer,Technology,Accessories,Standard Class,August,Saturday,4.3943256902608985,0,8,6,0.872,1
20.62,2,0.0,9.6914,47.0,3,Central,Corporate,Office Supplies,Paper,Second Class,July,Monday,3.073618812211062,0,7,1,1.0,1
124.25,7,0.0,48.4575,39.0,3,Central,Corporate,Technology,Accessories,Second Class,July,Monday,4.830311739964974,0,7,1,0.872,1
297.55,5,0.0,83.314,27.999999999999996,3,Central,Corporate,Technology,Phones,Second Class,July,Monday,5.698937422993001,0,7,1,0.8521008403361344,1
403.56,4,0.0,96.8544,24.0,3,Central,Corporate,Furniture,Chairs,Second Class,July,Monday,6.0028000567717275,0,7,1,0.6042154566744731,1
95.2,5,0.0,27.608,28.999999999999996,3,Central,Corporate,Furniture,Furnishings,Second Class,July,Monday,4.566429357671661,0,7,1,0.8065522620904836,1
153.82,11,0.2,38.456,25.00065011051879,5,Central,Consumer,Technology,Accessories,Standard Class,September,Friday,5.0422631517765675,0,9,5,0.872,1
62.02,2,0.2,22.4808,36.24766204450177,3,Central,Consumer,Office Supplies,Paper,Second Class,June,Tuesday,4.143452136329128,0,6,2,1.0,1
466.32,3,0.2,34.974,7.5,4,East,Consumer,Furniture,Furnishings,Standard Class,June,Monday,6.147014247848948,0,6,1,0.8065522620904836,1
82.64,2,0.2,0.0,0.0,4,East,Consumer,Furniture,Furnishings,Standard Class,June,Monday,4.426521874560433,0,6,1,0.8065522620904836,0
330.59,1,0.4,-143.2548,-43.333071175776645,6,East,Home Office,Furniture,Tables,Standard Class,March,Friday,5.803899265990974,1,3,5,0.3627906976744186,0
25.13,3,0.6,-6.9102,-27.497811380819737,6,Central,Consumer,Furniture,Furnishings,Standard Class,November,Wednesday,3.263084079532521,1,11,3,0.8065522620904836,0
127.98,2,0.2,25.5968,20.000625097671513,6,Central,Consumer,Technology,Accessories,Standard Class,November,Wednesday,4.859657353582231,0,11,3,0.872,1
131.88,7,0.0,55.3896,42.00000000000001,2,West,Corporate,Furniture,Furnishings,First Class,September,Sunday,4.889446465305039,0,9,7,0.8065522620904836,1
25.03,3,0.2,7.8225,31.252497003595682,2,West,Corporate,Office Supplies,Binders,First Class,September,Sunday,3.259249719006474,0,9,7,0.6011730205278593,1
717.72,3,0.2,71.772,10.0,2,West,Corporate,Furniture,Chairs,First Class,September,Sunday,6.5774718521100235,0,9,7,0.6042154566744731,1
207.35,5,0.0,24.882,12.000000000000002,2,West,Corporate,Furniture,Furnishings,First Class,September,Sunday,5.339219357868463,0,9,7,0.8065522620904836,1
44.67,3,0.0,12.0609,27.0,2,West,Corporate,Furniture,Furnishings,First Class,September,Sunday,3.821441627196908,0,9,7,0.8065522620904836,1
209.7,2,0.0,100.656,48.00000000000001,2,West,Corporate,Office Supplies,Paper,First Class,September,Sunday,5.350435320810143,0,9,7,1.0,1
115.36,7,0.0,56.5264,49.00000000000001,4,South,Corporate,Office Supplies,Binders,Standard Class,April,Saturday,4.756688833627001,0,4,6,0.6011730205278593,1
362.14,3,0.2,-54.3204,-14.999834318219474,2,West,Corporate,Furniture,Chairs,First Class,October,Saturday,5.894788434842521,0,10,6,0.6042154566744731,0
31.05,3,0.0,14.904,48.0,2,West,Corporate,Office Supplies,Labels,First Class,October,Saturday,3.467297183366679,0,10,6,1.0,1
39.98,1,0.0,17.991,45.0,5,East,Consumer,Office Supplies,Envelopes,Standard Class,September,Thursday,3.7130841428107537,0,9,4,1.0,1
528.43,5,0.3,-143.431,-27.142857142857146,4,Central,Corporate,Furniture,Chairs,Standard Class,March,Tuesday,6.271800956113388,1,3,2,0.6042154566744731,0
22.39,7,0.8,-35.8176,-159.97141581062974,4,Central,Corporate,Office Supplies,Binders,Standard Class,March,Tuesday,3.1523085805960878,1,3,2,0.6011730205278593,0
5.74,3,0.7,-4.5936,-80.02787456445994,6,East,Home Office,Office Supplies,Binders,Standard Class,November,Monday,1.9080599249242156,1,11,1,0.6011730205278593,0
49.85,3,0.2,16.8237,33.748645937813436,3,East,Corporate,Office Supplies,Binders,First Class,March,Friday,3.928880122494569,0,3,5,0.6011730205278593,1
23.99,1,0.0,11.995,50.0,3,East,Corporate,Office Supplies,Envelopes,First Class,March,Friday,3.218475744846861,0,3,5,1.0,1
1087.94,8,0.2,353.5792,32.499880508116256,3,East,Corporate,Office Supplies,Binders,First Class,March,Friday,6.992960024996364,0,3,5,0.6011730205278593,1
199.98,2,0.0,53.9946,27.0,3,East,Corporate,Technology,Phones,First Class,March,Friday,5.303205400620812,0,3,5,0.8521008403361344,1
83.92,4,0.0,20.1408,24.0,3,East,Corporate,Office Supplies,Storage,First Class,March,Friday,4.441709636835055,0,3,5,0.7795698924731183,1
24.27,3,0.0,8.7372,36.0,0,West,Consumer,Furniture,Furnishings,Same Day,September,Sunday,3.2296179214001026,0,9,7,0.8065522620904836,1
2799.96,5,0.2,944.9865,33.75,0,West,Consumer,Technology,Copiers,Same Day,September,Sunday,7.937717494544073,0,9,7,1.0,1
9.87,2,0.2,3.4552,35.00709219858156,4,West,Consumer,Office Supplies,Binders,Standard Class,November,Friday,2.386006701133118,0,11,5,0.6011730205278593,1
683.33,4,0.15,-40.196,-5.882370157903209,4,West,Consumer,Furniture,Bookcases,Standard Class,November,Friday,6.528440257418357,0,11,5,0.5263157894736842,0
29.96,7,0.0,13.482,44.99999999999999,4,West,Consumer,Office Supplies,Paper,Standard Class,November,Friday,3.4326960487215263,0,11,5,1.0,1
164.85,3,0.0,47.8065,29.000000000000004,3,East,Consumer,Technology,Phones,First Class,July,Friday,5.111083765393062,0,7,5,0.8521008403361344,1
33.53,3,0.2,2.5146,7.499552639427379,5,East,Consumer,Office Supplies,Appliances,Standard Class,April,Thursday,3.541828511401901,0,4,4,0.867109634551495,1
36.74,3,0.2,3.6744,10.001088731627652,5,East,Consumer,Office Supplies,Storage,Standard Class,April,Thursday,3.630720539940404,0,4,4,0.7795698924731183,1
71.09,2,0.2,-1.7772,-2.4999296666197774,3,West,Corporate,Furniture,Tables,Second Class,June,Friday,4.277915338416487,0,6,5,0.3627906976744186,0
60.35,5,0.0,19.9155,33.0,5,East,Corporate,Furniture,Furnishings,Standard Class,December,Monday,4.116595171156921,0,12,1,0.8065522620904836,1
35.52,4,0.0,9.9456,27.999999999999996,5,East,Corporate,Office Supplies,Supplies,Standard Class,December,Monday,3.597860055726768,0,12,1,0.816793893129771,1
11.2,7,0.0,4.816,43.0,5,East,Corporate,Office Supplies,Art,Standard Class,December,Monday,2.501435951739211,0,12,1,1.0,1
998.82,9,0.0,29.9646,3.0,6,West,Consumer,Office Supplies,Storage,Standard Class,December,Sunday,6.907575262780193,0,12,7,0.7795698924731183,1
51.15,5,0.0,13.299,26.0,6,West,Consumer,Office Supplies,Supplies,Standard Class,December,Sunday,3.9541241814467813,0,12,7,0.816793893129771,1
40.74,3,0.0,0.4074,0.9999999999999999,5,West,Home Office,Office Supplies,Storage,Second Class,April,Sunday,3.7314599016490546,0,4,7,0.7795698924731183,1
3.42,1,0.2,1.07,31.28654970760234,4,East,Corporate,Office Supplies,Paper,Standard Class,March,Sunday,1.4861396960896067,0,3,7,1.0,1
151.2,3,0.2,32.13,21.250000000000004,4,East,Corporate,Technology,Accessories,Standard Class,March,Sunday,5.025195445427586,0,3,7,0.872,1
55.26,2,0.2,20.724,37.502714440825194,2,West,Corporate,Office Supplies,Binders,Second Class,December,Monday,4.029983803061711,0,12,1,0.6011730205278593,1
6.48,1,0.0,3.1104,47.99999999999999,2,West,Corporate,Office Supplies,Paper,Second Class,December,Monday,2.012232791986386,0,12,1,1.0,1
34.25,3,0.2,11.5587,33.74802919708029,2,West,Corporate,Office Supplies,Binders,Second Class,December,Monday,3.5624655292582776,0,12,1,0.6011730205278593,1
273.57,2,0.2,10.2588,3.749972584713236,2,West,Corporate,Furniture,Tables,Second Class,December,Monday,5.615206237547758,0,12,1,0.3627906976744186,1
46.35,5,0.0,21.7845,47.0,6,East,Home Office,Office Supplies,Paper,Standard Class,November,Tuesday,3.8575668196320874,0,11,2,1.0,1
223.92,4,0.0,109.7208,49.0,6,East,Home Office,Office Supplies,Paper,Standard Class,November,Tuesday,5.415744783424001,0,11,2,1.0,1
7.3,2,0.0,2.19,30.0,6,East,Home Office,Office Supplies,Supplies,Standard Class,November,Tuesday,2.1162555148025524,0,11,2,0.816793893129771,1
65.58,2,0.2,23.7742,36.252211039951206,3,Central,Home Office,Office Supplies,Paper,First Class,March,Thursday,4.198404232146879,0,3,4,1.0,1
383.47,4,0.32,-67.6704,-17.646856338175084,3,Central,Home Office,Furniture,Bookcases,First Class,March,Thursday,5.951865762494692,1,3,4,0.5263157894736842,0
10.37,2,0.2,3.6288,34.993249758919966,0,East,Consumer,Office Supplies,Paper,Same Day,July,Sunday,2.4309783077624445,0,7,7,1.0,1
13.4,1,0.0,6.432,48.00000000000001,5,East,Corporate,Furniture,Furnishings,Second Class,December,Monday,2.667228206581955,0,12,1,0.8065522620904836,1
4.98,1,0.0,2.3406,46.99999999999999,5,East,Corporate,Office Supplies,Paper,Second Class,December,Monday,1.7884205679625405,0,12,1,1.0,1
109.69,7,0.0,51.5543,47.0,5,East,Corporate,Office Supplies,Envelopes,Second Class,December,Monday,4.706733501397532,0,12,1,1.0,1
119.56,2,0.0,54.9976,46.0,4,South,Home Office,Office Supplies,Binders,Standard Class,June,Sunday,4.79214755431824,0,6,7,0.6011730205278593,1
140.75,5,0.0,42.225,30.0,4,South,Home Office,Office Supplies,Art,Standard Class,June,Sunday,4.954064942607862,0,6,7,1.0,1
99.57,2,0.2,33.6042,33.74932208496535,6,Central,Consumer,Office Supplies,Envelopes,Standard Class,September,Sunday,4.610854002456389,0,9,7,1.0,1
271.96,5,0.2,27.196,10.000000000000002,4,West,Home Office,Technology,Phones,Standard Class,December,Tuesday,5.6093252643033145,0,12,2,0.8521008403361344,1
18.69,7,0.0,5.2332,27.999999999999996,4,West,Home Office,Office Supplies,Art,Standard Class,December,Tuesday,2.9801108926510342,0,12,2,1.0,1
13.36,2,0.0,6.4128,48.0,4,West,Home Office,Office Supplies,Paper,Standard Class,December,Tuesday,2.664446563620078,0,12,2,1.0,1
249.58,2,0.2,31.198,12.50020033656543,4,West,Home Office,Technology,Phones,Standard Class,December,Tuesday,5.523778230817407,0,12,2,0.8521008403361344,1
13.86,7,0.0,0.0,0.0,4,West,Home Office,Office Supplies,Fasteners,Standard Class,December,Tuesday,2.698673039289613,0,12,2,0.9019607843137255,0
13.38,4,0.2,4.6816,34.98953662182362,4,West,Home Office,Office Supplies,Binders,Standard Class,December,Tuesday,2.6658383522929006,0,12,2,0.6011730205278593,1
437.47,14,0.2,153.1152,35.00016001097217,4,West,Home Office,Office Supplies,Binders,Standard Class,December,Tuesday,6.0832913944205105,0,12,2,0.6011730205278593,1
85.98,1,0.0,22.3548,26.0,3,South,Consumer,Furniture,Tables,Second Class,September,Sunday,4.465678207169493,0,9,7,0.3627906976744186,1
35.56,7,0.0,16.7132,47.0,6,Central,Consumer,Office Supplies,Paper,Standard Class,September,Thursday,3.5989547465859495,0,9,4,1.0,1
97.98,2,0.0,27.4344,27.999999999999996,6,Central,Consumer,Technology,Phones,Standard Class,September,Thursday,4.59491780952374,0,9,4,0.8521008403361344,1
31.5,10,0.0,15.12,48.0,6,East,Consumer,Office Supplies,Labels,Standard Class,May,Sunday,3.481240089335692,0,5,7,1.0,1
55.6,4,0.0,16.124,28.999999999999996,6,East,Consumer,Office Supplies,Supplies,Standard Class,May,Sunday,4.036008985209137,0,5,7,0.816793893129771,1
36.24,1,0.0,15.2208,42.0,4,West,Consumer,Technology,Accessories,Standard Class,September,Thursday,3.617383452408866,0,9,4,0.872,1
25.25,3,0.2,4.1028,16.24871287128713,2,South,Consumer,Furniture,Furnishings,Second Class,January,Tuesday,3.2676659890376327,0,1,2,0.8065522620904836,1
